# Original Yellow Coast study. Y up; 1 unit = 1 metre.
mtllib Coastline.mtl
o Vegetation
usemtl Grass
v -1.78756 0.98000 -1.84688
v -1.63763 0.98000 -1.84222
v -1.71082 1.21766 -1.80179
f 1 2 3
usemtl Grass
v -1.71082 1.21766 -1.80179
v -1.63763 0.98000 -1.84222
v -1.78756 0.98000 -1.84688
f 4 5 6
usemtl GrassDark
v -1.71047 0.98000 -1.91952
v -1.71471 0.98000 -1.76958
v -1.66455 1.18025 -1.84557
f 7 8 9
usemtl GrassDark
v -1.66455 1.18025 -1.84557
v -1.71471 0.98000 -1.76958
v -1.71047 0.98000 -1.91952
f 10 11 12
usemtl GrassDark
v -1.65877 0.98000 -1.89678
v -1.76642 0.98000 -1.79232
v -1.67816 1.18604 -1.87117
f 13 14 15
usemtl GrassDark
v -1.67816 1.18604 -1.87117
v -1.76642 0.98000 -1.79232
v -1.65877 0.98000 -1.89678
f 16 17 18
usemtl GrassDark
v -1.75540 0.98000 -1.80811
v -1.66217 0.98000 -1.69061
v -1.65775 1.25148 -1.71899
f 19 20 21
usemtl GrassDark
v -1.65775 1.25148 -1.71899
v -1.66217 0.98000 -1.69061
v -1.75540 0.98000 -1.80811
f 22 23 24
usemtl GrassLight
v -1.68739 0.98000 -1.82124
v -1.73019 0.98000 -1.67748
v -1.66552 1.16812 -1.75902
f 25 26 27
usemtl GrassLight
v -1.66552 1.16812 -1.75902
v -1.73019 0.98000 -1.67748
v -1.68739 0.98000 -1.82124
f 28 29 30
usemtl GrassDark
v -1.63722 0.98000 -1.77177
v -1.78036 0.98000 -1.72695
v -1.68088 1.36908 -1.81619
f 31 32 33
usemtl GrassDark
v -1.68088 1.36908 -1.81619
v -1.78036 0.98000 -1.72695
v -1.63722 0.98000 -1.77177
f 34 35 36
usemtl GrassLight
v -2.41183 0.98000 -2.15557
v -2.32752 0.98000 -2.03151
v -2.32402 1.21002 -2.07027
f 37 38 39
usemtl GrassLight
v -2.32402 1.21002 -2.07027
v -2.32752 0.98000 -2.03151
v -2.41183 0.98000 -2.15557
f 40 41 42
usemtl GrassDark
v -2.33577 0.98000 -2.16044
v -2.40358 0.98000 -2.02665
v -2.32759 1.17658 -2.10954
f 43 44 45
usemtl GrassDark
v -2.32759 1.17658 -2.10954
v -2.40358 0.98000 -2.02665
v -2.33577 0.98000 -2.16044
f 46 47 48
usemtl GrassDark
v -2.29828 0.98000 -2.11652
v -2.44107 0.98000 -2.07057
v -2.35546 1.17342 -2.12669
f 49 50 51
usemtl GrassDark
v -2.35546 1.17342 -2.12669
v -2.44107 0.98000 -2.07057
v -2.29828 0.98000 -2.11652
f 52 53 54
usemtl GrassDark
v -1.96331 0.98000 -1.98342
v -1.81439 0.98000 -1.96542
v -1.88283 1.18882 -1.93711
f 55 56 57
usemtl GrassDark
v -1.88283 1.18882 -1.93711
v -1.81439 0.98000 -1.96542
v -1.96331 0.98000 -1.98342
f 58 59 60
usemtl GrassDark
v -1.88286 0.98000 -2.04918
v -1.89483 0.98000 -1.89966
v -1.83397 1.20939 -1.97772
f 61 62 63
usemtl GrassDark
v -1.83397 1.20939 -1.97772
v -1.89483 0.98000 -1.89966
v -1.88286 0.98000 -2.04918
f 64 65 66
usemtl GrassLight
v -1.81698 0.98000 -1.99588
v -1.96071 0.98000 -1.95297
v -1.87528 1.17768 -2.00852
f 67 68 69
usemtl GrassLight
v -1.87528 1.17768 -2.00852
v -1.96071 0.98000 -1.95297
v -1.81698 0.98000 -1.99588
f 70 71 72
usemtl GrassDark
v -2.17002 0.98000 -2.30401
v -2.08573 0.98000 -2.17994
v -2.08757 1.18305 -2.22144
f 73 74 75
usemtl GrassDark
v -2.08757 1.18305 -2.22144
v -2.08573 0.98000 -2.17994
v -2.17002 0.98000 -2.30401
f 76 77 78
usemtl Grass
v -2.15824 0.98000 -2.31056
v -2.09751 0.98000 -2.17340
v -2.09006 1.15232 -2.22942
f 79 80 81
usemtl Grass
v -2.09006 1.15232 -2.22942
v -2.09751 0.98000 -2.17340
v -2.15824 0.98000 -2.31056
f 82 83 84
usemtl GrassLight
v -2.07980 0.98000 -2.29954
v -2.17595 0.98000 -2.18441
v -2.05920 1.35280 -2.28499
f 85 86 87
usemtl GrassLight
v -2.05920 1.35280 -2.28499
v -2.17595 0.98000 -2.18441
v -2.07980 0.98000 -2.29954
f 88 89 90
usemtl Grass
v -1.84068 0.98000 -2.03819
v -1.69093 0.98000 -2.02961
v -1.76085 1.34120 -1.96899
f 91 92 93
usemtl Grass
v -1.76085 1.34120 -1.96899
v -1.69093 0.98000 -2.02961
v -1.84068 0.98000 -2.03819
f 94 95 96
usemtl GrassLight
v -1.73877 0.98000 -2.10385
v -1.79284 0.98000 -1.96394
v -1.70373 1.25730 -2.05189
f 97 98 99
usemtl GrassLight
v -1.70373 1.25730 -2.05189
v -1.79284 0.98000 -1.96394
v -1.73877 0.98000 -2.10385
f 100 101 102
usemtl GrassDark
v -1.69725 0.98000 -2.06432
v -1.83436 0.98000 -2.00347
v -1.75030 1.13928 -2.06010
f 103 104 105
usemtl GrassDark
v -1.75030 1.13928 -2.06010
v -1.83436 0.98000 -2.00347
v -1.69725 0.98000 -2.06432
f 106 107 108
usemtl GrassLight
v -1.94361 0.98000 -2.04815
v -1.82955 0.98000 -1.95073
v -1.85587 1.17703 -1.97247
f 109 110 111
usemtl GrassLight
v -1.85587 1.17703 -1.97247
v -1.82955 0.98000 -1.95073
v -1.94361 0.98000 -2.04815
f 112 113 114
usemtl GrassLight
v -1.85559 0.98000 -2.06774
v -1.91758 0.98000 -1.93114
v -1.82441 1.26447 -2.02060
f 115 116 117
usemtl GrassLight
v -1.82441 1.26447 -2.02060
v -1.91758 0.98000 -1.93114
v -1.85559 0.98000 -2.06774
f 118 119 120
usemtl GrassLight
v -1.81225 0.98000 -2.00939
v -1.96092 0.98000 -1.98949
v -1.88054 1.16975 -2.03329
f 121 122 123
usemtl GrassLight
v -1.88054 1.16975 -2.03329
v -1.96092 0.98000 -1.98949
v -1.81225 0.98000 -2.00939
f 124 125 126
usemtl Grass
v -2.01320 0.98000 -2.43156
v -1.86617 0.98000 -2.40189
v -1.92995 1.18507 -2.38055
f 127 128 129
usemtl Grass
v -1.92995 1.18507 -2.38055
v -1.86617 0.98000 -2.40189
v -2.01320 0.98000 -2.43156
f 130 131 132
usemtl Grass
v -1.97029 0.98000 -2.48520
v -1.90909 0.98000 -2.34825
v -1.90098 1.15664 -2.40375
f 133 134 135
usemtl Grass
v -1.90098 1.15664 -2.40375
v -1.90909 0.98000 -2.34825
v -1.97029 0.98000 -2.48520
f 136 137 138
usemtl GrassLight
v -1.89563 0.98000 -2.47742
v -1.98375 0.98000 -2.35603
v -1.88654 1.25367 -2.44567
f 139 140 141
usemtl GrassLight
v -1.88654 1.25367 -2.44567
v -1.98375 0.98000 -2.35603
v -1.89563 0.98000 -2.47742
f 142 143 144
usemtl Grass
v -2.26545 0.98000 -2.22901
v -2.17077 0.98000 -2.11267
v -2.14990 1.34645 -2.12920
f 145 146 147
usemtl Grass
v -2.14990 1.34645 -2.12920
v -2.17077 0.98000 -2.11267
v -2.26545 0.98000 -2.22901
f 148 149 150
usemtl GrassLight
v -2.22270 0.98000 -2.24570
v -2.21352 0.98000 -2.09598
v -2.15950 1.22466 -2.16814
f 151 152 153
usemtl GrassLight
v -2.15950 1.22466 -2.16814
v -2.21352 0.98000 -2.09598
v -2.22270 0.98000 -2.24570
f 154 155 156
usemtl Grass
v -2.14321 0.98000 -2.17477
v -2.29300 0.98000 -2.16691
v -2.21407 1.30111 -2.22856
f 157 158 159
usemtl Grass
v -2.21407 1.30111 -2.22856
v -2.29300 0.98000 -2.16691
v -2.14321 0.98000 -2.17477
f 160 161 162
usemtl GrassDark
v -0.76036 0.98000 -2.42402
v -0.61180 0.98000 -2.40331
v -0.67333 1.36459 -2.34510
f 163 164 165
usemtl GrassDark
v -0.67333 1.36459 -2.34510
v -0.61180 0.98000 -2.40331
v -0.76036 0.98000 -2.42402
f 166 167 168
usemtl Grass
v -0.71130 0.98000 -2.48430
v -0.66086 0.98000 -2.34303
v -0.64493 1.16204 -2.40265
f 169 170 171
usemtl Grass
v -0.64493 1.16204 -2.40265
v -0.66086 0.98000 -2.34303
v -0.71130 0.98000 -2.48430
f 172 173 174
usemtl Grass
v -0.62305 0.98000 -2.45432
v -0.74910 0.98000 -2.37301
v -0.65078 1.25130 -2.45470
f 175 176 177
usemtl Grass
v -0.65078 1.25130 -2.45470
v -0.74910 0.98000 -2.37301
v -0.62305 0.98000 -2.45432
f 178 179 180
usemtl Grass
v -1.45068 0.98000 -1.96210
v -1.30315 0.98000 -1.93496
v -1.36770 1.19220 -1.91096
f 181 182 183
usemtl Grass
v -1.36770 1.19220 -1.91096
v -1.30315 0.98000 -1.93496
v -1.45068 0.98000 -1.96210
f 184 185 186
usemtl GrassDark
v -1.39752 0.98000 -2.02064
v -1.35631 0.98000 -1.87642
v -1.31342 1.25517 -1.93492
f 187 188 189
usemtl GrassDark
v -1.31342 1.25517 -1.93492
v -1.35631 0.98000 -1.87642
v -1.39752 0.98000 -2.02064
f 190 191 192
usemtl GrassLight
v -1.30201 0.98000 -1.95239
v -1.45182 0.98000 -1.94467
v -1.37262 1.32838 -2.01115
f 193 194 195
usemtl GrassLight
v -1.37262 1.32838 -2.01115
v -1.45182 0.98000 -1.94467
v -1.30201 0.98000 -1.95239
f 196 197 198
usemtl GrassLight
v -0.64793 0.98000 -2.02203
v -0.54402 0.98000 -1.91385
v -0.54960 1.24798 -1.93452
f 199 200 201
usemtl GrassLight
v -0.54960 1.24798 -1.93452
v -0.54402 0.98000 -1.91385
v -0.64793 0.98000 -2.02203
f 202 203 204
usemtl GrassDark
v -0.59731 0.98000 -2.04293
v -0.59464 0.98000 -1.89295
v -0.51853 1.30276 -1.96691
f 205 206 207
usemtl GrassDark
v -0.51853 1.30276 -1.96691
v -0.59464 0.98000 -1.89295
v -0.59731 0.98000 -2.04293
f 208 209 210
usemtl GrassLight
v -0.53755 0.98000 -2.01496
v -0.65441 0.98000 -1.92092
v -0.56545 1.18292 -1.99640
f 211 212 213
usemtl GrassLight
v -0.56545 1.18292 -1.99640
v -0.65441 0.98000 -1.92092
v -0.53755 0.98000 -2.01496
f 214 215 216
usemtl GrassDark
v -1.25994 0.98000 -2.05674
v -1.13808 0.98000 -1.96927
v -1.16292 1.23788 -1.97529
f 217 218 219
usemtl GrassDark
v -1.16292 1.23788 -1.97529
v -1.13808 0.98000 -1.96927
v -1.25994 0.98000 -2.05674
f 220 221 222
usemtl GrassDark
v -1.20727 0.98000 -2.08755
v -1.19075 0.98000 -1.93846
v -1.14703 1.19791 -2.00868
f 223 224 225
usemtl GrassDark
v -1.14703 1.19791 -2.00868
v -1.19075 0.98000 -1.93846
v -1.20727 0.98000 -2.08755
f 226 227 228
usemtl Grass
v -1.12685 0.98000 -2.03344
v -1.27117 0.98000 -1.99257
v -1.18811 1.14677 -2.04189
f 229 230 231
usemtl Grass
v -1.18811 1.14677 -2.04189
v -1.27117 0.98000 -1.99257
v -1.12685 0.98000 -2.03344
f 232 233 234
usemtl Grass
v -1.48651 0.98000 -1.88102
v -1.34229 0.98000 -1.83978
v -1.39944 1.20667 -1.82117
f 235 236 237
usemtl Grass
v -1.39944 1.20667 -1.82117
v -1.34229 0.98000 -1.83978
v -1.48651 0.98000 -1.88102
f 238 239 240
usemtl Grass
v -1.43751 0.98000 -1.93175
v -1.39129 0.98000 -1.78905
v -1.37336 1.15977 -1.85043
f 241 242 243
usemtl Grass
v -1.37336 1.15977 -1.85043
v -1.39129 0.98000 -1.78905
v -1.43751 0.98000 -1.93175
f 244 245 246
usemtl GrassDark
v -1.34100 0.98000 -1.87580
v -1.48780 0.98000 -1.84500
v -1.40319 1.20735 -1.90045
f 247 248 249
usemtl GrassDark
v -1.40319 1.20735 -1.90045
v -1.48780 0.98000 -1.84500
v -1.34100 0.98000 -1.87580
f 250 251 252
usemtl GrassDark
v -0.68646 0.98000 -2.37149
v -0.59110 0.98000 -2.25570
v -0.58032 1.29553 -2.27749
f 253 254 255
usemtl GrassDark
v -0.58032 1.29553 -2.27749
v -0.59110 0.98000 -2.25570
v -0.68646 0.98000 -2.37149
f 256 257 258
usemtl GrassLight
v -0.61134 0.98000 -2.38340
v -0.66623 0.98000 -2.24380
v -0.56210 1.32331 -2.33621
f 259 260 261
usemtl GrassLight
v -0.56210 1.32331 -2.33621
v -0.66623 0.98000 -2.24380
v -0.61134 0.98000 -2.38340
f 262 263 264
usemtl Grass
v -0.56433 0.98000 -2.32268
v -0.71323 0.98000 -2.30451
v -0.62765 1.36291 -2.38201
f 265 266 267
usemtl Grass
v -0.62765 1.36291 -2.38201
v -0.71323 0.98000 -2.30451
v -0.56433 0.98000 -2.32268
f 268 269 270
usemtl Grass
v -1.18166 0.98000 -1.99097
v -1.03591 0.98000 -1.95551
v -1.08739 1.35709 -1.90729
f 271 272 273
usemtl Grass
v -1.08739 1.35709 -1.90729
v -1.03591 0.98000 -1.95551
v -1.18166 0.98000 -1.99097
f 274 275 276
usemtl GrassDark
v -1.08841 0.98000 -2.04542
v -1.12916 0.98000 -1.90106
v -1.03846 1.28447 -1.98813
f 277 278 279
usemtl GrassDark
v -1.03846 1.28447 -1.98813
v -1.12916 0.98000 -1.90106
v -1.08841 0.98000 -2.04542
f 280 281 282
usemtl GrassLight
v -1.05979 0.98000 -2.03002
v -1.15778 0.98000 -1.91646
v -1.07669 1.15664 -1.99401
f 283 284 285
usemtl GrassLight
v -1.07669 1.15664 -1.99401
v -1.15778 0.98000 -1.91646
v -1.05979 0.98000 -2.03002
f 286 287 288
usemtl GrassLight
v -0.98797 0.98000 -2.31699
v -0.84166 0.98000 -2.28393
v -0.90089 1.24312 -2.25426
f 289 290 291
usemtl GrassLight
v -0.90089 1.24312 -2.25426
v -0.84166 0.98000 -2.28393
v -0.98797 0.98000 -2.31699
f 292 293 294
usemtl GrassLight
v -0.90643 0.98000 -2.37499
v -0.92319 0.98000 -2.22593
v -0.87049 1.16582 -2.30420
f 295 296 297
usemtl GrassLight
v -0.87049 1.16582 -2.30420
v -0.92319 0.98000 -2.22593
v -0.90643 0.98000 -2.37499
f 298 299 300
usemtl GrassLight
v -0.85053 0.98000 -2.33909
v -0.97910 0.98000 -2.26183
v -0.86758 1.36210 -2.35941
f 301 302 303
usemtl GrassLight
v -0.86758 1.36210 -2.35941
v -0.97910 0.98000 -2.26183
v -0.85053 0.98000 -2.33909
f 304 305 306
usemtl GrassDark
v -1.07081 0.98000 -1.60423
v -0.92334 0.98000 -1.57680
v -0.98161 1.33229 -1.52817
f 307 308 309
usemtl GrassDark
v -0.98161 1.33229 -1.52817
v -0.92334 0.98000 -1.57680
v -1.07081 0.98000 -1.60423
f 310 311 312
usemtl GrassLight
v -1.03173 0.98000 -1.65703
v -0.96242 0.98000 -1.52400
v -0.96160 1.14665 -1.57665
f 313 314 315
usemtl GrassLight
v -0.96160 1.14665 -1.57665
v -0.96242 0.98000 -1.52400
v -1.03173 0.98000 -1.65703
f 316 317 318
usemtl GrassDark
v -0.92355 0.98000 -1.60531
v -1.07060 0.98000 -1.57572
v -0.98235 1.29097 -1.64539
f 319 320 321
usemtl GrassDark
v -0.98235 1.29097 -1.64539
v -1.07060 0.98000 -1.57572
v -0.92355 0.98000 -1.60531
f 322 323 324
usemtl Grass
v -1.14779 0.98000 -1.79387
v -1.01012 0.98000 -1.73431
v -1.05889 1.19056 -1.72930
f 325 326 327
usemtl Grass
v -1.05889 1.19056 -1.72930
v -1.01012 0.98000 -1.73431
v -1.14779 0.98000 -1.79387
f 328 329 330
usemtl GrassLight
v -1.07237 0.98000 -1.83880
v -1.08553 0.98000 -1.68938
v -1.02689 1.19778 -1.76753
f 331 332 333
usemtl GrassLight
v -1.02689 1.19778 -1.76753
v -1.08553 0.98000 -1.68938
v -1.07237 0.98000 -1.83880
f 334 335 336
usemtl Grass
v -1.02270 0.98000 -1.81370
v -1.13520 0.98000 -1.71448
v -1.01691 1.37083 -1.81685
f 337 338 339
usemtl Grass
v -1.01691 1.37083 -1.81685
v -1.13520 0.98000 -1.71448
v -1.02270 0.98000 -1.81370
f 340 341 342
usemtl GrassDark
v -3.02263 0.98000 -1.03996
v -2.88306 0.98000 -0.98500
v -2.93260 1.21023 -0.97392
f 343 344 345
usemtl GrassDark
v -2.93260 1.21023 -0.97392
v -2.88306 0.98000 -0.98500
v -3.02263 0.98000 -1.03996
f 346 347 348
usemtl Grass
v -2.97737 0.98000 -1.08336
v -2.92833 0.98000 -0.94160
v -2.86389 1.37222 -0.98940
f 349 350 351
usemtl Grass
v -2.86389 1.37222 -0.98940
v -2.92833 0.98000 -0.94160
v -2.97737 0.98000 -1.08336
f 352 353 354
usemtl Grass
v -2.90022 0.98000 -1.06592
v -3.00547 0.98000 -0.95904
v -2.90699 1.24816 -1.04635
f 355 356 357
usemtl Grass
v -2.90699 1.24816 -1.04635
v -3.00547 0.98000 -0.95904
v -2.90022 0.98000 -1.06592
f 358 359 360
usemtl GrassDark
v -3.29999 0.98000 -1.23469
v -3.21636 0.98000 -1.11016
v -3.22482 1.14741 -1.15563
f 361 362 363
usemtl GrassDark
v -3.22482 1.14741 -1.15563
v -3.21636 0.98000 -1.11016
v -3.29999 0.98000 -1.23469
f 364 365 366
usemtl Grass
v -3.25138 0.98000 -1.24712
v -3.26497 0.98000 -1.09774
v -3.16299 1.37823 -1.17892
f 367 368 369
usemtl Grass
v -3.16299 1.37823 -1.17892
v -3.26497 0.98000 -1.09774
v -3.25138 0.98000 -1.24712
f 370 371 372
usemtl GrassDark
v -3.20655 0.98000 -1.22683
v -3.30980 0.98000 -1.11803
v -3.21001 1.25667 -1.20671
f 373 374 375
usemtl GrassDark
v -3.21001 1.25667 -1.20671
v -3.30980 0.98000 -1.11803
v -3.20655 0.98000 -1.22683
f 376 377 378
usemtl GrassLight
v -3.35587 0.98000 -0.80113
v -3.22809 0.98000 -0.72256
v -3.27053 1.15065 -0.73568
f 379 380 381
usemtl GrassLight
v -3.27053 1.15065 -0.73568
v -3.22809 0.98000 -0.72256
v -3.35587 0.98000 -0.80113
f 382 383 384
usemtl GrassLight
v -3.27455 0.98000 -0.83479
v -3.30940 0.98000 -0.68890
v -3.20185 1.36611 -0.77799
f 385 386 387
usemtl GrassLight
v -3.20185 1.36611 -0.77799
v -3.30940 0.98000 -0.68890
v -3.27455 0.98000 -0.83479
f 388 389 390
usemtl Grass
v -3.22302 0.98000 -0.79135
v -3.36093 0.98000 -0.73234
v -3.25763 1.34380 -0.82205
f 391 392 393
usemtl Grass
v -3.25763 1.34380 -0.82205
v -3.36093 0.98000 -0.73234
v -3.22302 0.98000 -0.79135
f 394 395 396
usemtl Grass
v -3.37128 0.98000 -0.81998
v -3.22132 0.98000 -0.81671
v -3.29496 1.23635 -0.77222
f 397 398 399
usemtl Grass
v -3.29496 1.23635 -0.77222
v -3.22132 0.98000 -0.81671
v -3.37128 0.98000 -0.81998
f 400 401 402
usemtl Grass
v -3.29303 0.98000 -0.89328
v -3.29957 0.98000 -0.74342
v -3.21066 1.33717 -0.82115
f 403 404 405
usemtl Grass
v -3.21066 1.33717 -0.82115
v -3.29957 0.98000 -0.74342
v -3.29303 0.98000 -0.89328
f 406 407 408
usemtl GrassDark
v -3.23853 0.98000 -0.86618
v -3.35407 0.98000 -0.77052
v -3.24382 1.32287 -0.86589
f 409 410 411
usemtl GrassDark
v -3.24382 1.32287 -0.86589
v -3.35407 0.98000 -0.77052
v -3.23853 0.98000 -0.86618
f 412 413 414
usemtl GrassDark
v -3.14648 0.98000 -1.23101
v -3.02093 0.98000 -1.14892
v -3.04114 1.30408 -1.14114
f 415 416 417
usemtl GrassDark
v -3.04114 1.30408 -1.14114
v -3.02093 0.98000 -1.14892
v -3.14648 0.98000 -1.23101
f 418 419 420
usemtl GrassDark
v -3.08285 0.98000 -1.26496
v -3.08456 0.98000 -1.11497
v -3.02216 1.23647 -1.19049
f 421 422 423
usemtl GrassDark
v -3.02216 1.23647 -1.19049
v -3.08456 0.98000 -1.11497
v -3.08285 0.98000 -1.26496
f 424 425 426
usemtl Grass
v -3.00928 0.98000 -1.19927
v -3.15812 0.98000 -1.18066
v -3.07348 1.32337 -1.25130
f 427 428 429
usemtl Grass
v -3.07348 1.32337 -1.25130
v -3.15812 0.98000 -1.18066
v -3.00928 0.98000 -1.19927
f 430 431 432
usemtl GrassDark
v -3.22015 0.98000 -0.99443
v -3.07136 0.98000 -0.97535
v -3.13592 1.30228 -0.92735
f 433 434 435
usemtl GrassDark
v -3.13592 1.30228 -0.92735
v -3.07136 0.98000 -0.97535
v -3.22015 0.98000 -0.99443
f 436 437 438
usemtl GrassLight
v -3.13354 0.98000 -1.05889
v -3.15797 0.98000 -0.91089
v -3.07325 1.28622 -0.99387
f 439 440 441
usemtl GrassLight
v -3.07325 1.28622 -0.99387
v -3.15797 0.98000 -0.91089
v -3.13354 0.98000 -1.05889
f 442 443 444
usemtl GrassLight
v -3.08180 0.98000 -1.02406
v -3.20971 0.98000 -0.94572
v -3.11944 1.18990 -1.01711
f 445 446 447
usemtl GrassLight
v -3.11944 1.18990 -1.01711
v -3.20971 0.98000 -0.94572
v -3.08180 0.98000 -1.02406
f 448 449 450
usemtl Grass
v -2.94300 0.98000 -0.69511
v -2.81077 0.98000 -0.62429
v -2.84250 1.28343 -0.61155
f 451 452 453
usemtl Grass
v -2.84250 1.28343 -0.61155
v -2.81077 0.98000 -0.62429
v -2.94300 0.98000 -0.69511
f 454 455 456
usemtl GrassLight
v -2.90174 0.98000 -0.73046
v -2.85203 0.98000 -0.58894
v -2.79134 1.35779 -0.63716
f 457 458 459
usemtl GrassLight
v -2.79134 1.35779 -0.63716
v -2.85203 0.98000 -0.58894
v -2.90174 0.98000 -0.73046
f 460 461 462
usemtl Grass
v -2.81750 0.98000 -0.70551
v -2.93627 0.98000 -0.61389
v -2.85074 1.15837 -0.68512
f 463 464 465
usemtl Grass
v -2.85074 1.15837 -0.68512
v -2.93627 0.98000 -0.61389
v -2.81750 0.98000 -0.70551
f 466 467 468
usemtl GrassLight
v -2.08041 1.59000 -1.25869
v -1.95563 1.59000 -1.17543
v -1.98282 1.85425 -1.17750
f 469 470 471
usemtl GrassLight
v -1.98282 1.85425 -1.17750
v -1.95563 1.59000 -1.17543
v -2.08041 1.59000 -1.25869
f 472 473 474
usemtl GrassDark
v -2.01008 1.59000 -1.29164
v -2.02596 1.59000 -1.14248
v -1.93075 1.95568 -1.22403
f 475 476 477
usemtl GrassDark
v -1.93075 1.95568 -1.22403
v -2.02596 1.59000 -1.14248
v -2.01008 1.59000 -1.29164
f 478 479 480
usemtl GrassDark
v -1.96640 1.59000 -1.27147
v -2.06964 1.59000 -1.16265
v -1.97928 1.81251 -1.24463
f 481 482 483
usemtl GrassDark
v -1.97928 1.81251 -1.24463
v -2.06964 1.59000 -1.16265
v -1.96640 1.59000 -1.27147
f 484 485 486
usemtl GrassLight
v -1.94714 1.59000 -1.35816
v -1.79919 1.59000 -1.33343
v -1.86452 1.80858 -1.30699
f 487 488 489
usemtl GrassLight
v -1.86452 1.80858 -1.30699
v -1.79919 1.59000 -1.33343
v -1.94714 1.59000 -1.35816
f 490 491 492
usemtl GrassDark
v -1.90533 1.59000 -1.41355
v -1.84101 1.59000 -1.27804
v -1.83257 1.77725 -1.33135
f 493 494 495
usemtl GrassDark
v -1.83257 1.77725 -1.33135
v -1.84101 1.59000 -1.27804
v -1.90533 1.59000 -1.41355
f 496 497 498
usemtl GrassLight
v -1.80398 1.59000 -1.37475
v -1.94235 1.59000 -1.31684
v -1.85713 1.76311 -1.37454
f 499 500 501
usemtl GrassLight
v -1.85713 1.76311 -1.37454
v -1.94235 1.59000 -1.31684
v -1.80398 1.59000 -1.37475
f 502 503 504
usemtl GrassDark
v -1.90523 1.59000 -0.77472
v -1.75699 1.59000 -0.75182
v -1.81941 1.90916 -0.70649
f 505 506 507
usemtl GrassDark
v -1.81941 1.90916 -0.70649
v -1.75699 1.59000 -0.75182
v -1.90523 1.59000 -0.77472
f 508 509 510
usemtl GrassDark
v -1.80011 1.59000 -0.83156
v -1.86210 1.59000 -0.69497
v -1.79755 1.74355 -0.77469
f 511 512 513
usemtl GrassDark
v -1.79755 1.74355 -0.77469
v -1.86210 1.59000 -0.69497
v -1.80011 1.59000 -0.83156
f 514 515 516
usemtl Grass
v -1.76421 1.59000 -0.79717
v -1.89800 1.59000 -0.72936
v -1.81352 1.75206 -0.78929
f 517 518 519
usemtl Grass
v -1.81352 1.75206 -0.78929
v -1.89800 1.59000 -0.72936
v -1.76421 1.59000 -0.79717
f 520 521 522
usemtl GrassDark
v -1.72806 1.59000 -0.96875
v -1.59948 1.59000 -0.89151
v -1.64024 1.78040 -0.90075
f 523 524 525
usemtl GrassDark
v -1.64024 1.78040 -0.90075
v -1.59948 1.59000 -0.89151
v -1.72806 1.59000 -0.96875
f 526 527 528
usemtl Grass
v -1.70045 1.59000 -0.99555
v -1.62709 1.59000 -0.86471
v -1.62484 1.77599 -0.91376
f 529 530 531
usemtl Grass
v -1.62484 1.77599 -0.91376
v -1.62709 1.59000 -0.86471
v -1.70045 1.59000 -0.99555
f 532 533 534
usemtl GrassLight
v -1.60135 1.59000 -0.97171
v -1.72619 1.59000 -0.88855
v -1.62801 1.85876 -0.97039
f 535 536 537
usemtl GrassLight
v -1.62801 1.85876 -0.97039
v -1.72619 1.59000 -0.88855
v -1.60135 1.59000 -0.97171
f 538 539 540
usemtl Grass
v -2.18548 1.59000 -1.15473
v -2.08691 1.59000 -1.04167
v -2.06576 1.97937 -1.05214
f 541 542 543
usemtl Grass
v -2.06576 1.97937 -1.05214
v -2.08691 1.59000 -1.04167
v -2.18548 1.59000 -1.15473
f 544 545 546
usemtl GrassDark
v -2.13521 1.59000 -1.17319
v -2.13719 1.59000 -1.02321
v -2.05838 1.91426 -1.09897
f 547 548 549
usemtl GrassDark
v -2.05838 1.91426 -1.09897
v -2.13719 1.59000 -1.02321
v -2.13521 1.59000 -1.17319
f 550 551 552
usemtl GrassDark
v -2.09606 1.59000 -1.16155
v -2.17634 1.59000 -1.03485
v -2.09206 1.80768 -1.11917
f 553 554 555
usemtl GrassDark
v -2.09206 1.80768 -1.11917
v -2.17634 1.59000 -1.03485
v -2.09606 1.59000 -1.16155
f 556 557 558
usemtl GrassDark
v -2.43886 1.59000 -1.43558
v -2.35709 1.59000 -1.30983
v -2.33530 1.90149 -1.34214
f 559 560 561
usemtl GrassDark
v -2.33530 1.90149 -1.34214
v -2.35709 1.59000 -1.30983
v -2.43886 1.59000 -1.43558
f 562 563 564
usemtl GrassDark
v -2.39437 1.59000 -1.44762
v -2.40157 1.59000 -1.29779
v -2.32303 1.90260 -1.37541
f 565 566 567
usemtl GrassDark
v -2.32303 1.90260 -1.37541
v -2.40157 1.59000 -1.29779
v -2.39437 1.59000 -1.44762
f 568 569 570
usemtl GrassDark
v -2.35216 1.59000 -1.43209
v -2.44379 1.59000 -1.31333
v -2.36930 1.74089 -1.38930
f 571 572 573
usemtl GrassDark
v -2.36930 1.74089 -1.38930
v -2.44379 1.59000 -1.31333
v -2.35216 1.59000 -1.43209
f 574 575 576
usemtl GrassDark
v -2.29089 1.59000 -0.75935
v -2.15873 1.59000 -0.68840
v -2.20129 1.79717 -0.69102
f 577 578 579
usemtl GrassDark
v -2.20129 1.79717 -0.69102
v -2.15873 1.59000 -0.68840
v -2.29089 1.59000 -0.75935
f 580 581 582
usemtl GrassDark
v -2.19489 1.59000 -0.79265
v -2.25472 1.59000 -0.65510
v -2.18166 1.78606 -0.73796
f 583 584 585
usemtl GrassDark
v -2.18166 1.78606 -0.73796
v -2.25472 1.59000 -0.65510
v -2.19489 1.59000 -0.79265
f 586 587 588
usemtl GrassLight
v -2.18581 1.59000 -0.78794
v -2.26381 1.59000 -0.65982
v -2.15386 1.93607 -0.75627
f 589 590 591
usemtl GrassLight
v -2.15386 1.93607 -0.75627
v -2.26381 1.59000 -0.65982
v -2.18581 1.59000 -0.78794
f 592 593 594
usemtl GrassLight
v -2.12579 1.59000 -1.37587
v -1.97818 1.59000 -1.34919
v -2.04120 1.84267 -1.31777
f 595 596 597
usemtl GrassLight
v -2.04120 1.84267 -1.31777
v -1.97818 1.59000 -1.34919
v -2.12579 1.59000 -1.37587
f 598 599 600
usemtl Grass
v -2.07120 1.59000 -1.43503
v -2.03276 1.59000 -1.29004
v -1.97658 1.91504 -1.34754
f 601 602 603
usemtl Grass
v -1.97658 1.91504 -1.34754
v -2.03276 1.59000 -1.29004
v -2.07120 1.59000 -1.43503
f 604 605 606
usemtl Grass
v -2.00584 1.59000 -1.42166
v -2.09813 1.59000 -1.30341
v -1.99306 1.90143 -1.39702
f 607 608 609
usemtl Grass
v -1.99306 1.90143 -1.39702
v -2.09813 1.59000 -1.30341
v -2.00584 1.59000 -1.42166
f 610 611 612
usemtl Wood
v -2.23277 1.56000 -1.00227
v -2.23277 2.04000 -1.00227
v -2.14777 2.04000 -1.00227
v -2.14777 1.56000 -1.00227
f 613 614 615
f 613 615 616
usemtl Wood
v -2.14777 1.56000 -0.91727
v -2.14777 2.04000 -0.91727
v -2.23277 2.04000 -0.91727
v -2.23277 1.56000 -0.91727
f 617 618 619
f 617 619 620
usemtl Wood
v -2.23277 1.56000 -0.91727
v -2.23277 2.04000 -0.91727
v -2.23277 2.04000 -1.00227
v -2.23277 1.56000 -1.00227
f 621 622 623
f 621 623 624
usemtl Wood
v -2.14777 1.56000 -1.00227
v -2.14777 2.04000 -1.00227
v -2.14777 2.04000 -0.91727
v -2.14777 1.56000 -0.91727
f 625 626 627
f 625 627 628
usemtl Wood
v -2.23277 1.56000 -0.91727
v -2.23277 1.56000 -1.00227
v -2.14777 1.56000 -1.00227
v -2.14777 1.56000 -0.91727
f 629 630 631
f 629 631 632
usemtl Wood
v -2.23277 2.04000 -1.00227
v -2.23277 2.04000 -0.91727
v -2.14777 2.04000 -0.91727
v -2.14777 2.04000 -1.00227
f 633 634 635
f 633 635 636
usemtl Lemon
v -2.19027 2.50000 -0.95977
v -2.04919 2.38577 -0.79945
v -1.96399 2.38577 -0.95977
f 637 638 639
usemtl Lemon
v -1.96399 2.38577 -0.95977
v -2.04919 2.38577 -0.79945
v -1.99075 2.11000 -0.73304
v -1.87027 2.11000 -0.95977
f 640 641 642
f 640 642 643
usemtl Lemon
v -1.87027 2.11000 -0.95977
v -1.99075 2.11000 -0.73304
v -2.04919 1.83423 -0.79945
v -1.96399 1.83423 -0.95977
f 644 645 646
f 644 646 647
usemtl Lemon
v -1.96399 1.83423 -0.95977
v -2.04919 1.83423 -0.79945
v -2.19027 1.72000 -0.95977
f 648 649 650
usemtl Lemon
v -2.19027 2.50000 -0.95977
v -2.24062 2.38577 -0.75986
v -2.04919 2.38577 -0.79945
f 651 652 653
usemtl Lemon
v -2.04919 2.38577 -0.79945
v -2.24062 2.38577 -0.75986
v -2.26148 2.11000 -0.67705
v -1.99075 2.11000 -0.73304
f 654 655 656
f 654 656 657
usemtl Lemon
v -1.99075 2.11000 -0.73304
v -2.26148 2.11000 -0.67705
v -2.24062 1.83423 -0.75986
v -2.04919 1.83423 -0.79945
f 658 659 660
f 658 660 661
usemtl Lemon
v -2.04919 1.83423 -0.79945
v -2.24062 1.83423 -0.75986
v -2.19027 1.72000 -0.95977
f 662 663 664
usemtl Lemon
v -2.19027 2.50000 -0.95977
v -2.39413 2.38577 -0.87080
v -2.24062 2.38577 -0.75986
f 665 666 667
usemtl Lemon
v -2.24062 2.38577 -0.75986
v -2.39413 2.38577 -0.87080
v -2.47858 2.11000 -0.83395
v -2.26148 2.11000 -0.67705
f 668 669 670
f 668 670 671
usemtl Lemon
v -2.26148 2.11000 -0.67705
v -2.47858 2.11000 -0.83395
v -2.39413 1.83423 -0.87080
v -2.24062 1.83423 -0.75986
f 672 673 674
f 672 674 675
usemtl Lemon
v -2.24062 1.83423 -0.75986
v -2.39413 1.83423 -0.87080
v -2.19027 1.72000 -0.95977
f 676 677 678
usemtl Lemon
v -2.19027 2.50000 -0.95977
v -2.39413 2.38577 -1.04875
v -2.39413 2.38577 -0.87080
f 679 680 681
usemtl Lemon
v -2.39413 2.38577 -0.87080
v -2.39413 2.38577 -1.04875
v -2.47858 2.11000 -1.08560
v -2.47858 2.11000 -0.83395
f 682 683 684
f 682 684 685
usemtl Lemon
v -2.47858 2.11000 -0.83395
v -2.47858 2.11000 -1.08560
v -2.39413 1.83423 -1.04875
v -2.39413 1.83423 -0.87080
f 686 687 688
f 686 688 689
usemtl Lemon
v -2.39413 1.83423 -0.87080
v -2.39413 1.83423 -1.04875
v -2.19027 1.72000 -0.95977
f 690 691 692
usemtl Lemon
v -2.19027 2.50000 -0.95977
v -2.24062 2.38577 -1.15969
v -2.39413 2.38577 -1.04875
f 693 694 695
usemtl Lemon
v -2.39413 2.38577 -1.04875
v -2.24062 2.38577 -1.15969
v -2.26148 2.11000 -1.24250
v -2.47858 2.11000 -1.08560
f 696 697 698
f 696 698 699
usemtl Lemon
v -2.47858 2.11000 -1.08560
v -2.26148 2.11000 -1.24250
v -2.24062 1.83423 -1.15969
v -2.39413 1.83423 -1.04875
f 700 701 702
f 700 702 703
usemtl Lemon
v -2.39413 1.83423 -1.04875
v -2.24062 1.83423 -1.15969
v -2.19027 1.72000 -0.95977
f 704 705 706
usemtl Lemon
v -2.19027 2.50000 -0.95977
v -2.04919 2.38577 -1.12010
v -2.24062 2.38577 -1.15969
f 707 708 709
usemtl Lemon
v -2.24062 2.38577 -1.15969
v -2.04919 2.38577 -1.12010
v -1.99075 2.11000 -1.18651
v -2.26148 2.11000 -1.24250
f 710 711 712
f 710 712 713
usemtl Lemon
v -2.26148 2.11000 -1.24250
v -1.99075 2.11000 -1.18651
v -2.04919 1.83423 -1.12010
v -2.24062 1.83423 -1.15969
f 714 715 716
f 714 716 717
usemtl Lemon
v -2.24062 1.83423 -1.15969
v -2.04919 1.83423 -1.12010
v -2.19027 1.72000 -0.95977
f 718 719 720
usemtl Lemon
v -2.19027 2.50000 -0.95977
v -1.96399 2.38577 -0.95977
v -2.04919 2.38577 -1.12010
f 721 722 723
usemtl Lemon
v -2.04919 2.38577 -1.12010
v -1.96399 2.38577 -0.95977
v -1.87027 2.11000 -0.95977
v -1.99075 2.11000 -1.18651
f 724 725 726
f 724 726 727
usemtl Lemon
v -1.99075 2.11000 -1.18651
v -1.87027 2.11000 -0.95977
v -1.96399 1.83423 -0.95977
v -2.04919 1.83423 -1.12010
f 728 729 730
f 728 730 731
usemtl Lemon
v -2.04919 1.83423 -1.12010
v -1.96399 1.83423 -0.95977
v -2.19027 1.72000 -0.95977
f 732 733 734
usemtl LemonLight
v -2.34027 2.32000 -0.81977
v -2.24328 2.24092 -0.69262
v -2.18471 2.24092 -0.81977
f 735 736 737
usemtl LemonLight
v -2.18471 2.24092 -0.81977
v -2.24328 2.24092 -0.69262
v -2.20310 2.05000 -0.63995
v -2.12027 2.05000 -0.81977
f 738 739 740
f 738 740 741
usemtl LemonLight
v -2.12027 2.05000 -0.81977
v -2.20310 2.05000 -0.63995
v -2.24328 1.85908 -0.69262
v -2.18471 1.85908 -0.81977
f 742 743 744
f 742 744 745
usemtl LemonLight
v -2.18471 1.85908 -0.81977
v -2.24328 1.85908 -0.69262
v -2.34027 1.78000 -0.81977
f 746 747 748
usemtl LemonLight
v -2.34027 2.32000 -0.81977
v -2.37489 2.24092 -0.66122
v -2.24328 2.24092 -0.69262
f 749 750 751
usemtl LemonLight
v -2.24328 2.24092 -0.69262
v -2.37489 2.24092 -0.66122
v -2.38922 2.05000 -0.59554
v -2.20310 2.05000 -0.63995
f 752 753 754
f 752 754 755
usemtl LemonLight
v -2.20310 2.05000 -0.63995
v -2.38922 2.05000 -0.59554
v -2.37489 1.85908 -0.66122
v -2.24328 1.85908 -0.69262
f 756 757 758
f 756 758 759
usemtl LemonLight
v -2.24328 1.85908 -0.69262
v -2.37489 1.85908 -0.66122
v -2.34027 1.78000 -0.81977
f 760 761 762
usemtl LemonLight
v -2.34027 2.32000 -0.81977
v -2.48043 2.24092 -0.74921
v -2.37489 2.24092 -0.66122
f 763 764 765
usemtl LemonLight
v -2.37489 2.24092 -0.66122
v -2.48043 2.24092 -0.74921
v -2.53848 2.05000 -0.71998
v -2.38922 2.05000 -0.59554
f 766 767 768
f 766 768 769
usemtl LemonLight
v -2.38922 2.05000 -0.59554
v -2.53848 2.05000 -0.71998
v -2.48043 1.85908 -0.74921
v -2.37489 1.85908 -0.66122
f 770 771 772
f 770 772 773
usemtl LemonLight
v -2.37489 1.85908 -0.66122
v -2.48043 1.85908 -0.74921
v -2.34027 1.78000 -0.81977
f 774 775 776
usemtl LemonLight
v -2.34027 2.32000 -0.81977
v -2.48043 2.24092 -0.89034
v -2.48043 2.24092 -0.74921
f 777 778 779
usemtl LemonLight
v -2.48043 2.24092 -0.74921
v -2.48043 2.24092 -0.89034
v -2.53848 2.05000 -0.91957
v -2.53848 2.05000 -0.71998
f 780 781 782
f 780 782 783
usemtl LemonLight
v -2.53848 2.05000 -0.71998
v -2.53848 2.05000 -0.91957
v -2.48043 1.85908 -0.89034
v -2.48043 1.85908 -0.74921
f 784 785 786
f 784 786 787
usemtl LemonLight
v -2.48043 1.85908 -0.74921
v -2.48043 1.85908 -0.89034
v -2.34027 1.78000 -0.81977
f 788 789 790
usemtl LemonLight
v -2.34027 2.32000 -0.81977
v -2.37489 2.24092 -0.97833
v -2.48043 2.24092 -0.89034
f 791 792 793
usemtl LemonLight
v -2.48043 2.24092 -0.89034
v -2.37489 2.24092 -0.97833
v -2.38922 2.05000 -1.04401
v -2.53848 2.05000 -0.91957
f 794 795 796
f 794 796 797
usemtl LemonLight
v -2.53848 2.05000 -0.91957
v -2.38922 2.05000 -1.04401
v -2.37489 1.85908 -0.97833
v -2.48043 1.85908 -0.89034
f 798 799 800
f 798 800 801
usemtl LemonLight
v -2.48043 1.85908 -0.89034
v -2.37489 1.85908 -0.97833
v -2.34027 1.78000 -0.81977
f 802 803 804
usemtl LemonLight
v -2.34027 2.32000 -0.81977
v -2.24328 2.24092 -0.94693
v -2.37489 2.24092 -0.97833
f 805 806 807
usemtl LemonLight
v -2.37489 2.24092 -0.97833
v -2.24328 2.24092 -0.94693
v -2.20310 2.05000 -0.99960
v -2.38922 2.05000 -1.04401
f 808 809 810
f 808 810 811
usemtl LemonLight
v -2.38922 2.05000 -1.04401
v -2.20310 2.05000 -0.99960
v -2.24328 1.85908 -0.94693
v -2.37489 1.85908 -0.97833
f 812 813 814
f 812 814 815
usemtl LemonLight
v -2.37489 1.85908 -0.97833
v -2.24328 1.85908 -0.94693
v -2.34027 1.78000 -0.81977
f 816 817 818
usemtl LemonLight
v -2.34027 2.32000 -0.81977
v -2.18471 2.24092 -0.81977
v -2.24328 2.24092 -0.94693
f 819 820 821
usemtl LemonLight
v -2.24328 2.24092 -0.94693
v -2.18471 2.24092 -0.81977
v -2.12027 2.05000 -0.81977
v -2.20310 2.05000 -0.99960
f 822 823 824
f 822 824 825
usemtl LemonLight
v -2.20310 2.05000 -0.99960
v -2.12027 2.05000 -0.81977
v -2.18471 1.85908 -0.81977
v -2.24328 1.85908 -0.94693
f 826 827 828
f 826 828 829
usemtl LemonLight
v -2.24328 1.85908 -0.94693
v -2.18471 1.85908 -0.81977
v -2.34027 1.78000 -0.81977
f 830 831 832
usemtl GrassLight
v -0.88905 1.59000 -0.78416
v -0.75833 1.59000 -0.71059
v -0.77700 1.98666 -0.68516
f 833 834 835
usemtl GrassLight
v -0.77700 1.98666 -0.68516
v -0.75833 1.59000 -0.71059
v -0.88905 1.59000 -0.78416
f 836 837 838
usemtl Grass
v -0.85854 1.59000 -0.81379
v -0.78884 1.59000 -0.68097
v -0.75731 1.90236 -0.72125
f 839 840 841
usemtl Grass
v -0.75731 1.90236 -0.72125
v -0.78884 1.59000 -0.68097
v -0.85854 1.59000 -0.81379
f 842 843 844
usemtl GrassLight
v -0.75017 1.59000 -0.76224
v -0.89720 1.59000 -0.73252
v -0.81363 1.80156 -0.78470
f 845 846 847
usemtl GrassLight
v -0.81363 1.80156 -0.78470
v -0.89720 1.59000 -0.73252
v -0.75017 1.59000 -0.76224
f 848 849 850
usemtl GrassLight
v -1.19188 1.59000 -1.13482
v -1.10562 1.59000 -1.01211
v -1.07588 1.96115 -1.03504
f 851 852 853
usemtl GrassLight
v -1.07588 1.96115 -1.03504
v -1.10562 1.59000 -1.01211
v -1.19188 1.59000 -1.13482
f 854 855 856
usemtl GrassLight
v -1.18010 1.59000 -1.14159
v -1.11740 1.59000 -1.00533
v -1.10096 1.80918 -1.05697
f 857 858 859
usemtl GrassLight
v -1.10096 1.80918 -1.05697
v -1.11740 1.59000 -1.00533
v -1.18010 1.59000 -1.14159
f 860 861 862
usemtl GrassLight
v -1.08378 1.59000 -1.11093
v -1.21372 1.59000 -1.03600
v -1.12747 1.76746 -1.10113
f 863 864 865
usemtl GrassLight
v -1.12747 1.76746 -1.10113
v -1.21372 1.59000 -1.03600
v -1.08378 1.59000 -1.11093
f 866 867 868
usemtl GrassLight
v -1.02755 1.59000 -1.29271
v -0.87759 1.59000 -1.28894
v -0.95083 1.87959 -1.23872
f 869 870 871
usemtl GrassLight
v -0.95083 1.87959 -1.23872
v -0.87759 1.59000 -1.28894
v -1.02755 1.59000 -1.29271
f 872 873 874
usemtl GrassLight
v -0.97570 1.59000 -1.36217
v -0.92944 1.59000 -1.21948
v -0.90667 1.79106 -1.27967
f 875 876 877
usemtl GrassLight
v -0.90667 1.79106 -1.27967
v -0.92944 1.59000 -1.21948
v -0.97570 1.59000 -1.36217
f 878 879 880
usemtl Grass
v -0.88664 1.59000 -1.32658
v -1.01850 1.59000 -1.25507
v -0.91424 1.92504 -1.34384
f 881 882 883
usemtl Grass
v -0.91424 1.92504 -1.34384
v -1.01850 1.59000 -1.25507
v -0.88664 1.59000 -1.32658
f 884 885 886
usemtl Grass
v -1.34792 1.59000 -1.08108
v -1.22836 1.59000 -0.99050
v -1.25374 1.82737 -1.00174
f 887 888 889
usemtl Grass
v -1.25374 1.82737 -1.00174
v -1.22836 1.59000 -0.99050
v -1.34792 1.59000 -1.08108
f 890 891 892
usemtl Grass
v -1.30845 1.59000 -1.10799
v -1.26783 1.59000 -0.96359
v -1.21781 1.89442 -1.02095
f 893 894 895
usemtl Grass
v -1.21781 1.89442 -1.02095
v -1.26783 1.59000 -0.96359
v -1.30845 1.59000 -1.10799
f 896 897 898
usemtl GrassLight
v -1.23033 1.59000 -1.08357
v -1.34595 1.59000 -0.98801
v -1.26488 1.74212 -1.05690
f 899 900 901
usemtl GrassLight
v -1.26488 1.74212 -1.05690
v -1.34595 1.59000 -0.98801
v -1.23033 1.59000 -1.08357
f 902 903 904
usemtl Grass
v -0.65524 1.59000 -1.44085
v -0.54427 1.59000 -1.33992
v -0.53838 1.97003 -1.33978
f 905 906 907
usemtl Grass
v -0.53838 1.97003 -1.33978
v -0.54427 1.59000 -1.33992
v -0.65524 1.59000 -1.44085
f 908 909 910
usemtl GrassLight
v -0.57960 1.59000 -1.46263
v -0.61990 1.59000 -1.31814
v -0.52373 1.91884 -1.40629
f 911 912 913
usemtl GrassLight
v -0.52373 1.91884 -1.40629
v -0.61990 1.59000 -1.31814
v -0.57960 1.59000 -1.46263
f 914 915 916
usemtl GrassLight
v -0.53015 1.59000 -1.41832
v -0.66936 1.59000 -1.36245
v -0.57296 1.88975 -1.44046
f 917 918 919
usemtl GrassLight
v -0.57296 1.88975 -1.44046
v -0.66936 1.59000 -1.36245
v -0.53015 1.59000 -1.41832
f 920 921 922
usemtl Grass
v -1.46256 1.59000 -0.66407
v -1.34401 1.59000 -0.57218
v -1.36409 1.85659 -0.58020
f 923 924 925
usemtl Grass
v -1.36409 1.85659 -0.58020
v -1.34401 1.59000 -0.57218
v -1.46256 1.59000 -0.66407
f 926 927 928
usemtl GrassLight
v -1.39348 1.59000 -0.69248
v -1.41308 1.59000 -0.54377
v -1.30853 1.98822 -0.62749
f 929 930 931
usemtl GrassLight
v -1.30853 1.98822 -0.62749
v -1.41308 1.59000 -0.54377
v -1.39348 1.59000 -0.69248
f 932 933 934
usemtl GrassDark
v -1.34943 1.59000 -0.67032
v -1.45714 1.59000 -0.56593
v -1.36863 1.79745 -0.64494
f 935 936 937
usemtl GrassDark
v -1.36863 1.79745 -0.64494
v -1.45714 1.59000 -0.56593
v -1.34943 1.59000 -0.67032
f 938 939 940
usemtl GrassLight
v -1.48208 1.59000 -1.10350
v -1.34765 1.59000 -1.03695
v -1.39769 1.75127 -1.04421
f 941 942 943
usemtl GrassLight
v -1.39769 1.75127 -1.04421
v -1.34765 1.59000 -1.03695
v -1.48208 1.59000 -1.10350
f 944 945 946
usemtl Grass
v -1.38257 1.59000 -1.13792
v -1.44716 1.59000 -1.00253
v -1.33608 1.95372 -1.09841
f 947 948 949
usemtl Grass
v -1.33608 1.95372 -1.09841
v -1.44716 1.59000 -1.00253
v -1.38257 1.59000 -1.13792
f 950 951 952
usemtl GrassLight
v -1.34299 1.59000 -1.09164
v -1.48674 1.59000 -1.04881
v -1.39925 1.81787 -1.10954
f 953 954 955
usemtl GrassLight
v -1.39925 1.81787 -1.10954
v -1.48674 1.59000 -1.04881
v -1.34299 1.59000 -1.09164
f 956 957 958
usemtl Grass
v -0.97580 1.59000 -0.65922
v -0.84076 1.59000 -0.59392
v -0.89202 1.74567 -0.60135
f 959 960 961
usemtl Grass
v -0.89202 1.74567 -0.60135
v -0.84076 1.59000 -0.59392
v -0.97580 1.59000 -0.65922
f 962 963 964
usemtl Grass
v -0.92311 1.59000 -0.70009
v -0.89345 1.59000 -0.55305
v -0.86786 1.76180 -0.62046
f 965 966 967
usemtl Grass
v -0.86786 1.76180 -0.62046
v -0.89345 1.59000 -0.55305
v -0.92311 1.59000 -0.70009
f 968 969 970
usemtl GrassDark
v -0.85874 1.59000 -0.68288
v -0.95783 1.59000 -0.57027
v -0.85887 1.86423 -0.65918
f 971 972 973
usemtl GrassDark
v -0.85887 1.86423 -0.65918
v -0.95783 1.59000 -0.57027
v -0.85874 1.59000 -0.68288
f 974 975 976
usemtl GrassLight
v -0.83926 1.59000 -0.70170
v -0.68936 1.59000 -0.69608
v -0.76135 1.91977 -0.63957
f 977 978 979
usemtl GrassLight
v -0.76135 1.91977 -0.63957
v -0.68936 1.59000 -0.69608
v -0.83926 1.59000 -0.70170
f 980 981 982
usemtl Grass
v -0.74135 1.59000 -0.77029
v -0.78727 1.59000 -0.62749
v -0.67573 1.97769 -0.72025
f 983 984 985
usemtl Grass
v -0.67573 1.97769 -0.72025
v -0.78727 1.59000 -0.62749
v -0.74135 1.59000 -0.77029
f 986 987 988
usemtl GrassDark
v -0.71895 1.59000 -0.75862
v -0.80967 1.59000 -0.63916
v -0.71879 1.82813 -0.72481
f 989 990 991
usemtl GrassDark
v -0.71879 1.82813 -0.72481
v -0.80967 1.59000 -0.63916
v -0.71895 1.59000 -0.75862
f 992 993 994
usemtl Grass
v -0.11538 1.59000 -1.10299
v 0.01994 1.59000 -1.03826
v -0.01094 1.94508 -1.01297
f 995 996 997
usemtl Grass
v -0.01094 1.94508 -1.01297
v 0.01994 1.59000 -1.03826
v -0.11538 1.59000 -1.10299
f 998 999 1000
usemtl GrassLight
v -0.07204 1.59000 -1.14157
v -0.02340 1.59000 -0.99968
v -0.00115 1.79513 -1.05865
f 1001 1002 1003
usemtl GrassLight
v -0.00115 1.79513 -1.05865
v -0.02340 1.59000 -0.99968
v -0.07204 1.59000 -1.14157
f 1004 1005 1006
usemtl GrassLight
v 0.00933 1.59000 -1.11932
v -0.10477 1.59000 -1.02194
v -0.00640 1.85522 -1.10694
f 1007 1008 1009
usemtl GrassLight
v -0.00640 1.85522 -1.10694
v -0.10477 1.59000 -1.02194
v 0.00933 1.59000 -1.11932
f 1010 1011 1012
usemtl GrassDark
v 0.26005 1.59000 -0.65197
v 0.38956 1.59000 -0.57630
v 0.34462 1.75364 -0.58870
f 1013 1014 1015
usemtl GrassDark
v 0.34462 1.75364 -0.58870
v 0.38956 1.59000 -0.57630
v 0.26005 1.59000 -0.65197
f 1016 1017 1018
usemtl GrassDark
v 0.33011 1.59000 -0.68895
v 0.31951 1.59000 -0.53932
v 0.37125 1.78399 -0.61660
f 1019 1020 1021
usemtl GrassDark
v 0.37125 1.78399 -0.61660
v 0.31951 1.59000 -0.53932
v 0.33011 1.59000 -0.68895
f 1022 1023 1024
usemtl GrassDark
v 0.39593 1.59000 -0.63795
v 0.25369 1.59000 -0.59032
v 0.33690 1.74867 -0.64122
f 1025 1026 1027
usemtl GrassDark
v 0.33690 1.74867 -0.64122
v 0.25369 1.59000 -0.59032
v 0.39593 1.59000 -0.63795
f 1028 1029 1030
usemtl GrassLight
v -0.28606 1.59000 -0.71740
v -0.13970 1.59000 -0.68458
v -0.19357 1.95781 -0.63639
f 1031 1032 1033
usemtl GrassLight
v -0.19357 1.95781 -0.63639
v -0.13970 1.59000 -0.68458
v -0.28606 1.59000 -0.71740
f 1034 1035 1036
usemtl GrassDark
v -0.21864 1.59000 -0.77577
v -0.20712 1.59000 -0.62621
v -0.15425 1.83501 -0.69761
f 1037 1038 1039
usemtl GrassDark
v -0.15425 1.83501 -0.69761
v -0.20712 1.59000 -0.62621
v -0.21864 1.59000 -0.77577
f 1040 1041 1042
usemtl GrassDark
v -0.14038 1.59000 -0.72019
v -0.28538 1.59000 -0.68179
v -0.20360 1.74099 -0.72727
f 1043 1044 1045
usemtl GrassDark
v -0.20360 1.74099 -0.72727
v -0.28538 1.59000 -0.68179
v -0.14038 1.59000 -0.72019
f 1046 1047 1048
usemtl Grass
v -0.15061 1.59000 -0.65127
v -0.04784 1.59000 -0.54201
v -0.04286 1.91246 -0.55687
f 1049 1050 1051
usemtl Grass
v -0.04286 1.91246 -0.55687
v -0.04784 1.59000 -0.54201
v -0.15061 1.59000 -0.65127
f 1052 1053 1054
usemtl GrassDark
v -0.12390 1.59000 -0.66746
v -0.07455 1.59000 -0.52581
v -0.01249 1.97269 -0.57397
f 1055 1056 1057
usemtl GrassDark
v -0.01249 1.97269 -0.57397
v -0.07455 1.59000 -0.52581
v -0.12390 1.59000 -0.66746
f 1058 1059 1060
usemtl Grass
v -0.03286 1.59000 -0.63158
v -0.16559 1.59000 -0.56169
v -0.06855 1.86432 -0.64033
f 1061 1062 1063
usemtl Grass
v -0.06855 1.86432 -0.64033
v -0.16559 1.59000 -0.56169
v -0.03286 1.59000 -0.63158
f 1064 1065 1066
usemtl GrassLight
v -0.20071 1.59000 -1.01081
v -0.11336 1.59000 -0.88887
v -0.12439 1.75733 -0.93230
f 1067 1068 1069
usemtl GrassLight
v -0.12439 1.75733 -0.93230
v -0.11336 1.59000 -0.88887
v -0.20071 1.59000 -1.01081
f 1070 1071 1072
usemtl GrassDark
v -0.15634 1.59000 -1.02484
v -0.15772 1.59000 -0.87484
v -0.06736 1.96364 -0.95046
f 1073 1074 1075
usemtl GrassDark
v -0.06736 1.96364 -0.95046
v -0.15772 1.59000 -0.87484
v -0.15634 1.59000 -1.02484
f 1076 1077 1078
usemtl Grass
v -0.11318 1.59000 -1.01069
v -0.20088 1.59000 -0.88900
v -0.09967 1.88459 -0.98085
f 1079 1080 1081
usemtl Grass
v -0.09967 1.88459 -0.98085
v -0.20088 1.59000 -0.88900
v -0.11318 1.59000 -1.01069
f 1082 1083 1084
usemtl Grass
v -0.28800 1.59000 -0.62476
v -0.16365 1.59000 -0.54087
v -0.18211 1.91569 -0.53422
f 1085 1086 1087
usemtl Grass
v -0.18211 1.91569 -0.53422
v -0.16365 1.59000 -0.54087
v -0.28800 1.59000 -0.62476
f 1088 1089 1090
usemtl GrassDark
v -0.20042 1.59000 -0.65338
v -0.25124 1.59000 -0.51225
v -0.18470 1.77213 -0.59392
f 1091 1092 1093
usemtl GrassDark
v -0.18470 1.77213 -0.59392
v -0.25124 1.59000 -0.51225
v -0.20042 1.59000 -0.65338
f 1094 1095 1096
usemtl GrassLight
v -0.16414 1.59000 -0.62547
v -0.28752 1.59000 -0.54016
v -0.20301 1.75713 -0.60756
f 1097 1098 1099
usemtl GrassLight
v -0.20301 1.75713 -0.60756
v -0.28752 1.59000 -0.54016
v -0.16414 1.59000 -0.62547
f 1100 1101 1102
usemtl GrassDark
v -0.12759 1.59000 -1.19683
v 0.02189 1.59000 -1.18437
v -0.04683 1.89165 -1.13649
f 1103 1104 1105
usemtl GrassDark
v -0.04683 1.89165 -1.13649
v 0.02189 1.59000 -1.18437
v -0.12759 1.59000 -1.19683
f 1106 1107 1108
usemtl GrassDark
v -0.03329 1.59000 -1.26301
v -0.07241 1.59000 -1.11820
v 0.03680 1.97692 -1.20876
f 1109 1110 1111
usemtl GrassDark
v 0.03680 1.97692 -1.20876
v -0.07241 1.59000 -1.11820
v -0.03329 1.59000 -1.26301
f 1112 1113 1114
usemtl GrassDark
v -0.00563 1.59000 -1.24887
v -0.10007 1.59000 -1.13233
v 0.00650 1.90829 -1.22667
f 1115 1116 1117
usemtl GrassDark
v 0.00650 1.90829 -1.22667
v -0.10007 1.59000 -1.13233
v -0.00563 1.59000 -1.24887
f 1118 1119 1120
usemtl GrassDark
v 0.02529 1.59000 -1.03153
v 0.11653 1.59000 -0.91247
v 0.11943 1.84469 -0.94411
f 1121 1122 1123
usemtl GrassDark
v 0.11943 1.84469 -0.94411
v 0.11653 1.59000 -0.91247
v 0.02529 1.59000 -1.03153
f 1124 1125 1126
usemtl Grass
v 0.09611 1.59000 -1.04264
v 0.04571 1.59000 -0.90136
v 0.14759 1.92923 -0.99252
f 1127 1128 1129
usemtl Grass
v 0.14759 1.92923 -0.99252
v 0.04571 1.59000 -0.90136
v 0.09611 1.59000 -1.04264
f 1130 1131 1132
usemtl GrassLight
v 0.12606 1.59000 -1.02283
v 0.01576 1.59000 -0.92117
v 0.13530 1.98585 -1.02440
f 1133 1134 1135
usemtl GrassLight
v 0.13530 1.98585 -1.02440
v 0.01576 1.59000 -0.92117
v 0.12606 1.59000 -1.02283
f 1136 1137 1138
usemtl Grass
v -0.16684 1.59000 -1.10649
v -0.04810 1.59000 -1.01483
v -0.08128 1.76861 -1.03521
f 1139 1140 1141
usemtl Grass
v -0.08128 1.76861 -1.03521
v -0.04810 1.59000 -1.01483
v -0.16684 1.59000 -1.10649
f 1142 1143 1144
usemtl Grass
v -0.13201 1.59000 -1.13153
v -0.08294 1.59000 -0.98979
v -0.04571 1.86234 -1.04462
f 1145 1146 1147
usemtl Grass
v -0.04571 1.86234 -1.04462
v -0.08294 1.59000 -0.98979
v -0.13201 1.59000 -1.13153
f 1148 1149 1150
usemtl GrassLight
v -0.03282 1.59000 -1.06790
v -0.18212 1.59000 -1.05342
v -0.09873 1.96703 -1.12821
f 1151 1152 1153
usemtl GrassLight
v -0.09873 1.96703 -1.12821
v -0.18212 1.59000 -1.05342
v -0.03282 1.59000 -1.06790
f 1154 1155 1156
usemtl Grass
v 0.07642 1.59000 -0.58841
v 0.22639 1.59000 -0.58539
v 0.15255 1.82783 -0.54410
f 1157 1158 1159
usemtl Grass
v 0.15255 1.82783 -0.54410
v 0.22639 1.59000 -0.58539
v 0.07642 1.59000 -0.58841
f 1160 1161 1162
usemtl Grass
v 0.17391 1.59000 -0.65844
v 0.12889 1.59000 -0.51536
v 0.23783 1.96753 -0.60730
f 1163 1164 1165
usemtl Grass
v 0.23783 1.96753 -0.60730
v 0.12889 1.59000 -0.51536
v 0.17391 1.59000 -0.65844
f 1166 1167 1168
usemtl Grass
v 0.22448 1.59000 -0.60376
v 0.07832 1.59000 -0.57005
v 0.17258 1.98266 -0.65577
f 1169 1170 1171
usemtl Grass
v 0.17258 1.98266 -0.65577
v 0.07832 1.59000 -0.57005
v 0.22448 1.59000 -0.60376
f 1172 1173 1174
usemtl Wood
v -0.11713 1.56000 -1.01617
v -0.11713 2.04000 -1.01617
v -0.03213 2.04000 -1.01617
v -0.03213 1.56000 -1.01617
f 1175 1176 1177
f 1175 1177 1178
usemtl Wood
v -0.03213 1.56000 -0.93117
v -0.03213 2.04000 -0.93117
v -0.11713 2.04000 -0.93117
v -0.11713 1.56000 -0.93117
f 1179 1180 1181
f 1179 1181 1182
usemtl Wood
v -0.11713 1.56000 -0.93117
v -0.11713 2.04000 -0.93117
v -0.11713 2.04000 -1.01617
v -0.11713 1.56000 -1.01617
f 1183 1184 1185
f 1183 1185 1186
usemtl Wood
v -0.03213 1.56000 -1.01617
v -0.03213 2.04000 -1.01617
v -0.03213 2.04000 -0.93117
v -0.03213 1.56000 -0.93117
f 1187 1188 1189
f 1187 1189 1190
usemtl Wood
v -0.11713 1.56000 -0.93117
v -0.11713 1.56000 -1.01617
v -0.03213 1.56000 -1.01617
v -0.03213 1.56000 -0.93117
f 1191 1192 1193
f 1191 1193 1194
usemtl Wood
v -0.11713 2.04000 -1.01617
v -0.11713 2.04000 -0.93117
v -0.03213 2.04000 -0.93117
v -0.03213 2.04000 -1.01617
f 1195 1196 1197
f 1195 1197 1198
usemtl Lemon
v -0.07463 2.50000 -0.97367
v 0.06645 2.38577 -0.81335
v 0.15165 2.38577 -0.97367
f 1199 1200 1201
usemtl Lemon
v 0.15165 2.38577 -0.97367
v 0.06645 2.38577 -0.81335
v 0.12489 2.11000 -0.74694
v 0.24537 2.11000 -0.97367
f 1202 1203 1204
f 1202 1204 1205
usemtl Lemon
v 0.24537 2.11000 -0.97367
v 0.12489 2.11000 -0.74694
v 0.06645 1.83423 -0.81335
v 0.15165 1.83423 -0.97367
f 1206 1207 1208
f 1206 1208 1209
usemtl Lemon
v 0.15165 1.83423 -0.97367
v 0.06645 1.83423 -0.81335
v -0.07463 1.72000 -0.97367
f 1210 1211 1212
usemtl Lemon
v -0.07463 2.50000 -0.97367
v -0.12498 2.38577 -0.77375
v 0.06645 2.38577 -0.81335
f 1213 1214 1215
usemtl Lemon
v 0.06645 2.38577 -0.81335
v -0.12498 2.38577 -0.77375
v -0.14583 2.11000 -0.69094
v 0.12489 2.11000 -0.74694
f 1216 1217 1218
f 1216 1218 1219
usemtl Lemon
v 0.12489 2.11000 -0.74694
v -0.14583 2.11000 -0.69094
v -0.12498 1.83423 -0.77375
v 0.06645 1.83423 -0.81335
f 1220 1221 1222
f 1220 1222 1223
usemtl Lemon
v 0.06645 1.83423 -0.81335
v -0.12498 1.83423 -0.77375
v -0.07463 1.72000 -0.97367
f 1224 1225 1226
usemtl Lemon
v -0.07463 2.50000 -0.97367
v -0.27849 2.38577 -0.88470
v -0.12498 2.38577 -0.77375
f 1227 1228 1229
usemtl Lemon
v -0.12498 2.38577 -0.77375
v -0.27849 2.38577 -0.88470
v -0.36294 2.11000 -0.84784
v -0.14583 2.11000 -0.69094
f 1230 1231 1232
f 1230 1232 1233
usemtl Lemon
v -0.14583 2.11000 -0.69094
v -0.36294 2.11000 -0.84784
v -0.27849 1.83423 -0.88470
v -0.12498 1.83423 -0.77375
f 1234 1235 1236
f 1234 1236 1237
usemtl Lemon
v -0.12498 1.83423 -0.77375
v -0.27849 1.83423 -0.88470
v -0.07463 1.72000 -0.97367
f 1238 1239 1240
usemtl Lemon
v -0.07463 2.50000 -0.97367
v -0.27849 2.38577 -1.06264
v -0.27849 2.38577 -0.88470
f 1241 1242 1243
usemtl Lemon
v -0.27849 2.38577 -0.88470
v -0.27849 2.38577 -1.06264
v -0.36294 2.11000 -1.09950
v -0.36294 2.11000 -0.84784
f 1244 1245 1246
f 1244 1246 1247
usemtl Lemon
v -0.36294 2.11000 -0.84784
v -0.36294 2.11000 -1.09950
v -0.27849 1.83423 -1.06264
v -0.27849 1.83423 -0.88470
f 1248 1249 1250
f 1248 1250 1251
usemtl Lemon
v -0.27849 1.83423 -0.88470
v -0.27849 1.83423 -1.06264
v -0.07463 1.72000 -0.97367
f 1252 1253 1254
usemtl Lemon
v -0.07463 2.50000 -0.97367
v -0.12498 2.38577 -1.17359
v -0.27849 2.38577 -1.06264
f 1255 1256 1257
usemtl Lemon
v -0.27849 2.38577 -1.06264
v -0.12498 2.38577 -1.17359
v -0.14583 2.11000 -1.25640
v -0.36294 2.11000 -1.09950
f 1258 1259 1260
f 1258 1260 1261
usemtl Lemon
v -0.36294 2.11000 -1.09950
v -0.14583 2.11000 -1.25640
v -0.12498 1.83423 -1.17359
v -0.27849 1.83423 -1.06264
f 1262 1263 1264
f 1262 1264 1265
usemtl Lemon
v -0.27849 1.83423 -1.06264
v -0.12498 1.83423 -1.17359
v -0.07463 1.72000 -0.97367
f 1266 1267 1268
usemtl Lemon
v -0.07463 2.50000 -0.97367
v 0.06645 2.38577 -1.13399
v -0.12498 2.38577 -1.17359
f 1269 1270 1271
usemtl Lemon
v -0.12498 2.38577 -1.17359
v 0.06645 2.38577 -1.13399
v 0.12489 2.11000 -1.20040
v -0.14583 2.11000 -1.25640
f 1272 1273 1274
f 1272 1274 1275
usemtl Lemon
v -0.14583 2.11000 -1.25640
v 0.12489 2.11000 -1.20040
v 0.06645 1.83423 -1.13399
v -0.12498 1.83423 -1.17359
f 1276 1277 1278
f 1276 1278 1279
usemtl Lemon
v -0.12498 1.83423 -1.17359
v 0.06645 1.83423 -1.13399
v -0.07463 1.72000 -0.97367
f 1280 1281 1282
usemtl Lemon
v -0.07463 2.50000 -0.97367
v 0.15165 2.38577 -0.97367
v 0.06645 2.38577 -1.13399
f 1283 1284 1285
usemtl Lemon
v 0.06645 2.38577 -1.13399
v 0.15165 2.38577 -0.97367
v 0.24537 2.11000 -0.97367
v 0.12489 2.11000 -1.20040
f 1286 1287 1288
f 1286 1288 1289
usemtl Lemon
v 0.12489 2.11000 -1.20040
v 0.24537 2.11000 -0.97367
v 0.15165 1.83423 -0.97367
v 0.06645 1.83423 -1.13399
f 1290 1291 1292
f 1290 1292 1293
usemtl Lemon
v 0.06645 1.83423 -1.13399
v 0.15165 1.83423 -0.97367
v -0.07463 1.72000 -0.97367
f 1294 1295 1296
usemtl LemonLight
v -0.22463 2.32000 -0.83367
v -0.12763 2.24092 -0.70652
v -0.06906 2.24092 -0.83367
f 1297 1298 1299
usemtl LemonLight
v -0.06906 2.24092 -0.83367
v -0.12763 2.24092 -0.70652
v -0.08746 2.05000 -0.65385
v -0.00463 2.05000 -0.83367
f 1300 1301 1302
f 1300 1302 1303
usemtl LemonLight
v -0.00463 2.05000 -0.83367
v -0.08746 2.05000 -0.65385
v -0.12763 1.85908 -0.70652
v -0.06906 1.85908 -0.83367
f 1304 1305 1306
f 1304 1306 1307
usemtl LemonLight
v -0.06906 1.85908 -0.83367
v -0.12763 1.85908 -0.70652
v -0.22463 1.78000 -0.83367
f 1308 1309 1310
usemtl LemonLight
v -0.22463 2.32000 -0.83367
v -0.25924 2.24092 -0.67511
v -0.12763 2.24092 -0.70652
f 1311 1312 1313
usemtl LemonLight
v -0.12763 2.24092 -0.70652
v -0.25924 2.24092 -0.67511
v -0.27358 2.05000 -0.60944
v -0.08746 2.05000 -0.65385
f 1314 1315 1316
f 1314 1316 1317
usemtl LemonLight
v -0.08746 2.05000 -0.65385
v -0.27358 2.05000 -0.60944
v -0.25924 1.85908 -0.67511
v -0.12763 1.85908 -0.70652
f 1318 1319 1320
f 1318 1320 1321
usemtl LemonLight
v -0.12763 1.85908 -0.70652
v -0.25924 1.85908 -0.67511
v -0.22463 1.78000 -0.83367
f 1322 1323 1324
usemtl LemonLight
v -0.22463 2.32000 -0.83367
v -0.36478 2.24092 -0.76311
v -0.25924 2.24092 -0.67511
f 1325 1326 1327
usemtl LemonLight
v -0.25924 2.24092 -0.67511
v -0.36478 2.24092 -0.76311
v -0.42284 2.05000 -0.73388
v -0.27358 2.05000 -0.60944
f 1328 1329 1330
f 1328 1330 1331
usemtl LemonLight
v -0.27358 2.05000 -0.60944
v -0.42284 2.05000 -0.73388
v -0.36478 1.85908 -0.76311
v -0.25924 1.85908 -0.67511
f 1332 1333 1334
f 1332 1334 1335
usemtl LemonLight
v -0.25924 1.85908 -0.67511
v -0.36478 1.85908 -0.76311
v -0.22463 1.78000 -0.83367
f 1336 1337 1338
usemtl LemonLight
v -0.22463 2.32000 -0.83367
v -0.36478 2.24092 -0.90423
v -0.36478 2.24092 -0.76311
f 1339 1340 1341
usemtl LemonLight
v -0.36478 2.24092 -0.76311
v -0.36478 2.24092 -0.90423
v -0.42284 2.05000 -0.93346
v -0.42284 2.05000 -0.73388
f 1342 1343 1344
f 1342 1344 1345
usemtl LemonLight
v -0.42284 2.05000 -0.73388
v -0.42284 2.05000 -0.93346
v -0.36478 1.85908 -0.90423
v -0.36478 1.85908 -0.76311
f 1346 1347 1348
f 1346 1348 1349
usemtl LemonLight
v -0.36478 1.85908 -0.76311
v -0.36478 1.85908 -0.90423
v -0.22463 1.78000 -0.83367
f 1350 1351 1352
usemtl LemonLight
v -0.22463 2.32000 -0.83367
v -0.25924 2.24092 -0.99223
v -0.36478 2.24092 -0.90423
f 1353 1354 1355
usemtl LemonLight
v -0.36478 2.24092 -0.90423
v -0.25924 2.24092 -0.99223
v -0.27358 2.05000 -1.05790
v -0.42284 2.05000 -0.93346
f 1356 1357 1358
f 1356 1358 1359
usemtl LemonLight
v -0.42284 2.05000 -0.93346
v -0.27358 2.05000 -1.05790
v -0.25924 1.85908 -0.99223
v -0.36478 1.85908 -0.90423
f 1360 1361 1362
f 1360 1362 1363
usemtl LemonLight
v -0.36478 1.85908 -0.90423
v -0.25924 1.85908 -0.99223
v -0.22463 1.78000 -0.83367
f 1364 1365 1366
usemtl LemonLight
v -0.22463 2.32000 -0.83367
v -0.12763 2.24092 -0.96082
v -0.25924 2.24092 -0.99223
f 1367 1368 1369
usemtl LemonLight
v -0.25924 2.24092 -0.99223
v -0.12763 2.24092 -0.96082
v -0.08746 2.05000 -1.01349
v -0.27358 2.05000 -1.05790
f 1370 1371 1372
f 1370 1372 1373
usemtl LemonLight
v -0.27358 2.05000 -1.05790
v -0.08746 2.05000 -1.01349
v -0.12763 1.85908 -0.96082
v -0.25924 1.85908 -0.99223
f 1374 1375 1376
f 1374 1376 1377
usemtl LemonLight
v -0.25924 1.85908 -0.99223
v -0.12763 1.85908 -0.96082
v -0.22463 1.78000 -0.83367
f 1378 1379 1380
usemtl LemonLight
v -0.22463 2.32000 -0.83367
v -0.06906 2.24092 -0.83367
v -0.12763 2.24092 -0.96082
f 1381 1382 1383
usemtl LemonLight
v -0.12763 2.24092 -0.96082
v -0.06906 2.24092 -0.83367
v -0.00463 2.05000 -0.83367
v -0.08746 2.05000 -1.01349
f 1384 1385 1386
f 1384 1386 1387
usemtl LemonLight
v -0.08746 2.05000 -1.01349
v -0.00463 2.05000 -0.83367
v -0.06906 1.85908 -0.83367
v -0.12763 1.85908 -0.96082
f 1388 1389 1390
f 1388 1390 1391
usemtl LemonLight
v -0.12763 1.85908 -0.96082
v -0.06906 1.85908 -0.83367
v -0.22463 1.78000 -0.83367
f 1392 1393 1394
usemtl GrassLight
v 0.56996 0.98000 -1.30774
v 0.65785 0.98000 -1.18619
v 0.68372 1.33897 -1.20910
f 1395 1396 1397
usemtl GrassLight
v 0.68372 1.33897 -1.20910
v 0.65785 0.98000 -1.18619
v 0.56996 0.98000 -1.30774
f 1398 1399 1400
usemtl GrassLight
v 0.58045 0.98000 -1.31409
v 0.64736 0.98000 -1.17984
v 0.64979 1.14709 -1.23355
f 1401 1402 1403
usemtl GrassLight
v 0.64979 1.14709 -1.23355
v 0.64736 0.98000 -1.17984
v 0.58045 0.98000 -1.31409
f 1404 1405 1406
usemtl GrassLight
v 0.68173 0.98000 -1.27898
v 0.54608 0.98000 -1.21495
v 0.63809 1.21604 -1.28539
f 1407 1408 1409
usemtl GrassLight
v 0.63809 1.21604 -1.28539
v 0.54608 0.98000 -1.21495
v 0.68173 0.98000 -1.27898
f 1410 1411 1412
usemtl Grass
v 0.73966 0.98000 -0.84575
v 0.88763 0.98000 -0.82115
v 0.82121 1.17212 -0.79933
f 1413 1414 1415
usemtl Grass
v 0.82121 1.17212 -0.79933
v 0.88763 0.98000 -0.82115
v 0.73966 0.98000 -0.84575
f 1416 1417 1418
usemtl GrassLight
v 0.81581 0.98000 -0.90842
v 0.81148 0.98000 -0.75848
v 0.85468 1.15102 -0.83434
f 1419 1420 1421
usemtl GrassLight
v 0.85468 1.15102 -0.83434
v 0.81148 0.98000 -0.75848
v 0.81581 0.98000 -0.90842
f 1422 1423 1424
usemtl Grass
v 0.88462 0.98000 -0.85770
v 0.74268 0.98000 -0.80919
v 0.82667 1.14783 -0.86203
f 1425 1426 1427
usemtl Grass
v 0.82667 1.14783 -0.86203
v 0.74268 0.98000 -0.80919
v 0.88462 0.98000 -0.85770
f 1428 1429 1430
usemtl GrassDark
v 0.74829 0.98000 -1.22852
v 0.88398 0.98000 -1.16459
v 0.84682 1.28004 -1.14770
f 1431 1432 1433
usemtl GrassDark
v 0.84682 1.28004 -1.14770
v 0.88398 0.98000 -1.16459
v 0.74829 0.98000 -1.22852
f 1434 1435 1436
usemtl GrassDark
v 0.83106 0.98000 -1.27005
v 0.80121 0.98000 -1.12305
v 0.87299 1.22175 -1.20521
f 1437 1438 1439
usemtl GrassDark
v 0.87299 1.22175 -1.20521
v 0.80121 0.98000 -1.12305
v 0.83106 0.98000 -1.27005
f 1440 1441 1442
usemtl GrassDark
v 0.89004 0.98000 -1.20933
v 0.74223 0.98000 -1.18377
v 0.82697 1.24487 -1.24353
f 1443 1444 1445
usemtl GrassDark
v 0.82697 1.24487 -1.24353
v 0.74223 0.98000 -1.18377
v 0.89004 0.98000 -1.20933
f 1446 1447 1448
usemtl GrassDark
v 0.67982 0.98000 -0.70924
v 0.81259 0.98000 -0.63944
v 0.76946 1.18820 -0.64117
f 1449 1450 1451
usemtl GrassDark
v 0.76946 1.18820 -0.64117
v 0.81259 0.98000 -0.63944
v 0.67982 0.98000 -0.70924
f 1452 1453 1454
usemtl GrassLight
v 0.73480 0.98000 -0.74847
v 0.75761 0.98000 -0.60021
v 0.83430 1.35137 -0.66417
f 1455 1456 1457
usemtl GrassLight
v 0.83430 1.35137 -0.66417
v 0.75761 0.98000 -0.60021
v 0.73480 0.98000 -0.74847
f 1458 1459 1460
usemtl GrassDark
v 0.80123 0.98000 -0.72531
v 0.69118 0.98000 -0.62338
v 0.77495 1.15624 -0.69762
f 1461 1462 1463
usemtl GrassDark
v 0.77495 1.15624 -0.69762
v 0.69118 0.98000 -0.62338
v 0.80123 0.98000 -0.72531
f 1464 1465 1466
usemtl GrassLight
v 1.13432 0.98000 -1.20401
v 1.27739 0.98000 -1.15893
v 1.23386 1.36826 -1.11481
f 1467 1468 1469
usemtl GrassLight
v 1.23386 1.36826 -1.11481
v 1.27739 0.98000 -1.15893
v 1.13432 0.98000 -1.20401
f 1470 1471 1472
usemtl GrassDark
v 1.18004 0.98000 -1.25189
v 1.23167 0.98000 -1.11105
v 1.28474 1.33008 -1.15978
f 1473 1474 1475
usemtl GrassDark
v 1.28474 1.33008 -1.15978
v 1.23167 0.98000 -1.11105
v 1.18004 0.98000 -1.25189
f 1476 1477 1478
usemtl GrassLight
v 1.26076 0.98000 -1.23256
v 1.15095 0.98000 -1.13038
v 1.26577 1.34646 -1.22976
f 1479 1480 1481
usemtl GrassLight
v 1.26577 1.34646 -1.22976
v 1.15095 0.98000 -1.13038
v 1.26076 0.98000 -1.23256
f 1482 1483 1484
usemtl GrassDark
v 0.55185 0.98000 -0.77961
v 0.70037 0.98000 -0.75860
v 0.63374 1.20672 -0.72870
f 1485 1486 1487
usemtl GrassDark
v 0.63374 1.20672 -0.72870
v 0.70037 0.98000 -0.75860
v 0.55185 0.98000 -0.77961
f 1488 1489 1490
usemtl GrassDark
v 0.62776 0.98000 -0.84409
v 0.62446 0.98000 -0.69412
v 0.70119 1.29289 -0.77034
f 1491 1492 1493
usemtl GrassDark
v 0.70119 1.29289 -0.77034
v 0.62446 0.98000 -0.69412
v 0.62776 0.98000 -0.84409
f 1494 1495 1496
usemtl GrassDark
v 0.70065 0.98000 -0.77738
v 0.55157 0.98000 -0.76083
v 0.63030 1.13817 -0.79740
f 1497 1498 1499
usemtl GrassDark
v 0.63030 1.13817 -0.79740
v 0.55157 0.98000 -0.76083
v 0.70065 0.98000 -0.77738
f 1500 1501 1502
usemtl GrassLight
v 0.61806 0.98000 -0.93147
v 0.75898 0.98000 -0.88006
v 0.71565 1.30977 -0.85000
f 1503 1504 1505
usemtl GrassLight
v 0.71565 1.30977 -0.85000
v 0.75898 0.98000 -0.88006
v 0.61806 0.98000 -0.93147
f 1506 1507 1508
usemtl GrassLight
v 0.69708 0.98000 -0.98027
v 0.67996 0.98000 -0.83125
v 0.76368 1.29523 -0.91224
f 1509 1510 1511
usemtl GrassLight
v 0.76368 1.29523 -0.91224
v 0.67996 0.98000 -0.83125
v 0.69708 0.98000 -0.98027
f 1512 1513 1514
usemtl GrassLight
v 0.75639 0.98000 -0.93768
v 0.62065 0.98000 -0.87385
v 0.72828 1.36936 -0.96919
f 1515 1516 1517
usemtl GrassLight
v 0.72828 1.36936 -0.96919
v 0.62065 0.98000 -0.87385
v 0.75639 0.98000 -0.93768
f 1518 1519 1520
usemtl Grass
v 1.16051 0.98000 -1.05520
v 1.26209 0.98000 -0.94484
v 1.26567 1.28792 -0.96248
f 1521 1522 1523
usemtl Grass
v 1.26567 1.28792 -0.96248
v 1.26209 0.98000 -0.94484
v 1.16051 0.98000 -1.05520
f 1524 1525 1526
usemtl GrassLight
v 1.19576 0.98000 -1.07339
v 1.22684 0.98000 -0.92665
v 1.28264 1.28383 -0.98868
f 1527 1528 1529
usemtl GrassLight
v 1.28264 1.28383 -0.98868
v 1.22684 0.98000 -0.92665
v 1.19576 0.98000 -1.07339
f 1530 1531 1532
usemtl GrassLight
v 1.26962 0.98000 -1.04718
v 1.15298 0.98000 -0.95286
v 1.23679 1.14890 -1.02366
f 1533 1534 1535
usemtl GrassLight
v 1.23679 1.14890 -1.02366
v 1.15298 0.98000 -0.95286
v 1.26962 0.98000 -1.04718
f 1536 1537 1538
usemtl GrassLight
v 1.25317 0.98000 -0.93192
v 1.37476 0.98000 -0.84408
v 1.33897 1.15792 -0.86204
f 1539 1540 1541
usemtl GrassLight
v 1.33897 1.15792 -0.86204
v 1.37476 0.98000 -0.84408
v 1.25317 0.98000 -0.93192
f 1542 1543 1544
usemtl GrassLight
v 1.28964 0.98000 -0.95894
v 1.33829 0.98000 -0.81705
v 1.38677 1.30071 -0.86928
f 1545 1546 1547
usemtl GrassLight
v 1.38677 1.30071 -0.86928
v 1.33829 0.98000 -0.81705
v 1.28964 0.98000 -0.95894
f 1548 1549 1550
usemtl GrassLight
v 1.38245 0.98000 -0.91856
v 1.24547 0.98000 -0.85743
v 1.34689 1.31666 -0.94334
f 1551 1552 1553
usemtl GrassLight
v 1.34689 1.31666 -0.94334
v 1.24547 0.98000 -0.85743
v 1.38245 0.98000 -0.91856
f 1554 1555 1556
usemtl GrassDark
v -3.09445 0.98000 -0.26278
v -2.95933 0.98000 -0.19764
v -3.00680 1.17278 -0.19895
f 1557 1558 1559
usemtl GrassDark
v -3.00680 1.17278 -0.19895
v -2.95933 0.98000 -0.19764
v -3.09445 0.98000 -0.26278
f 1560 1561 1562
usemtl GrassLight
v -2.99887 0.98000 -0.29978
v -3.05492 0.98000 -0.16064
v -2.94137 1.36418 -0.25605
f 1563 1564 1565
usemtl GrassLight
v -2.94137 1.36418 -0.25605
v -3.05492 0.98000 -0.16064
v -2.99887 0.98000 -0.29978
f 1566 1567 1568
usemtl Grass
v -2.95896 0.98000 -0.26199
v -3.09483 0.98000 -0.19843
v -2.98729 1.36943 -0.29370
f 1569 1570 1571
usemtl Grass
v -2.98729 1.36943 -0.29370
v -3.09483 0.98000 -0.19843
v -2.95896 0.98000 -0.26199
f 1572 1573 1574
usemtl Grass
v -2.92280 0.98000 0.02003
v -2.77295 0.98000 0.02682
v -2.84553 1.19623 0.06231
f 1575 1576 1577
usemtl Grass
v -2.84553 1.19623 0.06231
v -2.77295 0.98000 0.02682
v -2.92280 0.98000 0.02003
f 1578 1579 1580
usemtl GrassLight
v -2.86850 0.98000 -0.04868
v -2.82725 0.98000 0.09553
v -2.77734 1.28566 0.03856
f 1581 1582 1583
usemtl GrassLight
v -2.77734 1.28566 0.03856
v -2.82725 0.98000 0.09553
v -2.86850 0.98000 -0.04868
f 1584 1585 1586
usemtl GrassLight
v -2.79889 0.98000 -0.03336
v -2.89687 0.98000 0.08022
v -2.79689 1.26056 -0.00956
f 1587 1588 1589
usemtl GrassLight
v -2.79689 1.26056 -0.00956
v -2.89687 0.98000 0.08022
v -2.79889 0.98000 -0.03336
f 1590 1591 1592
usemtl GrassDark
v -2.76462 0.98000 0.30521
v -2.61604 0.98000 0.32582
v -2.68172 1.24094 0.36204
f 1593 1594 1595
usemtl GrassDark
v -2.68172 1.24094 0.36204
v -2.61604 0.98000 0.32582
v -2.76462 0.98000 0.30521
f 1596 1597 1598
usemtl GrassLight
v -2.68156 0.98000 0.24103
v -2.69910 0.98000 0.39000
v -2.62445 1.25637 0.30970
f 1599 1600 1601
usemtl GrassLight
v -2.62445 1.25637 0.30970
v -2.69910 0.98000 0.39000
v -2.68156 0.98000 0.24103
f 1602 1603 1604
usemtl GrassDark
v -2.63379 0.98000 0.26623
v -2.74686 0.98000 0.36480
v -2.64922 1.24067 0.28015
f 1605 1606 1607
usemtl GrassDark
v -2.64922 1.24067 0.28015
v -2.74686 0.98000 0.36480
v -2.63379 0.98000 0.26623
f 1608 1609 1610
usemtl GrassDark
v -2.72695 0.98000 -0.04857
v -2.59095 0.98000 0.01471
v -2.62761 1.28956 0.03359
f 1611 1612 1613
usemtl GrassDark
v -2.62761 1.28956 0.03359
v -2.59095 0.98000 0.01471
v -2.72695 0.98000 -0.04857
f 1614 1615 1616
usemtl Grass
v -2.66661 0.98000 -0.09154
v -2.65129 0.98000 0.05768
v -2.58348 1.29609 -0.01112
f 1617 1618 1619
usemtl Grass
v -2.58348 1.29609 -0.01112
v -2.65129 0.98000 0.05768
v -2.66661 0.98000 -0.09154
f 1620 1621 1622
usemtl GrassDark
v -2.59600 0.98000 -0.05770
v -2.72191 0.98000 0.02383
v -2.62777 1.21905 -0.05305
f 1623 1624 1625
usemtl GrassDark
v -2.62777 1.21905 -0.05305
v -2.72191 0.98000 0.02383
v -2.59600 0.98000 -0.05770
f 1626 1627 1628
usemtl Grass
v -2.72208 0.98000 -0.41211
v -2.57777 0.98000 -0.37120
v -2.63409 1.22183 -0.34978
f 1629 1630 1631
usemtl Grass
v -2.63409 1.22183 -0.34978
v -2.57777 0.98000 -0.37120
v -2.72208 0.98000 -0.41211
f 1632 1633 1634
usemtl GrassLight
v -2.66709 0.98000 -0.46467
v -2.63276 0.98000 -0.31865
v -2.56491 1.34389 -0.37666
f 1635 1636 1637
usemtl GrassLight
v -2.56491 1.34389 -0.37666
v -2.63276 0.98000 -0.31865
v -2.66709 0.98000 -0.46467
f 1638 1639 1640
usemtl GrassLight
v -2.59501 0.98000 -0.44273
v -2.70484 0.98000 -0.34058
v -2.61530 1.19181 -0.41957
f 1641 1642 1643
usemtl GrassLight
v -2.61530 1.19181 -0.41957
v -2.70484 0.98000 -0.34058
v -2.59501 0.98000 -0.44273
f 1644 1645 1646
usemtl GrassDark
v -3.10535 0.98000 0.00661
v -2.97611 0.98000 0.08276
v -2.99453 1.35918 0.10348
f 1647 1648 1649
usemtl GrassDark
v -2.99453 1.35918 0.10348
v -2.97611 0.98000 0.08276
v -3.10535 0.98000 0.00661
f 1650 1651 1652
usemtl GrassDark
v -3.07133 0.98000 -0.02379
v -3.01013 0.98000 0.11316
v -2.99449 1.19103 0.06018
f 1653 1654 1655
usemtl GrassDark
v -2.99449 1.19103 0.06018
v -3.01013 0.98000 0.11316
v -3.07133 0.98000 -0.02379
f 1656 1657 1658
usemtl GrassDark
v -2.98020 0.98000 0.00040
v -3.10127 0.98000 0.08896
v -3.01666 1.14989 0.02000
f 1659 1660 1661
usemtl GrassDark
v -3.01666 1.14989 0.02000
v -3.10127 0.98000 0.08896
v -2.98020 0.98000 0.00040
f 1662 1663 1664
usemtl GrassLight
v -2.98317 0.98000 -0.33693
v -2.83528 0.98000 -0.31188
v -2.89751 1.27245 -0.27250
f 1665 1666 1667
usemtl GrassLight
v -2.89751 1.27245 -0.27250
v -2.83528 0.98000 -0.31188
v -2.98317 0.98000 -0.33693
f 1668 1669 1670
usemtl GrassLight
v -2.89096 0.98000 -0.39715
v -2.92749 0.98000 -0.25166
v -2.81754 1.37387 -0.34167
f 1671 1672 1673
usemtl GrassLight
v -2.81754 1.37387 -0.34167
v -2.92749 0.98000 -0.25166
v -2.89096 0.98000 -0.39715
f 1674 1675 1676
usemtl Grass
v -2.84523 0.98000 -0.36352
v -2.97322 0.98000 -0.28529
v -2.88531 1.17104 -0.35375
f 1677 1678 1679
usemtl Grass
v -2.88531 1.17104 -0.35375
v -2.97322 0.98000 -0.28529
v -2.84523 0.98000 -0.36352
f 1680 1681 1682
usemtl GrassDark
v -3.16156 0.98000 -0.29203
v -3.02742 0.98000 -0.22491
v -3.07470 1.16425 -0.22881
f 1683 1684 1685
usemtl GrassDark
v -3.07470 1.16425 -0.22881
v -3.02742 0.98000 -0.22491
v -3.16156 0.98000 -0.29203
f 1686 1687 1688
usemtl Grass
v -3.08362 0.98000 -0.33268
v -3.10536 0.98000 -0.18426
v -3.05063 1.16471 -0.26329
f 1689 1690 1691
usemtl Grass
v -3.05063 1.16471 -0.26329
v -3.10536 0.98000 -0.18426
v -3.08362 0.98000 -0.33268
f 1692 1693 1694
usemtl Grass
v -3.04952 0.98000 -0.31849
v -3.13946 0.98000 -0.19845
v -3.03797 1.27428 -0.29023
f 1695 1696 1697
usemtl Grass
v -3.03797 1.27428 -0.29023
v -3.13946 0.98000 -0.19845
v -3.04952 0.98000 -0.31849
f 1698 1699 1700
usemtl GrassDark
v -2.16586 1.59000 -0.26923
v -2.02215 1.59000 -0.22628
v -2.06758 1.97454 -0.18143
f 1701 1702 1703
usemtl GrassDark
v -2.06758 1.97454 -0.18143
v -2.02215 1.59000 -0.22628
v -2.16586 1.59000 -0.26923
f 1704 1705 1706
usemtl GrassLight
v -2.11100 1.59000 -0.32080
v -2.07701 1.59000 -0.17470
v -2.05504 1.75668 -0.24095
f 1707 1708 1709
usemtl GrassLight
v -2.05504 1.75668 -0.24095
v -2.07701 1.59000 -0.17470
v -2.11100 1.59000 -0.32080
f 1710 1711 1712
usemtl GrassDark
v -2.03674 1.59000 -0.29618
v -2.15128 1.59000 -0.19932
v -2.04479 1.90762 -0.29141
f 1713 1714 1715
usemtl GrassDark
v -2.04479 1.90762 -0.29141
v -2.15128 1.59000 -0.19932
v -2.03674 1.59000 -0.29618
f 1716 1717 1718
usemtl Grass
v -1.89786 1.59000 -0.20035
v -1.79822 1.59000 -0.08822
v -1.77725 1.98459 -0.09711
f 1719 1720 1721
usemtl Grass
v -1.77725 1.98459 -0.09711
v -1.79822 1.59000 -0.08822
v -1.89786 1.59000 -0.20035
f 1722 1723 1724
usemtl GrassLight
v -1.85779 1.59000 -0.21865
v -1.83829 1.59000 -0.06992
v -1.79899 1.79614 -0.13946
f 1725 1726 1727
usemtl GrassLight
v -1.79899 1.79614 -0.13946
v -1.83829 1.59000 -0.06992
v -1.85779 1.59000 -0.21865
f 1728 1729 1730
usemtl GrassDark
v -1.80300 1.59000 -0.20426
v -1.89308 1.59000 -0.08431
v -1.78565 1.91509 -0.17942
f 1731 1732 1733
usemtl GrassDark
v -1.78565 1.91509 -0.17942
v -1.89308 1.59000 -0.08431
v -1.80300 1.59000 -0.20426
f 1734 1735 1736
usemtl Grass
v -2.06775 1.59000 0.21815
v -1.92868 1.59000 0.27435
v -1.97168 1.88517 0.29551
f 1737 1738 1739
usemtl Grass
v -1.97168 1.88517 0.29551
v -1.92868 1.59000 0.27435
v -2.06775 1.59000 0.21815
f 1740 1741 1742
usemtl Grass
v -1.97856 1.59000 0.17387
v -2.01787 1.59000 0.31863
v -1.94322 1.82744 0.23505
f 1743 1744 1745
usemtl Grass
v -1.94322 1.82744 0.23505
v -2.01787 1.59000 0.31863
v -1.97856 1.59000 0.17387
f 1746 1747 1748
usemtl Grass
v -1.92729 1.59000 0.22187
v -2.06914 1.59000 0.27063
v -1.96726 1.98684 0.17870
f 1749 1750 1751
usemtl Grass
v -1.96726 1.98684 0.17870
v -2.06914 1.59000 0.27063
v -1.92729 1.59000 0.22187
f 1752 1753 1754
usemtl GrassDark
v -1.79925 1.59000 -0.07430
v -1.66315 1.59000 -0.01124
v -1.70147 1.88462 0.00535
f 1755 1756 1757
usemtl GrassDark
v -1.70147 1.88462 0.00535
v -1.66315 1.59000 -0.01124
v -1.79925 1.59000 -0.07430
f 1758 1759 1760
usemtl GrassDark
v -1.70203 1.59000 -0.11187
v -1.76037 1.59000 0.02633
v -1.64575 1.97648 -0.06982
f 1761 1762 1763
usemtl GrassDark
v -1.64575 1.97648 -0.06982
v -1.76037 1.59000 0.02633
v -1.70203 1.59000 -0.11187
f 1764 1765 1766
usemtl Grass
v -1.65834 1.59000 -0.06055
v -1.80406 1.59000 -0.02499
v -1.71969 1.79225 -0.07814
f 1767 1768 1769
usemtl Grass
v -1.71969 1.79225 -0.07814
v -1.80406 1.59000 -0.02499
v -1.65834 1.59000 -0.06055
f 1770 1771 1772
usemtl GrassLight
v -1.91385 1.59000 -0.23011
v -1.76427 1.59000 -0.21884
v -1.83519 1.80477 -0.18593
f 1773 1774 1775
usemtl GrassLight
v -1.83519 1.80477 -0.18593
v -1.76427 1.59000 -0.21884
v -1.91385 1.59000 -0.23011
f 1776 1777 1778
usemtl GrassLight
v -1.86147 1.59000 -0.29605
v -1.81664 1.59000 -0.15290
v -1.79009 1.80381 -0.21297
f 1779 1780 1781
usemtl GrassLight
v -1.79009 1.80381 -0.21297
v -1.81664 1.59000 -0.15290
v -1.86147 1.59000 -0.29605
f 1782 1783 1784
usemtl Grass
v -1.76439 1.59000 -0.23154
v -1.91373 1.59000 -0.21741
v -1.83256 1.87757 -0.27601
f 1785 1786 1787
usemtl Grass
v -1.83256 1.87757 -0.27601
v -1.91373 1.59000 -0.21741
v -1.76439 1.59000 -0.23154
f 1788 1789 1790
usemtl GrassDark
v -1.94583 1.59000 0.22656
v -1.79830 1.59000 0.25366
v -1.85639 1.95140 0.30409
f 1791 1792 1793
usemtl GrassDark
v -1.85639 1.95140 0.30409
v -1.79830 1.59000 0.25366
v -1.94583 1.59000 0.22656
f 1794 1795 1796
usemtl GrassLight
v -1.84096 1.59000 0.17187
v -1.90317 1.59000 0.30836
v -1.83563 1.75683 0.22766
f 1797 1798 1799
usemtl GrassLight
v -1.83563 1.75683 0.22766
v -1.90317 1.59000 0.30836
v -1.84096 1.59000 0.17187
f 1800 1801 1802
usemtl Grass
v -1.80411 1.59000 0.20837
v -1.94002 1.59000 0.27185
v -1.83852 1.92024 0.18625
f 1803 1804 1805
usemtl Grass
v -1.83852 1.92024 0.18625
v -1.94002 1.59000 0.27185
v -1.80411 1.59000 0.20837
f 1806 1807 1808
usemtl GrassDark
v -1.99247 1.59000 -0.18768
v -1.84251 1.59000 -0.18436
v -1.91610 1.85138 -0.13899
f 1809 1810 1811
usemtl GrassDark
v -1.91610 1.85138 -0.13899
v -1.84251 1.59000 -0.18436
v -1.99247 1.59000 -0.18768
f 1812 1813 1814
usemtl GrassDark
v -1.93557 1.59000 -0.25881
v -1.89941 1.59000 -0.11323
v -1.88171 1.74360 -0.17936
f 1815 1816 1817
usemtl GrassDark
v -1.88171 1.74360 -0.17936
v -1.89941 1.59000 -0.11323
v -1.93557 1.59000 -0.25881
f 1818 1819 1820
usemtl Grass
v -1.85364 1.59000 -0.22537
v -1.98134 1.59000 -0.14667
v -1.89501 1.76850 -0.21338
f 1821 1822 1823
usemtl Grass
v -1.89501 1.76850 -0.21338
v -1.98134 1.59000 -0.14667
v -1.85364 1.59000 -0.22537
f 1824 1825 1826
usemtl GrassDark
v -2.32796 1.59000 0.31883
v -2.19975 1.59000 0.39669
v -2.21532 1.97961 0.41770
f 1827 1828 1829
usemtl GrassDark
v -2.21532 1.97961 0.41770
v -2.19975 1.59000 0.39669
v -2.32796 1.59000 0.31883
f 1830 1831 1832
usemtl Grass
v -2.28021 1.59000 0.28456
v -2.24751 1.59000 0.43095
v -2.18392 1.93126 0.37115
f 1833 1834 1835
usemtl Grass
v -2.18392 1.93126 0.37115
v -2.24751 1.59000 0.43095
v -2.28021 1.59000 0.28456
f 1836 1837 1838
usemtl Grass
v -2.20486 1.59000 0.31145
v -2.32285 1.59000 0.40407
v -2.21170 1.94192 0.30793
f 1839 1840 1841
usemtl Grass
v -2.21170 1.94192 0.30793
v -2.32285 1.59000 0.40407
v -2.20486 1.59000 0.31145
f 1842 1843 1844
usemtl GrassDark
v -1.44986 2.20000 -0.22994
v -1.31677 2.20000 -0.16075
v -1.36190 2.39348 -0.16444
f 1845 1846 1847
usemtl GrassDark
v -1.36190 2.39348 -0.16444
v -1.31677 2.20000 -0.16075
v -1.44986 2.20000 -0.22994
f 1848 1849 1850
usemtl GrassLight
v -1.40184 2.20000 -0.26802
v -1.36479 2.20000 -0.12267
v -1.34312 2.37285 -0.18766
f 1851 1852 1853
usemtl GrassLight
v -1.34312 2.37285 -0.18766
v -1.36479 2.20000 -0.12267
v -1.40184 2.20000 -0.26802
f 1854 1855 1856
usemtl GrassLight
v -1.31223 2.20000 -0.21927
v -1.45440 2.20000 -0.17142
v -1.37148 2.35458 -0.22171
f 1857 1858 1859
usemtl GrassLight
v -1.37148 2.35458 -0.22171
v -1.45440 2.20000 -0.17142
v -1.31223 2.20000 -0.21927
f 1860 1861 1862
usemtl Grass
v -0.62707 2.20000 0.06570
v -0.53573 2.20000 0.18469
v -0.50741 2.58864 0.16779
f 1863 1864 1865
usemtl Grass
v -0.50741 2.58864 0.16779
v -0.53573 2.20000 0.18469
v -0.62707 2.20000 0.06570
f 1866 1867 1868
usemtl GrassDark
v -0.57163 2.20000 0.05084
v -0.59118 2.20000 0.19956
v -0.53427 2.39805 0.12055
f 1869 1870 1871
usemtl GrassDark
v -0.53427 2.39805 0.12055
v -0.59118 2.20000 0.19956
v -0.57163 2.20000 0.05084
f 1872 1873 1874
usemtl GrassDark
v -0.52020 2.20000 0.08184
v -0.64260 2.20000 0.16856
v -0.54810 2.44006 0.08994
f 1875 1876 1877
usemtl GrassDark
v -0.54810 2.44006 0.08994
v -0.64260 2.20000 0.16856
v -0.52020 2.20000 0.08184
f 1878 1879 1880
usemtl Grass
v -1.11327 2.20000 -0.41931
v -0.96425 2.20000 -0.40220
v -1.03264 2.42333 -0.37082
f 1881 1882 1883
usemtl Grass
v -1.03264 2.42333 -0.37082
v -0.96425 2.20000 -0.40220
v -1.11327 2.20000 -0.41931
f 1884 1885 1886
usemtl GrassLight
v -1.03153 2.20000 -0.48541
v -1.04599 2.20000 -0.33610
v -1.00155 2.35577 -0.41346
f 1887 1888 1889
usemtl GrassLight
v -1.00155 2.35577 -0.41346
v -1.04599 2.20000 -0.33610
v -1.03153 2.20000 -0.48541
f 1890 1891 1892
usemtl GrassDark
v -0.99333 2.20000 -0.47043
v -1.08418 2.20000 -0.35108
v -0.96259 2.59886 -0.45424
f 1893 1894 1895
usemtl GrassDark
v -0.96259 2.59886 -0.45424
v -1.08418 2.20000 -0.35108
v -0.99333 2.20000 -0.47043
f 1896 1897 1898
usemtl GrassLight
v -1.45738 2.20000 -0.31019
v -1.33025 2.20000 -0.23058
v -1.36409 2.43337 -0.23478
f 1899 1900 1901
usemtl GrassLight
v -1.36409 2.43337 -0.23478
v -1.33025 2.20000 -0.23058
v -1.45738 2.20000 -0.31019
f 1902 1903 1904
usemtl GrassDark
v -1.38873 2.20000 -0.34521
v -1.39890 2.20000 -0.19556
v -1.35294 2.37071 -0.27247
f 1905 1906 1907
usemtl GrassDark
v -1.35294 2.37071 -0.27247
v -1.39890 2.20000 -0.19556
v -1.38873 2.20000 -0.34521
f 1908 1909 1910
usemtl GrassLight
v -1.32589 2.20000 -0.30218
v -1.46174 2.20000 -0.23858
v -1.35376 2.59364 -0.33455
f 1911 1912 1913
usemtl GrassLight
v -1.35376 2.59364 -0.33455
v -1.46174 2.20000 -0.23858
v -1.32589 2.20000 -0.30218
f 1914 1915 1916
usemtl GrassLight
v -0.65489 2.20000 0.21764
v -0.55735 2.20000 0.33160
v -0.54479 2.53638 0.31399
f 1917 1918 1919
usemtl GrassLight
v -0.54479 2.53638 0.31399
v -0.55735 2.20000 0.33160
v -0.65489 2.20000 0.21764
f 1920 1921 1922
usemtl Grass
v -0.61738 2.20000 0.20047
v -0.59487 2.20000 0.34877
v -0.56661 2.36653 0.27912
f 1923 1924 1925
usemtl Grass
v -0.56661 2.36653 0.27912
v -0.59487 2.20000 0.34877
v -0.61738 2.20000 0.20047
f 1926 1927 1928
usemtl GrassDark
v -0.53166 2.20000 0.26564
v -0.68058 2.20000 0.28360
v -0.59644 2.53668 0.21445
f 1929 1930 1931
usemtl GrassDark
v -0.59644 2.53668 0.21445
v -0.68058 2.20000 0.28360
v -0.53166 2.20000 0.26564
f 1932 1933 1934
usemtl GrassLight
v -0.94853 2.20000 -0.20373
v -0.79861 2.20000 -0.19875
v -0.87123 2.49437 -0.14828
f 1935 1936 1937
usemtl GrassLight
v -0.87123 2.49437 -0.14828
v -0.79861 2.20000 -0.19875
v -0.94853 2.20000 -0.20373
f 1938 1939 1940
usemtl GrassLight
v -0.85682 2.20000 -0.27434
v -0.89033 2.20000 -0.12814
v -0.79424 2.53912 -0.21488
f 1941 1942 1943
usemtl GrassLight
v -0.79424 2.53912 -0.21488
v -0.89033 2.20000 -0.12814
v -0.85682 2.20000 -0.27434
f 1944 1945 1946
usemtl Grass
v -0.80745 2.20000 -0.23664
v -0.93970 2.20000 -0.16584
v -0.84418 2.45951 -0.24242
f 1947 1948 1949
usemtl Grass
v -0.84418 2.45951 -0.24242
v -0.93970 2.20000 -0.16584
v -0.80745 2.20000 -0.23664
f 1950 1951 1952
usemtl Grass
v -1.21584 2.20000 -0.14656
v -1.09702 2.20000 -0.05502
v -1.11739 2.46656 -0.06278
f 1953 1954 1955
usemtl Grass
v -1.11739 2.46656 -0.06278
v -1.09702 2.20000 -0.05502
v -1.21584 2.20000 -0.14656
f 1956 1957 1958
usemtl GrassLight
v -1.12238 2.20000 -0.16762
v -1.19048 2.20000 -0.03396
v -1.10499 2.44055 -0.12045
f 1959 1960 1961
usemtl GrassLight
v -1.10499 2.44055 -0.12045
v -1.19048 2.20000 -0.03396
v -1.12238 2.20000 -0.16762
f 1962 1963 1964
usemtl GrassDark
v -1.08193 2.20000 -0.10945
v -1.23093 2.20000 -0.09213
v -1.14627 2.56657 -0.16633
f 1965 1966 1967
usemtl GrassDark
v -1.14627 2.56657 -0.16633
v -1.23093 2.20000 -0.09213
v -1.08193 2.20000 -0.10945
f 1968 1969 1970
usemtl GrassLight
v -0.74169 2.20000 -0.35955
v -0.60790 2.20000 -0.29173
v -0.64202 2.50202 -0.27715
f 1971 1972 1973
usemtl GrassLight
v -0.64202 2.50202 -0.27715
v -0.60790 2.20000 -0.29173
v -0.74169 2.20000 -0.35955
f 1974 1975 1976
usemtl Grass
v -0.68637 2.20000 -0.39975
v -0.66322 2.20000 -0.25154
v -0.62312 2.41790 -0.31959
f 1977 1978 1979
usemtl Grass
v -0.62312 2.41790 -0.31959
v -0.66322 2.20000 -0.25154
v -0.68637 2.20000 -0.39975
f 1980 1981 1982
usemtl Grass
v -0.62705 2.20000 -0.38349
v -0.72253 2.20000 -0.26780
v -0.64436 2.36440 -0.34448
f 1983 1984 1985
usemtl Grass
v -0.64436 2.36440 -0.34448
v -0.72253 2.20000 -0.26780
v -0.62705 2.20000 -0.38349
f 1986 1987 1988
usemtl Grass
v -0.89391 2.20000 0.17715
v -0.77049 2.20000 0.26240
v -0.79303 2.48718 0.26231
f 1989 1990 1991
usemtl Grass
v -0.79303 2.48718 0.26231
v -0.77049 2.20000 0.26240
v -0.89391 2.20000 0.17715
f 1992 1993 1994
usemtl GrassDark
v -0.81991 2.20000 0.14579
v -0.84450 2.20000 0.29376
v -0.78208 2.41171 0.21353
f 1995 1996 1997
usemtl GrassDark
v -0.78208 2.41171 0.21353
v -0.84450 2.20000 0.29376
v -0.81991 2.20000 0.14579
f 1998 1999 2000
usemtl Grass
v -0.76502 2.20000 0.18643
v -0.89938 2.20000 0.25312
v -0.80763 2.43025 0.18265
f 2001 2002 2003
usemtl Grass
v -0.80763 2.43025 0.18265
v -0.89938 2.20000 0.25312
v -0.76502 2.20000 0.18643
f 2004 2005 2006
usemtl GrassLight
v -1.41653 2.20000 0.17144
v -1.26953 2.20000 0.20126
v -1.32804 2.51425 0.24179
f 2007 2008 2009
usemtl GrassLight
v -1.32804 2.51425 0.24179
v -1.26953 2.20000 0.20126
v -1.41653 2.20000 0.17144
f 2010 2011 2012
usemtl GrassLight
v -1.37714 2.20000 0.11956
v -1.30892 2.20000 0.25315
v -1.28589 2.46733 0.20824
f 2013 2014 2015
usemtl GrassLight
v -1.28589 2.46733 0.20824
v -1.30892 2.20000 0.25315
v -1.37714 2.20000 0.11956
f 2016 2017 2018
usemtl GrassLight
v -1.29269 2.20000 0.13076
v -1.39337 2.20000 0.24195
v -1.29781 2.45420 0.15564
f 2019 2020 2021
usemtl GrassLight
v -1.29781 2.45420 0.15564
v -1.39337 2.20000 0.24195
v -1.29269 2.20000 0.13076
f 2022 2023 2024
usemtl Grass
v -1.26373 2.20000 -0.16298
v -1.11549 2.20000 -0.14007
v -1.17526 2.59159 -0.08186
f 2025 2026 2027
usemtl Grass
v -1.17526 2.59159 -0.08186
v -1.11549 2.20000 -0.14007
v -1.26373 2.20000 -0.16298
f 2028 2029 2030
usemtl Grass
v -1.21590 2.20000 -0.22177
v -1.16333 2.20000 -0.08128
v -1.10800 2.56308 -0.12862
f 2031 2032 2033
usemtl Grass
v -1.10800 2.56308 -0.12862
v -1.16333 2.20000 -0.08128
v -1.21590 2.20000 -0.22177
f 2034 2035 2036
usemtl GrassDark
v -1.11911 2.20000 -0.17710
v -1.26012 2.20000 -0.12595
v -1.16197 2.53777 -0.20868
f 2037 2038 2039
usemtl GrassDark
v -1.16197 2.53777 -0.20868
v -1.26012 2.20000 -0.12595
v -1.11911 2.20000 -0.17710
f 2040 2041 2042
usemtl Grass
v -0.26789 2.20000 -0.15547
v -0.12923 2.20000 -0.09826
v -0.17694 2.43618 -0.08757
f 2043 2044 2045
usemtl Grass
v -0.17694 2.43618 -0.08757
v -0.12923 2.20000 -0.09826
v -0.26789 2.20000 -0.15547
f 2046 2047 2048
usemtl Grass
v -0.22209 2.20000 -0.19808
v -0.17503 2.20000 -0.05565
v -0.11235 2.57833 -0.10550
f 2049 2050 2051
usemtl Grass
v -0.11235 2.57833 -0.10550
v -0.17503 2.20000 -0.05565
v -0.22209 2.20000 -0.19808
f 2052 2053 2054
usemtl Grass
v -0.12516 2.20000 -0.14225
v -0.27197 2.20000 -0.11148
v -0.17964 2.58434 -0.19457
f 2055 2056 2057
usemtl Grass
v -0.17964 2.58434 -0.19457
v -0.27197 2.20000 -0.11148
v -0.12516 2.20000 -0.14225
f 2058 2059 2060
usemtl GrassDark
v -0.20700 2.20000 0.27764
v -0.06690 2.20000 0.33122
v -0.12277 2.36538 0.33224
f 2061 2062 2063
usemtl GrassDark
v -0.12277 2.36538 0.33224
v -0.06690 2.20000 0.33122
v -0.20700 2.20000 0.27764
f 2064 2065 2066
usemtl GrassDark
v -0.15263 2.20000 0.23109
v -0.12127 2.20000 0.37777
v -0.04841 2.57727 0.31863
f 2067 2068 2069
usemtl GrassDark
v -0.04841 2.57727 0.31863
v -0.12127 2.20000 0.37777
v -0.15263 2.20000 0.23109
f 2070 2071 2072
usemtl GrassLight
v -0.07053 2.20000 0.26960
v -0.20337 2.20000 0.33927
v -0.11218 2.42219 0.26901
f 2073 2074 2075
usemtl GrassLight
v -0.11218 2.42219 0.26901
v -0.20337 2.20000 0.33927
v -0.07053 2.20000 0.26960
f 2076 2077 2078
usemtl GrassLight
v 0.28100 2.20000 -0.08267
v 0.43041 2.20000 -0.06937
v 0.35920 2.36431 -0.04656
f 2079 2080 2081
usemtl GrassLight
v 0.35920 2.36431 -0.04656
v 0.43041 2.20000 -0.06937
v 0.28100 2.20000 -0.08267
f 2082 2083 2084
usemtl Grass
v 0.32630 2.20000 -0.14502
v 0.38512 2.20000 -0.00703
v 0.42716 2.52366 -0.05318
f 2085 2086 2087
usemtl Grass
v 0.42716 2.52366 -0.05318
v 0.38512 2.20000 -0.00703
v 0.32630 2.20000 -0.14502
f 2088 2089 2090
usemtl GrassDark
v 0.41139 2.20000 -0.12627
v 0.30002 2.20000 -0.02578
v 0.39286 2.43109 -0.10690
f 2091 2092 2093
usemtl GrassDark
v 0.39286 2.43109 -0.10690
v 0.30002 2.20000 -0.02578
v 0.41139 2.20000 -0.12627
f 2094 2095 2096
usemtl Grass
v -0.26375 2.20000 -0.03065
v -0.16160 2.20000 0.07919
v -0.15649 2.51967 0.06346
f 2097 2098 2099
usemtl Grass
v -0.15649 2.51967 0.06346
v -0.16160 2.20000 0.07919
v -0.26375 2.20000 -0.03065
f 2100 2101 2102
usemtl Grass
v -0.22008 2.20000 -0.05036
v -0.20528 2.20000 0.09891
v -0.15004 2.46225 0.02893
f 2103 2104 2105
usemtl Grass
v -0.15004 2.46225 0.02893
v -0.20528 2.20000 0.09891
v -0.22008 2.20000 -0.05036
f 2106 2107 2108
usemtl Grass
v -0.14415 2.20000 -0.00622
v -0.28120 2.20000 0.05476
v -0.17824 2.55293 -0.03377
f 2109 2110 2111
usemtl Grass
v -0.17824 2.55293 -0.03377
v -0.28120 2.20000 0.05476
v -0.14415 2.20000 -0.00622
f 2112 2113 2114
usemtl GrassLight
v 0.07101 2.20000 -0.22728
v 0.17473 2.20000 -0.11891
v 0.15586 2.39026 -0.14941
f 2115 2116 2117
usemtl GrassLight
v 0.15586 2.39026 -0.14941
v 0.17473 2.20000 -0.11891
v 0.07101 2.20000 -0.22728
f 2118 2119 2120
usemtl GrassDark
v 0.14815 2.20000 -0.24371
v 0.09759 2.20000 -0.10248
v 0.20533 2.56493 -0.19523
f 2121 2122 2123
usemtl GrassDark
v 0.20533 2.56493 -0.19523
v 0.09759 2.20000 -0.10248
v 0.14815 2.20000 -0.24371
f 2124 2125 2126
usemtl GrassDark
v 0.17207 2.20000 -0.22970
v 0.07367 2.20000 -0.11648
v 0.16116 2.41137 -0.19805
f 2127 2128 2129
usemtl GrassDark
v 0.16116 2.41137 -0.19805
v 0.07367 2.20000 -0.11648
v 0.17207 2.20000 -0.22970
f 2130 2131 2132
usemtl GrassLight
v -0.46917 2.20000 -0.33946
v -0.35899 2.20000 -0.23768
v -0.38717 2.36523 -0.26672
f 2133 2134 2135
usemtl GrassLight
v -0.38717 2.36523 -0.26672
v -0.35899 2.20000 -0.23768
v -0.46917 2.20000 -0.33946
f 2136 2137 2138
usemtl GrassDark
v -0.39454 2.20000 -0.36098
v -0.43362 2.20000 -0.21616
v -0.37322 2.37632 -0.29684
f 2139 2140 2141
usemtl GrassDark
v -0.37322 2.37632 -0.29684
v -0.43362 2.20000 -0.21616
v -0.39454 2.20000 -0.36098
f 2142 2143 2144
usemtl Grass
v -0.34133 2.20000 -0.30681
v -0.48683 2.20000 -0.27032
v -0.39958 2.44833 -0.33192
f 2145 2146 2147
usemtl Grass
v -0.39958 2.44833 -0.33192
v -0.48683 2.20000 -0.27032
v -0.34133 2.20000 -0.30681
f 2148 2149 2150
usemtl GrassLight
v -0.46957 2.20000 0.04206
v -0.32148 2.20000 0.06590
v -0.38212 2.55129 0.11641
f 2151 2152 2153
usemtl GrassLight
v -0.38212 2.55129 0.11641
v -0.32148 2.20000 0.06590
v -0.46957 2.20000 0.04206
f 2154 2155 2156
usemtl Grass
v -0.42098 2.20000 -0.01657
v -0.37007 2.20000 0.12453
v -0.33439 2.47079 0.07053
f 2157 2158 2159
usemtl Grass
v -0.33439 2.47079 0.07053
v -0.37007 2.20000 0.12453
v -0.42098 2.20000 -0.01657
f 2160 2161 2162
usemtl GrassDark
v -0.34900 2.20000 -0.00484
v -0.44205 2.20000 0.11281
v -0.35281 2.42693 0.02864
f 2163 2164 2165
usemtl GrassDark
v -0.35281 2.42693 0.02864
v -0.44205 2.20000 0.11281
v -0.34900 2.20000 -0.00484
f 2166 2167 2168
usemtl GrassDark
v 0.35966 2.20000 -0.17095
v 0.46000 2.20000 -0.05945
v 0.44311 2.38653 -0.09274
f 2169 2170 2171
usemtl GrassDark
v 0.44311 2.38653 -0.09274
v 0.46000 2.20000 -0.05945
v 0.35966 2.20000 -0.17095
f 2172 2173 2174
usemtl GrassLight
v 0.43246 2.20000 -0.18670
v 0.38720 2.20000 -0.04369
v 0.48119 2.51188 -0.13214
f 2175 2176 2177
usemtl GrassLight
v 0.48119 2.51188 -0.13214
v 0.38720 2.20000 -0.04369
v 0.43246 2.20000 -0.18670
f 2178 2179 2180
usemtl GrassLight
v 0.46399 2.20000 -0.16708
v 0.35567 2.20000 -0.06332
v 0.45644 2.48074 -0.15169
f 2181 2182 2183
usemtl GrassLight
v 0.45644 2.48074 -0.15169
v 0.35567 2.20000 -0.06332
v 0.46399 2.20000 -0.16708
f 2184 2185 2186
usemtl GrassLight
v 0.06842 2.20000 0.31742
v 0.19958 2.20000 0.39021
v 0.17001 2.50914 0.40247
f 2187 2188 2189
usemtl GrassLight
v 0.17001 2.50914 0.40247
v 0.19958 2.20000 0.39021
v 0.06842 2.20000 0.31742
f 2190 2191 2192
usemtl GrassLight
v 0.10188 2.20000 0.28604
v 0.16612 2.20000 0.42159
v 0.21957 2.59455 0.38422
f 2193 2194 2195
usemtl GrassLight
v 0.21957 2.59455 0.38422
v 0.16612 2.20000 0.42159
v 0.10188 2.20000 0.28604
f 2196 2197 2198
usemtl GrassDark
v 0.20891 2.20000 0.35008
v 0.05909 2.20000 0.35754
v 0.13654 2.41226 0.31565
f 2199 2200 2201
usemtl GrassDark
v 0.13654 2.41226 0.31565
v 0.05909 2.20000 0.35754
v 0.20891 2.20000 0.35008
f 2202 2203 2204
usemtl Grass
v -0.20045 2.20000 0.27746
v -0.10852 2.20000 0.39599
v -0.10065 2.48388 0.36804
f 2205 2206 2207
usemtl Grass
v -0.10065 2.48388 0.36804
v -0.10852 2.20000 0.39599
v -0.20045 2.20000 0.27746
f 2208 2209 2210
usemtl GrassLight
v -0.13242 2.20000 0.26504
v -0.17654 2.20000 0.40841
v -0.09561 2.45664 0.32314
f 2211 2212 2213
usemtl GrassLight
v -0.09561 2.45664 0.32314
v -0.17654 2.20000 0.40841
v -0.13242 2.20000 0.26504
f 2214 2215 2216
usemtl GrassDark
v -0.08628 2.20000 0.30552
v -0.22268 2.20000 0.36793
v -0.12183 2.52707 0.28319
f 2217 2218 2219
usemtl GrassDark
v -0.12183 2.52707 0.28319
v -0.22268 2.20000 0.36793
v -0.08628 2.20000 0.30552
f 2220 2221 2222
usemtl Wood
v -0.10717 2.17000 0.15012
v -0.10717 2.65000 0.15012
v -0.02217 2.65000 0.15012
v -0.02217 2.17000 0.15012
f 2223 2224 2225
f 2223 2225 2226
usemtl Wood
v -0.02217 2.17000 0.23512
v -0.02217 2.65000 0.23512
v -0.10717 2.65000 0.23512
v -0.10717 2.17000 0.23512
f 2227 2228 2229
f 2227 2229 2230
usemtl Wood
v -0.10717 2.17000 0.23512
v -0.10717 2.65000 0.23512
v -0.10717 2.65000 0.15012
v -0.10717 2.17000 0.15012
f 2231 2232 2233
f 2231 2233 2234
usemtl Wood
v -0.02217 2.17000 0.15012
v -0.02217 2.65000 0.15012
v -0.02217 2.65000 0.23512
v -0.02217 2.17000 0.23512
f 2235 2236 2237
f 2235 2237 2238
usemtl Wood
v -0.10717 2.17000 0.23512
v -0.10717 2.17000 0.15012
v -0.02217 2.17000 0.15012
v -0.02217 2.17000 0.23512
f 2239 2240 2241
f 2239 2241 2242
usemtl Wood
v -0.10717 2.65000 0.15012
v -0.10717 2.65000 0.23512
v -0.02217 2.65000 0.23512
v -0.02217 2.65000 0.15012
f 2243 2244 2245
f 2243 2245 2246
usemtl Lemon
v -0.06467 3.11000 0.19262
v 0.07641 2.99577 0.35294
v 0.16160 2.99577 0.19262
f 2247 2248 2249
usemtl Lemon
v 0.16160 2.99577 0.19262
v 0.07641 2.99577 0.35294
v 0.13484 2.72000 0.41935
v 0.25533 2.72000 0.19262
f 2250 2251 2252
f 2250 2252 2253
usemtl Lemon
v 0.25533 2.72000 0.19262
v 0.13484 2.72000 0.41935
v 0.07641 2.44423 0.35294
v 0.16160 2.44423 0.19262
f 2254 2255 2256
f 2254 2256 2257
usemtl Lemon
v 0.16160 2.44423 0.19262
v 0.07641 2.44423 0.35294
v -0.06467 2.33000 0.19262
f 2258 2259 2260
usemtl Lemon
v -0.06467 3.11000 0.19262
v -0.11502 2.99577 0.39254
v 0.07641 2.99577 0.35294
f 2261 2262 2263
usemtl Lemon
v 0.07641 2.99577 0.35294
v -0.11502 2.99577 0.39254
v -0.13588 2.72000 0.47535
v 0.13484 2.72000 0.41935
f 2264 2265 2266
f 2264 2266 2267
usemtl Lemon
v 0.13484 2.72000 0.41935
v -0.13588 2.72000 0.47535
v -0.11502 2.44423 0.39254
v 0.07641 2.44423 0.35294
f 2268 2269 2270
f 2268 2270 2271
usemtl Lemon
v 0.07641 2.44423 0.35294
v -0.11502 2.44423 0.39254
v -0.06467 2.33000 0.19262
f 2272 2273 2274
usemtl Lemon
v -0.06467 3.11000 0.19262
v -0.26854 2.99577 0.28159
v -0.11502 2.99577 0.39254
f 2275 2276 2277
usemtl Lemon
v -0.11502 2.99577 0.39254
v -0.26854 2.99577 0.28159
v -0.35298 2.72000 0.31844
v -0.13588 2.72000 0.47535
f 2278 2279 2280
f 2278 2280 2281
usemtl Lemon
v -0.13588 2.72000 0.47535
v -0.35298 2.72000 0.31844
v -0.26854 2.44423 0.28159
v -0.11502 2.44423 0.39254
f 2282 2283 2284
f 2282 2284 2285
usemtl Lemon
v -0.11502 2.44423 0.39254
v -0.26854 2.44423 0.28159
v -0.06467 2.33000 0.19262
f 2286 2287 2288
usemtl Lemon
v -0.06467 3.11000 0.19262
v -0.26854 2.99577 0.10365
v -0.26854 2.99577 0.28159
f 2289 2290 2291
usemtl Lemon
v -0.26854 2.99577 0.28159
v -0.26854 2.99577 0.10365
v -0.35298 2.72000 0.06679
v -0.35298 2.72000 0.31844
f 2292 2293 2294
f 2292 2294 2295
usemtl Lemon
v -0.35298 2.72000 0.31844
v -0.35298 2.72000 0.06679
v -0.26854 2.44423 0.10365
v -0.26854 2.44423 0.28159
f 2296 2297 2298
f 2296 2298 2299
usemtl Lemon
v -0.26854 2.44423 0.28159
v -0.26854 2.44423 0.10365
v -0.06467 2.33000 0.19262
f 2300 2301 2302
usemtl Lemon
v -0.06467 3.11000 0.19262
v -0.11502 2.99577 -0.00730
v -0.26854 2.99577 0.10365
f 2303 2304 2305
usemtl Lemon
v -0.26854 2.99577 0.10365
v -0.11502 2.99577 -0.00730
v -0.13588 2.72000 -0.09011
v -0.35298 2.72000 0.06679
f 2306 2307 2308
f 2306 2308 2309
usemtl Lemon
v -0.35298 2.72000 0.06679
v -0.13588 2.72000 -0.09011
v -0.11502 2.44423 -0.00730
v -0.26854 2.44423 0.10365
f 2310 2311 2312
f 2310 2312 2313
usemtl Lemon
v -0.26854 2.44423 0.10365
v -0.11502 2.44423 -0.00730
v -0.06467 2.33000 0.19262
f 2314 2315 2316
usemtl Lemon
v -0.06467 3.11000 0.19262
v 0.07641 2.99577 0.03230
v -0.11502 2.99577 -0.00730
f 2317 2318 2319
usemtl Lemon
v -0.11502 2.99577 -0.00730
v 0.07641 2.99577 0.03230
v 0.13484 2.72000 -0.03411
v -0.13588 2.72000 -0.09011
f 2320 2321 2322
f 2320 2322 2323
usemtl Lemon
v -0.13588 2.72000 -0.09011
v 0.13484 2.72000 -0.03411
v 0.07641 2.44423 0.03230
v -0.11502 2.44423 -0.00730
f 2324 2325 2326
f 2324 2326 2327
usemtl Lemon
v -0.11502 2.44423 -0.00730
v 0.07641 2.44423 0.03230
v -0.06467 2.33000 0.19262
f 2328 2329 2330
usemtl Lemon
v -0.06467 3.11000 0.19262
v 0.16160 2.99577 0.19262
v 0.07641 2.99577 0.03230
f 2331 2332 2333
usemtl Lemon
v 0.07641 2.99577 0.03230
v 0.16160 2.99577 0.19262
v 0.25533 2.72000 0.19262
v 0.13484 2.72000 -0.03411
f 2334 2335 2336
f 2334 2336 2337
usemtl Lemon
v 0.13484 2.72000 -0.03411
v 0.25533 2.72000 0.19262
v 0.16160 2.44423 0.19262
v 0.07641 2.44423 0.03230
f 2338 2339 2340
f 2338 2340 2341
usemtl Lemon
v 0.07641 2.44423 0.03230
v 0.16160 2.44423 0.19262
v -0.06467 2.33000 0.19262
f 2342 2343 2344
usemtl LemonLight
v -0.21467 2.93000 0.33262
v -0.11768 2.85092 0.45977
v -0.05911 2.85092 0.33262
f 2345 2346 2347
usemtl LemonLight
v -0.05911 2.85092 0.33262
v -0.11768 2.85092 0.45977
v -0.07751 2.66000 0.51244
v 0.00533 2.66000 0.33262
f 2348 2349 2350
f 2348 2350 2351
usemtl LemonLight
v 0.00533 2.66000 0.33262
v -0.07751 2.66000 0.51244
v -0.11768 2.46908 0.45977
v -0.05911 2.46908 0.33262
f 2352 2353 2354
f 2352 2354 2355
usemtl LemonLight
v -0.05911 2.46908 0.33262
v -0.11768 2.46908 0.45977
v -0.21467 2.39000 0.33262
f 2356 2357 2358
usemtl LemonLight
v -0.21467 2.93000 0.33262
v -0.24929 2.85092 0.49118
v -0.11768 2.85092 0.45977
f 2359 2360 2361
usemtl LemonLight
v -0.11768 2.85092 0.45977
v -0.24929 2.85092 0.49118
v -0.26363 2.66000 0.55685
v -0.07751 2.66000 0.51244
f 2362 2363 2364
f 2362 2364 2365
usemtl LemonLight
v -0.07751 2.66000 0.51244
v -0.26363 2.66000 0.55685
v -0.24929 2.46908 0.49118
v -0.11768 2.46908 0.45977
f 2366 2367 2368
f 2366 2368 2369
usemtl LemonLight
v -0.11768 2.46908 0.45977
v -0.24929 2.46908 0.49118
v -0.21467 2.39000 0.33262
f 2370 2371 2372
usemtl LemonLight
v -0.21467 2.93000 0.33262
v -0.35483 2.85092 0.40318
v -0.24929 2.85092 0.49118
f 2373 2374 2375
usemtl LemonLight
v -0.24929 2.85092 0.49118
v -0.35483 2.85092 0.40318
v -0.41289 2.66000 0.43241
v -0.26363 2.66000 0.55685
f 2376 2377 2378
f 2376 2378 2379
usemtl LemonLight
v -0.26363 2.66000 0.55685
v -0.41289 2.66000 0.43241
v -0.35483 2.46908 0.40318
v -0.24929 2.46908 0.49118
f 2380 2381 2382
f 2380 2382 2383
usemtl LemonLight
v -0.24929 2.46908 0.49118
v -0.35483 2.46908 0.40318
v -0.21467 2.39000 0.33262
f 2384 2385 2386
usemtl LemonLight
v -0.21467 2.93000 0.33262
v -0.35483 2.85092 0.26205
v -0.35483 2.85092 0.40318
f 2387 2388 2389
usemtl LemonLight
v -0.35483 2.85092 0.40318
v -0.35483 2.85092 0.26205
v -0.41289 2.66000 0.23283
v -0.41289 2.66000 0.43241
f 2390 2391 2392
f 2390 2392 2393
usemtl LemonLight
v -0.41289 2.66000 0.43241
v -0.41289 2.66000 0.23283
v -0.35483 2.46908 0.26205
v -0.35483 2.46908 0.40318
f 2394 2395 2396
f 2394 2396 2397
usemtl LemonLight
v -0.35483 2.46908 0.40318
v -0.35483 2.46908 0.26205
v -0.21467 2.39000 0.33262
f 2398 2399 2400
usemtl LemonLight
v -0.21467 2.93000 0.33262
v -0.24929 2.85092 0.17406
v -0.35483 2.85092 0.26205
f 2401 2402 2403
usemtl LemonLight
v -0.35483 2.85092 0.26205
v -0.24929 2.85092 0.17406
v -0.26363 2.66000 0.10838
v -0.41289 2.66000 0.23283
f 2404 2405 2406
f 2404 2406 2407
usemtl LemonLight
v -0.41289 2.66000 0.23283
v -0.26363 2.66000 0.10838
v -0.24929 2.46908 0.17406
v -0.35483 2.46908 0.26205
f 2408 2409 2410
f 2408 2410 2411
usemtl LemonLight
v -0.35483 2.46908 0.26205
v -0.24929 2.46908 0.17406
v -0.21467 2.39000 0.33262
f 2412 2413 2414
usemtl LemonLight
v -0.21467 2.93000 0.33262
v -0.11768 2.85092 0.20547
v -0.24929 2.85092 0.17406
f 2415 2416 2417
usemtl LemonLight
v -0.24929 2.85092 0.17406
v -0.11768 2.85092 0.20547
v -0.07751 2.66000 0.15280
v -0.26363 2.66000 0.10838
f 2418 2419 2420
f 2418 2420 2421
usemtl LemonLight
v -0.26363 2.66000 0.10838
v -0.07751 2.66000 0.15280
v -0.11768 2.46908 0.20547
v -0.24929 2.46908 0.17406
f 2422 2423 2424
f 2422 2424 2425
usemtl LemonLight
v -0.24929 2.46908 0.17406
v -0.11768 2.46908 0.20547
v -0.21467 2.39000 0.33262
f 2426 2427 2428
usemtl LemonLight
v -0.21467 2.93000 0.33262
v -0.05911 2.85092 0.33262
v -0.11768 2.85092 0.20547
f 2429 2430 2431
usemtl LemonLight
v -0.11768 2.85092 0.20547
v -0.05911 2.85092 0.33262
v 0.00533 2.66000 0.33262
v -0.07751 2.66000 0.15280
f 2432 2433 2434
f 2432 2434 2435
usemtl LemonLight
v -0.07751 2.66000 0.15280
v 0.00533 2.66000 0.33262
v -0.05911 2.46908 0.33262
v -0.11768 2.46908 0.20547
f 2436 2437 2438
f 2436 2438 2439
usemtl LemonLight
v -0.11768 2.46908 0.20547
v -0.05911 2.46908 0.33262
v -0.21467 2.39000 0.33262
f 2440 2441 2442
usemtl GrassDark
v 0.54314 1.59000 0.33229
v 0.66501 1.59000 0.41974
v 0.64622 1.89121 0.42006
f 2443 2444 2445
usemtl GrassDark
v 0.64622 1.89121 0.42006
v 0.66501 1.59000 0.41974
v 0.54314 1.59000 0.33229
f 2446 2447 2448
usemtl GrassDark
v 0.59232 1.59000 0.30194
v 0.61582 1.59000 0.45009
v 0.68058 1.91277 0.38512
f 2449 2450 2451
usemtl GrassDark
v 0.68058 1.91277 0.38512
v 0.61582 1.59000 0.45009
v 0.59232 1.59000 0.30194
f 2452 2453 2454
usemtl GrassDark
v 0.67704 1.59000 0.35866
v 0.53111 1.59000 0.39337
v 0.61537 1.79346 0.34039
f 2455 2456 2457
usemtl GrassDark
v 0.61537 1.79346 0.34039
v 0.53111 1.59000 0.39337
v 0.67704 1.59000 0.35866
f 2458 2459 2460
usemtl GrassDark
v 1.14515 1.59000 -0.32888
v 1.23626 1.59000 -0.20972
v 1.23582 1.82659 -0.24343
f 2461 2462 2463
usemtl GrassDark
v 1.23582 1.82659 -0.24343
v 1.23626 1.59000 -0.20972
v 1.14515 1.59000 -0.32888
f 2464 2465 2466
usemtl GrassLight
v 1.16626 1.59000 -0.34020
v 1.21516 1.59000 -0.19840
v 1.26185 1.90356 -0.25090
f 2467 2468 2469
usemtl GrassLight
v 1.26185 1.90356 -0.25090
v 1.21516 1.59000 -0.19840
v 1.16626 1.59000 -0.34020
f 2470 2471 2472
usemtl Grass
v 1.25619 1.59000 -0.30586
v 1.12523 1.59000 -0.23273
v 1.23013 1.92694 -0.32225
f 2473 2474 2475
usemtl Grass
v 1.23013 1.92694 -0.32225
v 1.12523 1.59000 -0.23273
v 1.25619 1.59000 -0.30586
f 2476 2477 2478
usemtl GrassLight
v 1.28780 1.59000 0.21596
v 1.41339 1.59000 0.29798
v 1.40278 1.98767 0.31690
f 2479 2480 2481
usemtl GrassLight
v 1.40278 1.98767 0.31690
v 1.41339 1.59000 0.29798
v 1.28780 1.59000 0.21596
f 2482 2483 2484
usemtl Grass
v 1.32018 1.59000 0.18841
v 1.38100 1.59000 0.32553
v 1.41277 1.87340 0.27765
f 2485 2486 2487
usemtl Grass
v 1.41277 1.87340 0.27765
v 1.38100 1.59000 0.32553
v 1.32018 1.59000 0.18841
f 2488 2489 2490
usemtl Grass
v 1.42536 1.59000 0.25108
v 1.27582 1.59000 0.26286
v 1.35690 1.92505 0.19685
f 2491 2492 2493
usemtl Grass
v 1.35690 1.92505 0.19685
v 1.27582 1.59000 0.26286
v 1.42536 1.59000 0.25108
f 2494 2495 2496
usemtl Grass
v 1.20704 1.59000 -0.00719
v 1.33332 1.59000 0.07376
v 1.29411 1.77476 0.06128
f 2497 2498 2499
usemtl Grass
v 1.29411 1.77476 0.06128
v 1.33332 1.59000 0.07376
v 1.20704 1.59000 -0.00719
f 2500 2501 2502
usemtl GrassLight
v 1.27073 1.59000 -0.04171
v 1.26963 1.59000 0.10828
v 1.30974 1.75483 0.03307
f 2503 2504 2505
usemtl GrassLight
v 1.30974 1.75483 0.03307
v 1.26963 1.59000 0.10828
v 1.27073 1.59000 -0.04171
f 2506 2507 2508
usemtl GrassLight
v 1.33781 1.59000 0.00087
v 1.20255 1.59000 0.06570
v 1.29363 1.81608 -0.00341
f 2509 2510 2511
usemtl GrassLight
v 1.29363 1.81608 -0.00341
v 1.20255 1.59000 0.06570
v 1.33781 1.59000 0.00087
f 2512 2513 2514
usemtl GrassLight
v 0.65406 1.59000 -0.09504
v 0.80229 1.59000 -0.07206
v 0.73786 1.85326 -0.03672
f 2515 2516 2517
usemtl GrassLight
v 0.73786 1.85326 -0.03672
v 0.80229 1.59000 -0.07206
v 0.65406 1.59000 -0.09504
f 2518 2519 2520
usemtl GrassLight
v 0.71783 1.59000 -0.15783
v 0.73853 1.59000 -0.00927
v 0.78261 1.81897 -0.07786
f 2521 2522 2523
usemtl GrassLight
v 0.78261 1.81897 -0.07786
v 0.73853 1.59000 -0.00927
v 0.71783 1.59000 -0.15783
f 2524 2525 2526
usemtl GrassDark
v 0.78502 1.59000 -0.13248
v 0.67134 1.59000 -0.03462
v 0.78571 1.95744 -0.13367
f 2527 2528 2529
usemtl GrassDark
v 0.78571 1.95744 -0.13367
v 0.67134 1.59000 -0.03462
v 0.78502 1.59000 -0.13248
f 2530 2531 2532
usemtl GrassLight
v 0.89493 1.59000 0.06769
v 1.04179 1.59000 0.09822
v 0.98138 1.85667 0.12995
f 2533 2534 2535
usemtl GrassLight
v 0.98138 1.85667 0.12995
v 1.04179 1.59000 0.09822
v 0.89493 1.59000 0.06769
f 2536 2537 2538
usemtl GrassLight
v 0.98114 1.59000 0.00905
v 0.95558 1.59000 0.15686
v 1.03265 1.86186 0.07462
f 2539 2540 2541
usemtl GrassLight
v 1.03265 1.86186 0.07462
v 0.95558 1.59000 0.15686
v 0.98114 1.59000 0.00905
f 2542 2543 2544
usemtl GrassLight
v 1.03625 1.59000 0.05108
v 0.90047 1.59000 0.11483
v 1.00543 1.95345 0.02374
f 2545 2546 2547
usemtl GrassLight
v 1.00543 1.95345 0.02374
v 0.90047 1.59000 0.11483
v 1.03625 1.59000 0.05108
f 2548 2549 2550
usemtl Grass
v 1.14364 1.59000 -0.19381
v 1.27988 1.59000 -0.13105
v 1.23673 1.83866 -0.12178
f 2551 2552 2553
usemtl Grass
v 1.23673 1.83866 -0.12178
v 1.27988 1.59000 -0.13105
v 1.14364 1.59000 -0.19381
f 2554 2555 2556
usemtl GrassLight
v 1.20534 1.59000 -0.23716
v 1.21817 1.59000 -0.08771
v 1.30711 1.98878 -0.15629
f 2557 2558 2559
usemtl GrassLight
v 1.30711 1.98878 -0.15629
v 1.21817 1.59000 -0.08771
v 1.20534 1.59000 -0.23716
f 2560 2561 2562
usemtl GrassDark
v 1.28463 1.59000 -0.18017
v 1.13888 1.59000 -0.14469
v 1.22083 1.74979 -0.19038
f 2563 2564 2565
usemtl GrassDark
v 1.22083 1.74979 -0.19038
v 1.13888 1.59000 -0.14469
v 1.28463 1.59000 -0.18017
f 2566 2567 2568
usemtl Grass
v 0.82465 1.59000 -0.08115
v 0.95972 1.59000 -0.01591
v 0.93209 1.97238 0.01345
f 2569 2570 2571
usemtl Grass
v 0.93209 1.97238 0.01345
v 0.95972 1.59000 -0.01591
v 0.82465 1.59000 -0.08115
f 2572 2573 2574
usemtl GrassLight
v 0.91507 1.59000 -0.11995
v 0.86929 1.59000 0.02289
v 0.93124 1.76089 -0.05792
f 2575 2576 2577
usemtl GrassLight
v 0.93124 1.76089 -0.05792
v 0.86929 1.59000 0.02289
v 0.91507 1.59000 -0.11995
f 2578 2579 2580
usemtl GrassDark
v 0.93766 1.59000 -0.10817
v 0.84671 1.59000 0.01111
v 0.92194 1.74592 -0.06555
f 2581 2582 2583
usemtl GrassDark
v 0.92194 1.74592 -0.06555
v 0.84671 1.59000 0.01111
v 0.93766 1.59000 -0.10817
f 2584 2585 2586
usemtl Grass
v 2.29065 0.98000 -0.08682
v 2.42105 0.98000 -0.01269
v 2.39191 1.28409 -0.00217
f 2587 2588 2589
usemtl Grass
v 2.39191 1.28409 -0.00217
v 2.42105 0.98000 -0.01269
v 2.29065 0.98000 -0.08682
f 2590 2591 2592
usemtl Grass
v 2.38978 0.98000 -0.11664
v 2.32192 0.98000 0.01713
v 2.40484 1.20887 -0.06839
f 2593 2594 2595
usemtl Grass
v 2.40484 1.20887 -0.06839
v 2.32192 0.98000 0.01713
v 2.38978 0.98000 -0.11664
f 2596 2597 2598
usemtl GrassDark
v 2.40687 0.98000 -0.10473
v 2.30483 0.98000 0.00521
v 2.42031 1.34643 -0.09463
f 2599 2600 2601
usemtl GrassDark
v 2.42031 1.34643 -0.09463
v 2.30483 0.98000 0.00521
v 2.40687 0.98000 -0.10473
f 2602 2603 2604
usemtl GrassDark
v 2.24809 0.98000 -0.02170
v 2.39799 0.98000 -0.01621
v 2.32458 1.15522 0.01256
f 2605 2606 2607
usemtl GrassDark
v 2.32458 1.15522 0.01256
v 2.39799 0.98000 -0.01621
v 2.24809 0.98000 -0.02170
f 2608 2609 2610
usemtl GrassLight
v 2.28890 0.98000 -0.08574
v 2.35718 0.98000 0.04782
v 2.38201 1.25593 0.00365
f 2611 2612 2613
usemtl GrassLight
v 2.38201 1.25593 0.00365
v 2.35718 0.98000 0.04782
v 2.28890 0.98000 -0.08574
f 2614 2615 2616
usemtl Grass
v 2.37882 0.98000 -0.06909
v 2.26726 0.98000 0.03118
v 2.37818 1.32374 -0.06498
f 2617 2618 2619
usemtl Grass
v 2.37818 1.32374 -0.06498
v 2.26726 0.98000 0.03118
v 2.37882 0.98000 -0.06909
f 2620 2621 2622
usemtl GrassLight
v 1.83530 0.98000 0.04302
v 1.98395 0.98000 0.06313
v 1.91861 1.25938 0.10291
f 2623 2624 2625
usemtl GrassLight
v 1.91861 1.25938 0.10291
v 1.98395 0.98000 0.06313
v 1.83530 0.98000 0.04302
f 2626 2627 2628
usemtl GrassLight
v 1.91684 0.98000 -0.02158
v 1.90241 0.98000 0.12773
v 1.97441 1.25121 0.04838
f 2629 2630 2631
usemtl GrassLight
v 1.97441 1.25121 0.04838
v 1.90241 0.98000 0.12773
v 1.91684 0.98000 -0.02158
f 2632 2633 2634
usemtl GrassLight
v 1.98194 0.98000 0.03319
v 1.83731 0.98000 0.07296
v 1.93380 1.35997 -0.01287
f 2635 2636 2637
usemtl GrassLight
v 1.93380 1.35997 -0.01287
v 1.83731 0.98000 0.07296
v 1.98194 0.98000 0.03319
f 2638 2639 2640
usemtl GrassLight
v 1.69822 0.98000 -0.18406
v 1.83642 0.98000 -0.12575
v 1.78265 1.14438 -0.12764
f 2641 2642 2643
usemtl GrassLight
v 1.78265 1.14438 -0.12764
v 1.83642 0.98000 -0.12575
v 1.69822 0.98000 -0.18406
f 2644 2645 2646
usemtl GrassLight
v 1.74025 0.98000 -0.22485
v 1.79439 0.98000 -0.08496
v 1.84048 1.30689 -0.13367
f 2647 2648 2649
usemtl GrassLight
v 1.84048 1.30689 -0.13367
v 1.79439 0.98000 -0.08496
v 1.74025 0.98000 -0.22485
f 2650 2651 2652
usemtl GrassDark
v 1.82157 0.98000 -0.20668
v 1.71306 0.98000 -0.10312
v 1.82428 1.32374 -0.19966
f 2653 2654 2655
usemtl GrassDark
v 1.82428 1.32374 -0.19966
v 1.71306 0.98000 -0.10312
v 1.82157 0.98000 -0.20668
f 2656 2657 2658
usemtl GrassDark
v 1.98205 0.98000 -0.08621
v 2.06575 0.98000 0.03827
v 2.07794 1.25132 0.00328
f 2659 2660 2661
usemtl GrassDark
v 2.07794 1.25132 0.00328
v 2.06575 0.98000 0.03827
v 1.98205 0.98000 -0.08621
f 2662 2663 2664
usemtl GrassDark
v 1.99771 0.98000 -0.09425
v 2.05009 0.98000 0.04631
v 2.07677 1.21508 -0.00919
f 2665 2666 2667
usemtl GrassDark
v 2.07677 1.21508 -0.00919
v 2.05009 0.98000 0.04631
v 1.99771 0.98000 -0.09425
f 2668 2669 2670
usemtl GrassDark
v 2.08036 0.98000 -0.07334
v 1.96744 0.98000 0.02540
v 2.05687 1.18868 -0.05225
f 2671 2672 2673
usemtl GrassDark
v 2.05687 1.18868 -0.05225
v 1.96744 0.98000 0.02540
v 2.08036 0.98000 -0.07334
f 2674 2675 2676
usemtl Grass
v 2.00320 0.98000 0.33266
v 2.15189 0.98000 0.35239
v 2.08503 1.21721 0.38485
f 2677 2678 2679
usemtl Grass
v 2.08503 1.21721 0.38485
v 2.15189 0.98000 0.35239
v 2.00320 0.98000 0.33266
f 2680 2681 2682
usemtl GrassDark
v 2.07069 0.98000 0.26784
v 2.08440 0.98000 0.41721
v 2.16324 1.33855 0.34842
f 2683 2684 2685
usemtl GrassDark
v 2.16324 1.33855 0.34842
v 2.08440 0.98000 0.41721
v 2.07069 0.98000 0.26784
f 2686 2687 2688
usemtl GrassLight
v 2.14704 0.98000 0.31432
v 2.00805 0.98000 0.37074
v 2.10332 1.26549 0.29491
f 2689 2690 2691
usemtl GrassLight
v 2.10332 1.26549 0.29491
v 2.00805 0.98000 0.37074
v 2.14704 0.98000 0.31432
f 2692 2693 2694
usemtl GrassLight
v 2.27100 0.98000 -0.23982
v 2.36943 0.98000 -0.12663
v 2.38706 1.34909 -0.13963
f 2695 2696 2697
usemtl GrassLight
v 2.38706 1.34909 -0.13963
v 2.36943 0.98000 -0.12663
v 2.27100 0.98000 -0.23982
f 2698 2699 2700
usemtl GrassDark
v 2.31755 0.98000 -0.25818
v 2.32289 0.98000 -0.10827
v 2.38781 1.26181 -0.18142
f 2701 2702 2703
usemtl GrassDark
v 2.38781 1.26181 -0.18142
v 2.32289 0.98000 -0.10827
v 2.31755 0.98000 -0.25818
f 2704 2705 2706
usemtl GrassDark
v 2.39448 0.98000 -0.19374
v 2.24596 0.98000 -0.17271
v 2.33239 1.34166 -0.24768
f 2707 2708 2709
usemtl GrassDark
v 2.33239 1.34166 -0.24768
v 2.24596 0.98000 -0.17271
v 2.39448 0.98000 -0.19374
f 2710 2711 2712
usemtl Grass
v 2.31170 0.98000 0.26803
v 2.46047 0.98000 0.28716
v 2.39637 1.31614 0.33761
f 2713 2714 2715
usemtl Grass
v 2.39637 1.31614 0.33761
v 2.46047 0.98000 0.28716
v 2.31170 0.98000 0.26803
f 2716 2717 2718
usemtl Grass
v 2.34868 0.98000 0.21259
v 2.42349 0.98000 0.34260
v 2.45035 1.28895 0.30533
f 2719 2720 2721
usemtl Grass
v 2.45035 1.28895 0.30533
v 2.42349 0.98000 0.34260
v 2.34868 0.98000 0.21259
f 2722 2723 2724
usemtl GrassLight
v 2.45380 0.98000 0.24535
v 2.31837 0.98000 0.30984
v 2.41676 1.27727 0.22929
f 2725 2726 2727
usemtl GrassLight
v 2.41676 1.27727 0.22929
v 2.31837 0.98000 0.30984
v 2.45380 0.98000 0.24535
f 2728 2729 2730
usemtl GrassLight
v 1.81098 0.98000 -0.07123
v 1.93974 0.98000 0.00571
v 1.91846 1.33011 0.02134
f 2731 2732 2733
usemtl GrassLight
v 1.91846 1.33011 0.02134
v 1.93974 0.98000 0.00571
v 1.81098 0.98000 -0.07123
f 2734 2735 2736
usemtl Grass
v 1.84788 0.98000 -0.10254
v 1.90284 0.98000 0.03702
v 1.94776 1.30421 -0.01138
f 2737 2738 2739
usemtl Grass
v 1.94776 1.30421 -0.01138
v 1.90284 0.98000 0.03702
v 1.84788 0.98000 -0.10254
f 2740 2741 2742
usemtl Grass
v 1.94755 0.98000 -0.05311
v 1.80318 0.98000 -0.01241
v 1.88571 1.13888 -0.06029
f 2743 2744 2745
usemtl Grass
v 1.88571 1.13888 -0.06029
v 1.80318 0.98000 -0.01241
v 1.94755 0.98000 -0.05311
f 2746 2747 2748
usemtl Wood
v 2.13741 0.95000 -0.03885
v 2.13741 1.43000 -0.03885
v 2.22241 1.43000 -0.03885
v 2.22241 0.95000 -0.03885
f 2749 2750 2751
f 2749 2751 2752
usemtl Wood
v 2.22241 0.95000 0.04615
v 2.22241 1.43000 0.04615
v 2.13741 1.43000 0.04615
v 2.13741 0.95000 0.04615
f 2753 2754 2755
f 2753 2755 2756
usemtl Wood
v 2.13741 0.95000 0.04615
v 2.13741 1.43000 0.04615
v 2.13741 1.43000 -0.03885
v 2.13741 0.95000 -0.03885
f 2757 2758 2759
f 2757 2759 2760
usemtl Wood
v 2.22241 0.95000 -0.03885
v 2.22241 1.43000 -0.03885
v 2.22241 1.43000 0.04615
v 2.22241 0.95000 0.04615
f 2761 2762 2763
f 2761 2763 2764
usemtl Wood
v 2.13741 0.95000 0.04615
v 2.13741 0.95000 -0.03885
v 2.22241 0.95000 -0.03885
v 2.22241 0.95000 0.04615
f 2765 2766 2767
f 2765 2767 2768
usemtl Wood
v 2.13741 1.43000 -0.03885
v 2.13741 1.43000 0.04615
v 2.22241 1.43000 0.04615
v 2.22241 1.43000 -0.03885
f 2769 2770 2771
f 2769 2771 2772
usemtl Lemon
v 2.17991 1.89000 0.00365
v 2.32099 1.77577 0.16397
v 2.40618 1.77577 0.00365
f 2773 2774 2775
usemtl Lemon
v 2.40618 1.77577 0.00365
v 2.32099 1.77577 0.16397
v 2.37943 1.50000 0.23038
v 2.49991 1.50000 0.00365
f 2776 2777 2778
f 2776 2778 2779
usemtl Lemon
v 2.49991 1.50000 0.00365
v 2.37943 1.50000 0.23038
v 2.32099 1.22423 0.16397
v 2.40618 1.22423 0.00365
f 2780 2781 2782
f 2780 2782 2783
usemtl Lemon
v 2.40618 1.22423 0.00365
v 2.32099 1.22423 0.16397
v 2.17991 1.11000 0.00365
f 2784 2785 2786
usemtl Lemon
v 2.17991 1.89000 0.00365
v 2.12956 1.77577 0.20357
v 2.32099 1.77577 0.16397
f 2787 2788 2789
usemtl Lemon
v 2.32099 1.77577 0.16397
v 2.12956 1.77577 0.20357
v 2.10870 1.50000 0.28638
v 2.37943 1.50000 0.23038
f 2790 2791 2792
f 2790 2792 2793
usemtl Lemon
v 2.37943 1.50000 0.23038
v 2.10870 1.50000 0.28638
v 2.12956 1.22423 0.20357
v 2.32099 1.22423 0.16397
f 2794 2795 2796
f 2794 2796 2797
usemtl Lemon
v 2.32099 1.22423 0.16397
v 2.12956 1.22423 0.20357
v 2.17991 1.11000 0.00365
f 2798 2799 2800
usemtl Lemon
v 2.17991 1.89000 0.00365
v 1.97604 1.77577 0.09262
v 2.12956 1.77577 0.20357
f 2801 2802 2803
usemtl Lemon
v 2.12956 1.77577 0.20357
v 1.97604 1.77577 0.09262
v 1.89160 1.50000 0.12948
v 2.10870 1.50000 0.28638
f 2804 2805 2806
f 2804 2806 2807
usemtl Lemon
v 2.10870 1.50000 0.28638
v 1.89160 1.50000 0.12948
v 1.97604 1.22423 0.09262
v 2.12956 1.22423 0.20357
f 2808 2809 2810
f 2808 2810 2811
usemtl Lemon
v 2.12956 1.22423 0.20357
v 1.97604 1.22423 0.09262
v 2.17991 1.11000 0.00365
f 2812 2813 2814
usemtl Lemon
v 2.17991 1.89000 0.00365
v 1.97604 1.77577 -0.08532
v 1.97604 1.77577 0.09262
f 2815 2816 2817
usemtl Lemon
v 1.97604 1.77577 0.09262
v 1.97604 1.77577 -0.08532
v 1.89160 1.50000 -0.12218
v 1.89160 1.50000 0.12948
f 2818 2819 2820
f 2818 2820 2821
usemtl Lemon
v 1.89160 1.50000 0.12948
v 1.89160 1.50000 -0.12218
v 1.97604 1.22423 -0.08532
v 1.97604 1.22423 0.09262
f 2822 2823 2824
f 2822 2824 2825
usemtl Lemon
v 1.97604 1.22423 0.09262
v 1.97604 1.22423 -0.08532
v 2.17991 1.11000 0.00365
f 2826 2827 2828
usemtl Lemon
v 2.17991 1.89000 0.00365
v 2.12956 1.77577 -0.19627
v 1.97604 1.77577 -0.08532
f 2829 2830 2831
usemtl Lemon
v 1.97604 1.77577 -0.08532
v 2.12956 1.77577 -0.19627
v 2.10870 1.50000 -0.27908
v 1.89160 1.50000 -0.12218
f 2832 2833 2834
f 2832 2834 2835
usemtl Lemon
v 1.89160 1.50000 -0.12218
v 2.10870 1.50000 -0.27908
v 2.12956 1.22423 -0.19627
v 1.97604 1.22423 -0.08532
f 2836 2837 2838
f 2836 2838 2839
usemtl Lemon
v 1.97604 1.22423 -0.08532
v 2.12956 1.22423 -0.19627
v 2.17991 1.11000 0.00365
f 2840 2841 2842
usemtl Lemon
v 2.17991 1.89000 0.00365
v 2.32099 1.77577 -0.15667
v 2.12956 1.77577 -0.19627
f 2843 2844 2845
usemtl Lemon
v 2.12956 1.77577 -0.19627
v 2.32099 1.77577 -0.15667
v 2.37943 1.50000 -0.22308
v 2.10870 1.50000 -0.27908
f 2846 2847 2848
f 2846 2848 2849
usemtl Lemon
v 2.10870 1.50000 -0.27908
v 2.37943 1.50000 -0.22308
v 2.32099 1.22423 -0.15667
v 2.12956 1.22423 -0.19627
f 2850 2851 2852
f 2850 2852 2853
usemtl Lemon
v 2.12956 1.22423 -0.19627
v 2.32099 1.22423 -0.15667
v 2.17991 1.11000 0.00365
f 2854 2855 2856
usemtl Lemon
v 2.17991 1.89000 0.00365
v 2.40618 1.77577 0.00365
v 2.32099 1.77577 -0.15667
f 2857 2858 2859
usemtl Lemon
v 2.32099 1.77577 -0.15667
v 2.40618 1.77577 0.00365
v 2.49991 1.50000 0.00365
v 2.37943 1.50000 -0.22308
f 2860 2861 2862
f 2860 2862 2863
usemtl Lemon
v 2.37943 1.50000 -0.22308
v 2.49991 1.50000 0.00365
v 2.40618 1.22423 0.00365
v 2.32099 1.22423 -0.15667
f 2864 2865 2866
f 2864 2866 2867
usemtl Lemon
v 2.32099 1.22423 -0.15667
v 2.40618 1.22423 0.00365
v 2.17991 1.11000 0.00365
f 2868 2869 2870
usemtl LemonLight
v 2.02991 1.71000 0.14365
v 2.12690 1.63092 0.27080
v 2.18547 1.63092 0.14365
f 2871 2872 2873
usemtl LemonLight
v 2.18547 1.63092 0.14365
v 2.12690 1.63092 0.27080
v 2.16708 1.44000 0.32347
v 2.24991 1.44000 0.14365
f 2874 2875 2876
f 2874 2876 2877
usemtl LemonLight
v 2.24991 1.44000 0.14365
v 2.16708 1.44000 0.32347
v 2.12690 1.24908 0.27080
v 2.18547 1.24908 0.14365
f 2878 2879 2880
f 2878 2880 2881
usemtl LemonLight
v 2.18547 1.24908 0.14365
v 2.12690 1.24908 0.27080
v 2.02991 1.17000 0.14365
f 2882 2883 2884
usemtl LemonLight
v 2.02991 1.71000 0.14365
v 1.99529 1.63092 0.30221
v 2.12690 1.63092 0.27080
f 2885 2886 2887
usemtl LemonLight
v 2.12690 1.63092 0.27080
v 1.99529 1.63092 0.30221
v 1.98095 1.44000 0.36788
v 2.16708 1.44000 0.32347
f 2888 2889 2890
f 2888 2890 2891
usemtl LemonLight
v 2.16708 1.44000 0.32347
v 1.98095 1.44000 0.36788
v 1.99529 1.24908 0.30221
v 2.12690 1.24908 0.27080
f 2892 2893 2894
f 2892 2894 2895
usemtl LemonLight
v 2.12690 1.24908 0.27080
v 1.99529 1.24908 0.30221
v 2.02991 1.17000 0.14365
f 2896 2897 2898
usemtl LemonLight
v 2.02991 1.71000 0.14365
v 1.88975 1.63092 0.21421
v 1.99529 1.63092 0.30221
f 2899 2900 2901
usemtl LemonLight
v 1.99529 1.63092 0.30221
v 1.88975 1.63092 0.21421
v 1.83170 1.44000 0.24344
v 1.98095 1.44000 0.36788
f 2902 2903 2904
f 2902 2904 2905
usemtl LemonLight
v 1.98095 1.44000 0.36788
v 1.83170 1.44000 0.24344
v 1.88975 1.24908 0.21421
v 1.99529 1.24908 0.30221
f 2906 2907 2908
f 2906 2908 2909
usemtl LemonLight
v 1.99529 1.24908 0.30221
v 1.88975 1.24908 0.21421
v 2.02991 1.17000 0.14365
f 2910 2911 2912
usemtl LemonLight
v 2.02991 1.71000 0.14365
v 1.88975 1.63092 0.07309
v 1.88975 1.63092 0.21421
f 2913 2914 2915
usemtl LemonLight
v 1.88975 1.63092 0.21421
v 1.88975 1.63092 0.07309
v 1.83170 1.44000 0.04386
v 1.83170 1.44000 0.24344
f 2916 2917 2918
f 2916 2918 2919
usemtl LemonLight
v 1.83170 1.44000 0.24344
v 1.83170 1.44000 0.04386
v 1.88975 1.24908 0.07309
v 1.88975 1.24908 0.21421
f 2920 2921 2922
f 2920 2922 2923
usemtl LemonLight
v 1.88975 1.24908 0.21421
v 1.88975 1.24908 0.07309
v 2.02991 1.17000 0.14365
f 2924 2925 2926
usemtl LemonLight
v 2.02991 1.71000 0.14365
v 1.99529 1.63092 -0.01491
v 1.88975 1.63092 0.07309
f 2927 2928 2929
usemtl LemonLight
v 1.88975 1.63092 0.07309
v 1.99529 1.63092 -0.01491
v 1.98095 1.44000 -0.08058
v 1.83170 1.44000 0.04386
f 2930 2931 2932
f 2930 2932 2933
usemtl LemonLight
v 1.83170 1.44000 0.04386
v 1.98095 1.44000 -0.08058
v 1.99529 1.24908 -0.01491
v 1.88975 1.24908 0.07309
f 2934 2935 2936
f 2934 2936 2937
usemtl LemonLight
v 1.88975 1.24908 0.07309
v 1.99529 1.24908 -0.01491
v 2.02991 1.17000 0.14365
f 2938 2939 2940
usemtl LemonLight
v 2.02991 1.71000 0.14365
v 2.12690 1.63092 0.01650
v 1.99529 1.63092 -0.01491
f 2941 2942 2943
usemtl LemonLight
v 1.99529 1.63092 -0.01491
v 2.12690 1.63092 0.01650
v 2.16708 1.44000 -0.03617
v 1.98095 1.44000 -0.08058
f 2944 2945 2946
f 2944 2946 2947
usemtl LemonLight
v 1.98095 1.44000 -0.08058
v 2.16708 1.44000 -0.03617
v 2.12690 1.24908 0.01650
v 1.99529 1.24908 -0.01491
f 2948 2949 2950
f 2948 2950 2951
usemtl LemonLight
v 1.99529 1.24908 -0.01491
v 2.12690 1.24908 0.01650
v 2.02991 1.17000 0.14365
f 2952 2953 2954
usemtl LemonLight
v 2.02991 1.71000 0.14365
v 2.18547 1.63092 0.14365
v 2.12690 1.63092 0.01650
f 2955 2956 2957
usemtl LemonLight
v 2.12690 1.63092 0.01650
v 2.18547 1.63092 0.14365
v 2.24991 1.44000 0.14365
v 2.16708 1.44000 -0.03617
f 2958 2959 2960
f 2958 2960 2961
usemtl LemonLight
v 2.16708 1.44000 -0.03617
v 2.24991 1.44000 0.14365
v 2.18547 1.24908 0.14365
v 2.12690 1.24908 0.01650
f 2962 2963 2964
f 2962 2964 2965
usemtl LemonLight
v 2.12690 1.24908 0.01650
v 2.18547 1.24908 0.14365
v 2.02991 1.17000 0.14365
f 2966 2967 2968
usemtl GrassLight
v -2.39671 1.59000 0.98289
v -2.25913 1.59000 1.04264
v -2.29184 1.96744 1.07508
f 2969 2970 2971
usemtl GrassLight
v -2.29184 1.96744 1.07508
v -2.25913 1.59000 1.04264
v -2.39671 1.59000 0.98289
f 2972 2973 2974
usemtl Grass
v -2.34516 1.59000 0.93977
v -2.31068 1.59000 1.08576
v -2.28932 1.75527 1.01961
f 2975 2976 2977
usemtl Grass
v -2.28932 1.75527 1.01961
v -2.31068 1.59000 1.08576
v -2.34516 1.59000 0.93977
f 2978 2979 2980
usemtl Grass
v -2.25803 1.59000 0.98557
v -2.39781 1.59000 1.03997
v -2.29458 1.97305 0.94851
f 2981 2982 2983
usemtl Grass
v -2.29458 1.97305 0.94851
v -2.39781 1.59000 1.03997
v -2.25803 1.59000 0.98557
f 2984 2985 2986
usemtl GrassDark
v -1.91216 1.59000 0.83176
v -1.82205 1.59000 0.95167
v -1.80408 1.91851 0.92724
f 2987 2988 2989
usemtl GrassDark
v -1.80408 1.91851 0.92724
v -1.82205 1.59000 0.95167
v -1.91216 1.59000 0.83176
f 2990 2991 2992
usemtl GrassDark
v -1.83399 1.59000 0.82442
v -1.90022 1.59000 0.95901
v -1.79570 1.92162 0.86536
f 2993 2994 2995
usemtl GrassDark
v -1.79570 1.92162 0.86536
v -1.90022 1.59000 0.95901
v -1.83399 1.59000 0.82442
f 2996 2997 2998
usemtl Grass
v -1.81886 1.59000 0.83429
v -1.91535 1.59000 0.94913
v -1.81863 1.85380 0.86117
f 2999 3000 3001
usemtl Grass
v -1.81863 1.85380 0.86117
v -1.91535 1.59000 0.94913
v -1.81886 1.59000 0.83429
f 3002 3003 3004
usemtl GrassDark
v -1.73528 1.59000 1.29792
v -1.58694 1.59000 1.32021
v -1.65467 1.77050 1.34120
f 3005 3006 3007
usemtl GrassDark
v -1.65467 1.77050 1.34120
v -1.58694 1.59000 1.32021
v -1.73528 1.59000 1.29792
f 3008 3009 3010
usemtl Grass
v -1.62747 1.59000 1.24204
v -1.69475 1.59000 1.37610
v -1.58121 1.96251 1.27899
f 3011 3012 3013
usemtl Grass
v -1.58121 1.96251 1.27899
v -1.69475 1.59000 1.37610
v -1.62747 1.59000 1.24204
f 3014 3015 3016
usemtl Grass
v -1.62233 1.59000 1.24487
v -1.69989 1.59000 1.37326
v -1.59274 1.92284 1.27809
f 3017 3018 3019
usemtl Grass
v -1.59274 1.92284 1.27809
v -1.69989 1.59000 1.37326
v -1.62233 1.59000 1.24487
f 3020 3021 3022
usemtl Grass
v -2.43495 1.59000 1.28847
v -2.28999 1.59000 1.32705
v -2.34332 1.90020 1.36172
f 3023 3024 3025
usemtl Grass
v -2.34332 1.90020 1.36172
v -2.28999 1.59000 1.32705
v -2.43495 1.59000 1.28847
f 3026 3027 3028
usemtl GrassDark
v -2.33502 1.59000 1.23796
v -2.38992 1.59000 1.37756
v -2.31015 1.82424 1.29233
f 3029 3030 3031
usemtl GrassDark
v -2.31015 1.82424 1.29233
v -2.38992 1.59000 1.37756
v -2.33502 1.59000 1.23796
f 3032 3033 3034
usemtl Grass
v -2.28889 1.59000 1.29325
v -2.43605 1.59000 1.32227
v -2.34796 1.90250 1.25257
f 3035 3036 3037
usemtl Grass
v -2.34796 1.90250 1.25257
v -2.43605 1.59000 1.32227
v -2.28889 1.59000 1.29325
f 3038 3039 3040
usemtl GrassDark
v -1.99508 1.59000 1.28349
v -1.85849 1.59000 1.34546
v -1.90488 1.81087 1.35068
f 3041 3042 3043
usemtl GrassDark
v -1.90488 1.81087 1.35068
v -1.85849 1.59000 1.34546
v -1.99508 1.59000 1.28349
f 3044 3045 3046
usemtl GrassDark
v -1.92011 1.59000 1.23977
v -1.93346 1.59000 1.38918
v -1.85022 1.91030 1.30934
f 3047 3048 3049
usemtl GrassDark
v -1.85022 1.91030 1.30934
v -1.93346 1.59000 1.38918
v -1.92011 1.59000 1.23977
f 3050 3051 3052
usemtl GrassLight
v -1.86097 1.59000 1.27851
v -1.99260 1.59000 1.35044
v -1.89561 1.86091 1.27169
f 3053 3054 3055
usemtl GrassLight
v -1.89561 1.86091 1.27169
v -1.99260 1.59000 1.35044
v -1.86097 1.59000 1.27851
f 3056 3057 3058
usemtl GrassDark
v -2.10148 1.59000 1.06519
v -2.00151 1.59000 1.17701
v -2.01412 1.79888 1.14616
f 3059 3060 3061
usemtl GrassDark
v -2.01412 1.79888 1.14616
v -2.00151 1.59000 1.17701
v -2.10148 1.59000 1.06519
f 3062 3063 3064
usemtl Grass
v -2.05305 1.59000 1.04612
v -2.04994 1.59000 1.19609
v -2.01050 1.76083 1.12174
f 3065 3066 3067
usemtl Grass
v -2.01050 1.76083 1.12174
v -2.04994 1.59000 1.19609
v -2.05305 1.59000 1.04612
f 3068 3069 3070
usemtl GrassDark
v -1.98883 1.59000 1.07989
v -2.11416 1.59000 1.16231
v -2.00835 1.91715 1.07190
f 3071 3072 3073
usemtl GrassDark
v -2.00835 1.91715 1.07190
v -2.11416 1.59000 1.16231
v -1.98883 1.59000 1.07989
f 3074 3075 3076
usemtl GrassDark
v -1.92304 1.59000 1.07735
v -1.82456 1.59000 1.19050
v -1.84194 1.76599 1.15472
f 3077 3078 3079
usemtl GrassDark
v -1.84194 1.76599 1.15472
v -1.82456 1.59000 1.19050
v -1.92304 1.59000 1.07735
f 3080 3081 3082
usemtl GrassDark
v -1.87021 1.59000 1.05901
v -1.87739 1.59000 1.20884
v -1.79073 1.93651 1.13094
f 3083 3084 3085
usemtl GrassDark
v -1.79073 1.93651 1.13094
v -1.87739 1.59000 1.20884
v -1.87021 1.59000 1.05901
f 3086 3087 3088
usemtl Grass
v -1.80579 1.59000 1.10231
v -1.94181 1.59000 1.16554
v -1.85678 1.75826 1.10646
f 3089 3090 3091
usemtl Grass
v -1.85678 1.75826 1.10646
v -1.94181 1.59000 1.16554
v -1.80579 1.59000 1.10231
f 3092 3093 3094
usemtl GrassLight
v -0.65498 2.20000 1.22996
v -0.54817 2.20000 1.33528
v -0.55077 2.50149 1.32126
f 3095 3096 3097
usemtl GrassLight
v -0.55077 2.50149 1.32126
v -0.54817 2.20000 1.33528
v -0.65498 2.20000 1.22996
f 3098 3099 3100
usemtl GrassLight
v -0.60822 2.20000 1.20792
v -0.59493 2.20000 1.35733
v -0.52975 2.50042 1.28741
f 3101 3102 3103
usemtl GrassLight
v -0.52975 2.50042 1.28741
v -0.59493 2.20000 1.35733
v -0.60822 2.20000 1.20792
f 3104 3105 3106
usemtl GrassLight
v -0.54955 2.20000 1.22859
v -0.65359 2.20000 1.33665
v -0.56294 2.42345 1.25472
f 3107 3108 3109
usemtl GrassLight
v -0.56294 2.42345 1.25472
v -0.65359 2.20000 1.33665
v -0.54955 2.20000 1.22859
f 3110 3111 3112
usemtl Grass
v -0.95711 2.20000 0.70194
v -0.83193 2.20000 0.78460
v -0.86435 2.42814 0.77754
f 3113 3114 3115
usemtl Grass
v -0.86435 2.42814 0.77754
v -0.83193 2.20000 0.78460
v -0.95711 2.20000 0.70194
f 3116 3117 3118
usemtl GrassDark
v -0.90706 2.20000 0.66932
v -0.88198 2.20000 0.81721
v -0.82157 2.50829 0.75254
f 3119 3120 3121
usemtl GrassDark
v -0.82157 2.50829 0.75254
v -0.88198 2.20000 0.81721
v -0.90706 2.20000 0.66932
f 3122 3123 3124
usemtl GrassDark
v -0.82401 2.20000 0.71770
v -0.96503 2.20000 0.76884
v -0.86725 2.53327 0.68687
f 3125 3126 3127
usemtl GrassDark
v -0.86725 2.53327 0.68687
v -0.96503 2.20000 0.76884
v -0.82401 2.20000 0.71770
f 3128 3129 3130
usemtl Grass
v -1.00540 2.20000 1.36724
v -0.85735 2.20000 1.39136
v -0.92170 2.45070 1.42384
f 3131 3132 3133
usemtl Grass
v -0.92170 2.45070 1.42384
v -0.85735 2.20000 1.39136
v -1.00540 2.20000 1.36724
f 3134 3135 3136
usemtl Grass
v -0.96379 2.20000 1.31167
v -0.89895 2.20000 1.44693
v -0.88083 2.43353 1.39747
f 3137 3138 3139
usemtl Grass
v -0.88083 2.43353 1.39747
v -0.89895 2.20000 1.44693
v -0.96379 2.20000 1.31167
f 3140 3141 3142
usemtl Grass
v -0.86672 2.20000 1.34129
v -0.99603 2.20000 1.41731
v -0.90135 2.44681 1.34100
f 3143 3144 3145
usemtl Grass
v -0.90135 2.44681 1.34100
v -0.99603 2.20000 1.41731
v -0.86672 2.20000 1.34129
f 3146 3147 3148
usemtl Grass
v -1.29574 2.20000 1.25173
v -1.15419 2.20000 1.30135
v -1.20229 2.48560 1.32506
f 3149 3150 3151
usemtl Grass
v -1.20229 2.48560 1.32506
v -1.15419 2.20000 1.30135
v -1.29574 2.20000 1.25173
f 3152 3153 3154
usemtl GrassDark
v -1.20926 2.20000 1.20321
v -1.24067 2.20000 1.34988
v -1.16739 2.44533 1.26730
f 3155 3156 3157
usemtl GrassDark
v -1.16739 2.44533 1.26730
v -1.24067 2.20000 1.34988
v -1.20926 2.20000 1.20321
f 3158 3159 3160
usemtl Grass
v -1.18497 2.20000 1.21310
v -1.26496 2.20000 1.33999
v -1.15192 2.55977 1.24201
f 3161 3162 3163
usemtl Grass
v -1.15192 2.55977 1.24201
v -1.26496 2.20000 1.33999
v -1.18497 2.20000 1.21310
f 3164 3165 3166
usemtl GrassDark
v -1.34197 2.20000 0.64850
v -1.20601 2.20000 0.71186
v -1.25172 2.41973 0.71603
f 3167 3168 3169
usemtl GrassDark
v -1.25172 2.41973 0.71603
v -1.20601 2.20000 0.71186
v -1.34197 2.20000 0.64850
f 3170 3171 3172
usemtl GrassDark
v -1.29010 2.20000 0.60693
v -1.25788 2.20000 0.75343
v -1.21049 2.47093 0.69066
f 3173 3174 3175
usemtl GrassDark
v -1.21049 2.47093 0.69066
v -1.25788 2.20000 0.75343
v -1.29010 2.20000 0.60693
f 3176 3177 3178
usemtl GrassDark
v -1.21742 2.20000 0.63094
v -1.33057 2.20000 0.72942
v -1.21209 2.59288 0.62684
f 3179 3180 3181
usemtl GrassDark
v -1.21209 2.59288 0.62684
v -1.33057 2.20000 0.72942
v -1.21742 2.20000 0.63094
f 3182 3183 3184
usemtl Grass
v -1.10560 2.20000 0.62658
v -0.95597 2.20000 0.63704
v -1.02484 2.55537 0.69562
f 3185 3186 3187
usemtl Grass
v -1.02484 2.55537 0.69562
v -0.95597 2.20000 0.63704
v -1.10560 2.20000 0.62658
f 3188 3189 3190
usemtl Grass
v -1.02864 2.20000 0.55684
v -1.03293 2.20000 0.70678
v -0.96134 2.48946 0.63032
f 3191 3192 3193
usemtl Grass
v -0.96134 2.48946 0.63032
v -1.03293 2.20000 0.70678
v -1.02864 2.20000 0.55684
f 3194 3195 3196
usemtl Grass
v -0.96268 2.20000 0.60041
v -1.09890 2.20000 0.66321
v -0.99733 2.53295 0.57738
f 3197 3198 3199
usemtl Grass
v -0.99733 2.53295 0.57738
v -1.09890 2.20000 0.66321
v -0.96268 2.20000 0.60041
f 3200 3201 3202
usemtl GrassLight
v -0.67545 2.20000 1.40144
v -0.52563 2.20000 1.40878
v -0.59608 2.57969 1.47337
f 3203 3204 3205
usemtl GrassLight
v -0.59608 2.57969 1.47337
v -0.52563 2.20000 1.40878
v -0.67545 2.20000 1.40144
f 3206 3207 3208
usemtl GrassLight
v -0.62299 2.20000 1.33355
v -0.57809 2.20000 1.47667
v -0.51625 2.56807 1.42494
f 3209 3210 3211
usemtl GrassLight
v -0.51625 2.56807 1.42494
v -0.57809 2.20000 1.47667
v -0.62299 2.20000 1.33355
f 3212 3213 3214
usemtl GrassLight
v -0.52567 2.20000 1.40070
v -0.67541 2.20000 1.40951
v -0.59746 2.41859 1.36583
f 3215 3216 3217
usemtl GrassLight
v -0.59746 2.41859 1.36583
v -0.67541 2.20000 1.40951
v -0.52567 2.20000 1.40070
f 3218 3219 3220
usemtl Grass
v -1.05728 2.20000 0.60825
v -0.91412 2.20000 0.65305
v -0.96854 2.43935 0.67177
f 3221 3222 3223
usemtl Grass
v -0.96854 2.43935 0.67177
v -0.91412 2.20000 0.65305
v -1.05728 2.20000 0.60825
f 3224 3225 3226
usemtl Grass
v -0.96101 2.20000 0.55983
v -1.01039 2.20000 0.70147
v -0.89851 2.58476 0.60785
f 3227 3228 3229
usemtl Grass
v -0.89851 2.58476 0.60785
v -1.01039 2.20000 0.70147
v -0.96101 2.20000 0.55983
f 3230 3231 3232
usemtl GrassDark
v -0.91863 2.20000 0.59709
v -1.05277 2.20000 0.66421
v -0.96409 2.40127 0.59825
f 3233 3234 3235
usemtl GrassDark
v -0.96409 2.40127 0.59825
v -1.05277 2.20000 0.66421
v -0.91863 2.20000 0.59709
f 3236 3237 3238
usemtl Grass
v -0.15184 3.42000 0.86818
v -0.01868 3.42000 0.93723
v -0.04116 3.81914 0.96648
f 3239 3240 3241
usemtl Grass
v -0.04116 3.81914 0.96648
v -0.01868 3.42000 0.93723
v -0.15184 3.42000 0.86818
f 3242 3243 3244
usemtl GrassLight
v -0.10446 3.42000 0.83020
v -0.06606 3.42000 0.97520
v -0.01815 3.70925 0.91603
f 3245 3246 3247
usemtl GrassLight
v -0.01815 3.70925 0.91603
v -0.06606 3.42000 0.97520
v -0.10446 3.42000 0.83020
f 3248 3249 3250
usemtl GrassDark
v -0.02235 3.42000 0.86187
v -0.14817 3.42000 0.94354
v -0.05433 3.65672 0.86696
f 3251 3252 3253
usemtl GrassDark
v -0.05433 3.65672 0.86696
v -0.14817 3.42000 0.94354
v -0.02235 3.42000 0.86187
f 3254 3255 3256
usemtl GrassDark
v 0.21130 3.42000 0.67579
v 0.32317 3.42000 0.77572
v 0.32795 3.79977 0.77673
f 3257 3258 3259
usemtl GrassDark
v 0.32795 3.79977 0.77673
v 0.32317 3.42000 0.77572
v 0.21130 3.42000 0.67579
f 3260 3261 3262
usemtl Grass
v 0.29189 3.42000 0.65492
v 0.24258 3.42000 0.79658
v 0.32798 3.68802 0.70989
f 3263 3264 3265
usemtl Grass
v 0.32798 3.68802 0.70989
v 0.24258 3.42000 0.79658
v 0.29189 3.42000 0.65492
f 3266 3267 3268
usemtl GrassLight
v 0.33437 3.42000 0.69232
v 0.20010 3.42000 0.75918
v 0.29283 3.65933 0.68719
f 3269 3270 3271
usemtl GrassLight
v 0.29283 3.65933 0.68719
v 0.20010 3.42000 0.75918
v 0.33437 3.42000 0.69232
f 3272 3273 3274
usemtl Grass
v -0.17836 3.42000 1.20694
v -0.05810 3.42000 1.29659
v -0.08926 3.62197 1.28092
f 3275 3276 3277
usemtl Grass
v -0.08926 3.62197 1.28092
v -0.05810 3.42000 1.29659
v -0.17836 3.42000 1.20694
f 3278 3279 3280
usemtl GrassLight
v -0.11859 3.42000 1.17677
v -0.11786 3.42000 1.32677
v -0.04829 3.71139 1.25202
f 3281 3282 3283
usemtl GrassLight
v -0.04829 3.71139 1.25202
v -0.11786 3.42000 1.32677
v -0.11859 3.42000 1.17677
f 3284 3285 3286
usemtl GrassDark
v -0.06276 3.42000 1.20129
v -0.17369 3.42000 1.30225
v -0.07473 3.68926 1.21592
f 3287 3288 3289
usemtl GrassDark
v -0.07473 3.68926 1.21592
v -0.17369 3.42000 1.30225
v -0.06276 3.42000 1.20129
f 3290 3291 3292
usemtl GrassLight
v -0.48355 3.42000 1.04522
v -0.33358 3.42000 1.04791
v -0.40737 3.69653 1.09633
f 3293 3294 3295
usemtl GrassLight
v -0.40737 3.69653 1.09633
v -0.33358 3.42000 1.04791
v -0.48355 3.42000 1.04522
f 3296 3297 3298
usemtl Grass
v -0.42774 3.42000 0.97406
v -0.38939 3.42000 1.11907
v -0.37097 3.58204 1.05402
f 3299 3300 3301
usemtl Grass
v -0.37097 3.58204 1.05402
v -0.38939 3.42000 1.11907
v -0.42774 3.42000 0.97406
f 3302 3303 3304
usemtl GrassLight
v -0.33956 3.42000 1.01719
v -0.47757 3.42000 1.07594
v -0.39428 3.57197 1.02139
f 3305 3306 3307
usemtl GrassLight
v -0.39428 3.57197 1.02139
v -0.47757 3.42000 1.07594
v -0.33956 3.42000 1.01719
f 3308 3309 3310
usemtl Grass
v 0.15905 3.42000 0.83826
v 0.24640 3.42000 0.96021
v 0.23746 3.59802 0.91790
f 3311 3312 3313
usemtl Grass
v 0.23746 3.59802 0.91790
v 0.24640 3.42000 0.96021
v 0.15905 3.42000 0.83826
f 3314 3315 3316
usemtl Grass
v 0.20257 3.42000 0.82424
v 0.20289 3.42000 0.97424
v 0.29047 3.78558 0.89938
f 3317 3318 3319
usemtl Grass
v 0.29047 3.78558 0.89938
v 0.20289 3.42000 0.97424
v 0.20257 3.42000 0.82424
f 3320 3321 3322
usemtl GrassLight
v 0.27757 3.42000 0.89434
v 0.12789 3.42000 0.90413
v 0.20690 3.68597 0.85146
f 3323 3324 3325
usemtl GrassLight
v 0.20690 3.68597 0.85146
v 0.12789 3.42000 0.90413
v 0.27757 3.42000 0.89434
f 3326 3327 3328
usemtl GrassDark
v -0.43574 3.42000 0.85591
v -0.28750 3.42000 0.87876
v -0.35095 3.71175 0.91923
f 3329 3330 3331
usemtl GrassDark
v -0.35095 3.71175 0.91923
v -0.28750 3.42000 0.87876
v -0.43574 3.42000 0.85591
f 3332 3333 3334
usemtl GrassDark
v -0.37918 3.42000 0.79442
v -0.34406 3.42000 0.94025
v -0.28510 3.74796 0.88115
f 3335 3336 3337
usemtl GrassDark
v -0.28510 3.74796 0.88115
v -0.34406 3.42000 0.94025
v -0.37918 3.42000 0.79442
f 3338 3339 3340
usemtl GrassDark
v -0.31486 3.42000 0.80870
v -0.40838 3.42000 0.92597
v -0.30882 3.70140 0.83575
f 3341 3342 3343
usemtl GrassDark
v -0.30882 3.70140 0.83575
v -0.40838 3.42000 0.92597
v -0.31486 3.42000 0.80870
f 3344 3345 3346
usemtl GrassLight
v -0.44698 3.42000 0.92776
v -0.31888 3.42000 1.00581
v -0.34190 3.74858 1.01729
f 3347 3348 3349
usemtl GrassLight
v -0.34190 3.74858 1.01729
v -0.31888 3.42000 1.00581
v -0.44698 3.42000 0.92776
f 3350 3351 3352
usemtl GrassLight
v -0.36313 3.42000 0.89444
v -0.40273 3.42000 1.03912
v -0.30558 3.75415 0.95091
f 3353 3354 3355
usemtl GrassLight
v -0.30558 3.75415 0.95091
v -0.40273 3.42000 1.03912
v -0.36313 3.42000 0.89444
f 3356 3357 3358
usemtl GrassLight
v -0.32724 3.42000 0.91655
v -0.43862 3.42000 1.01702
v -0.35765 3.57724 0.94577
f 3359 3360 3361
usemtl GrassLight
v -0.35765 3.57724 0.94577
v -0.43862 3.42000 1.01702
v -0.32724 3.42000 0.91655
f 3362 3363 3364
usemtl GrassLight
v 0.13855 3.42000 0.58243
v 0.28577 3.42000 0.61119
v 0.22849 3.77498 0.65952
f 3365 3366 3367
usemtl GrassLight
v 0.22849 3.77498 0.65952
v 0.28577 3.42000 0.61119
v 0.13855 3.42000 0.58243
f 3368 3369 3370
usemtl Grass
v 0.17578 3.42000 0.53122
v 0.24855 3.42000 0.66239
v 0.26463 3.66999 0.61864
f 3371 3372 3373
usemtl Grass
v 0.26463 3.66999 0.61864
v 0.24855 3.42000 0.66239
v 0.17578 3.42000 0.53122
f 3374 3375 3376
usemtl GrassLight
v 0.28701 3.42000 0.59199
v 0.13732 3.42000 0.60163
v 0.21626 3.68599 0.54903
f 3377 3378 3379
usemtl GrassLight
v 0.21626 3.68599 0.54903
v 0.13732 3.42000 0.60163
v 0.28701 3.42000 0.59199
f 3380 3381 3382
usemtl GrassLight
v 0.14904 3.42000 0.78973
v 0.29703 3.42000 0.81425
v 0.23107 3.62489 0.83837
f 3383 3384 3385
usemtl GrassLight
v 0.23107 3.62489 0.83837
v 0.29703 3.42000 0.81425
v 0.14904 3.42000 0.78973
f 3386 3387 3388
usemtl GrassDark
v 0.19546 3.42000 0.73224
v 0.25061 3.42000 0.87174
v 0.29957 3.76292 0.82468
f 3389 3390 3391
usemtl GrassDark
v 0.29957 3.76292 0.82468
v 0.25061 3.42000 0.87174
v 0.19546 3.42000 0.73224
f 3392 3393 3394
usemtl Grass
v 0.26125 3.42000 0.73745
v 0.18482 3.42000 0.86652
v 0.29088 3.74854 0.77186
f 3395 3396 3397
usemtl Grass
v 0.29088 3.74854 0.77186
v 0.18482 3.42000 0.86652
v 0.26125 3.42000 0.73745
f 3398 3399 3400
usemtl GrassDark
v 0.98310 2.20000 0.85901
v 1.10336 2.20000 0.94866
v 1.09690 2.57412 0.95782
f 3401 3402 3403
usemtl GrassDark
v 1.09690 2.57412 0.95782
v 1.10336 2.20000 0.94866
v 0.98310 2.20000 0.85901
f 3404 3405 3406
usemtl Grass
v 1.01330 2.20000 0.83507
v 1.07317 2.20000 0.97260
v 1.10797 2.49416 0.92497
f 3407 3408 3409
usemtl Grass
v 1.10797 2.49416 0.92497
v 1.07317 2.20000 0.97260
v 1.01330 2.20000 0.83507
f 3410 3411 3412
usemtl GrassDark
v 1.10527 2.20000 0.86168
v 0.98120 2.20000 0.94599
v 1.07052 2.40232 0.87371
f 3413 3414 3415
usemtl GrassDark
v 1.07052 2.40232 0.87371
v 0.98120 2.20000 0.94599
v 1.10527 2.20000 0.86168
f 3416 3417 3418
usemtl GrassDark
v 1.20044 2.20000 1.32903
v 1.31304 2.20000 1.42812
v 1.29416 2.43603 1.41047
f 3419 3420 3421
usemtl GrassDark
v 1.29416 2.43603 1.41047
v 1.31304 2.20000 1.42812
v 1.20044 2.20000 1.32903
f 3422 3423 3424
usemtl Grass
v 1.26156 2.20000 1.30373
v 1.25192 2.20000 1.45342
v 1.32895 2.50152 1.37509
f 3425 3426 3427
usemtl Grass
v 1.32895 2.50152 1.37509
v 1.25192 2.20000 1.45342
v 1.26156 2.20000 1.30373
f 3428 3429 3430
usemtl GrassDark
v 1.32173 2.20000 1.34114
v 1.19175 2.20000 1.41601
v 1.29212 2.49536 1.33251
f 3431 3432 3433
usemtl GrassDark
v 1.29212 2.49536 1.33251
v 1.19175 2.20000 1.41601
v 1.32173 2.20000 1.34114
f 3434 3435 3436
usemtl GrassDark
v 1.07952 2.20000 0.55111
v 1.21680 2.20000 0.61154
v 1.16691 2.39384 0.61326
f 3437 3438 3439
usemtl GrassDark
v 1.16691 2.39384 0.61326
v 1.21680 2.20000 0.61154
v 1.07952 2.20000 0.55111
f 3440 3441 3442
usemtl Grass
v 1.15667 2.20000 0.50681
v 1.13965 2.20000 0.65584
v 1.23399 2.55994 0.57398
f 3443 3444 3445
usemtl Grass
v 1.23399 2.55994 0.57398
v 1.13965 2.20000 0.65584
v 1.15667 2.20000 0.50681
f 3446 3447 3448
usemtl GrassLight
v 1.21007 2.20000 0.53899
v 1.08626 2.20000 0.62366
v 1.19075 2.51434 0.53462
f 3449 3450 3451
usemtl GrassLight
v 1.19075 2.51434 0.53462
v 1.08626 2.20000 0.62366
v 1.21007 2.20000 0.53899
f 3452 3453 3454
usemtl GrassDark
v 1.12912 2.20000 1.12533
v 1.27750 2.20000 1.14735
v 1.21096 2.41713 1.17500
f 3455 3456 3457
usemtl GrassDark
v 1.21096 2.41713 1.17500
v 1.27750 2.20000 1.14735
v 1.12912 2.20000 1.12533
f 3458 3459 3460
usemtl GrassDark
v 1.17181 2.20000 1.06828
v 1.23481 2.20000 1.20441
v 1.25932 2.45713 1.15578
f 3461 3462 3463
usemtl GrassDark
v 1.25932 2.45713 1.15578
v 1.23481 2.20000 1.20441
v 1.17181 2.20000 1.06828
f 3464 3465 3466
usemtl GrassDark
v 1.25955 2.20000 1.08671
v 1.14708 2.20000 1.18597
v 1.26591 2.59418 1.08314
f 3467 3468 3469
usemtl GrassDark
v 1.26591 2.59418 1.08314
v 1.14708 2.20000 1.18597
v 1.25955 2.20000 1.08671
f 3470 3471 3472
usemtl Grass
v 0.57176 2.20000 0.76047
v 0.65835 2.20000 0.88296
v 0.64897 2.37302 0.83969
f 3473 3474 3475
usemtl Grass
v 0.64897 2.37302 0.83969
v 0.65835 2.20000 0.88296
v 0.57176 2.20000 0.76047
f 3476 3477 3478
usemtl GrassLight
v 0.62865 2.20000 0.74796
v 0.60147 2.20000 0.89547
v 0.70464 2.57955 0.80934
f 3479 3480 3481
usemtl GrassLight
v 0.70464 2.57955 0.80934
v 0.60147 2.20000 0.89547
v 0.62865 2.20000 0.74796
f 3482 3483 3484
usemtl GrassLight
v 0.66471 2.20000 0.76550
v 0.56541 2.20000 0.87793
v 0.68505 2.58906 0.77536
f 3485 3486 3487
usemtl GrassLight
v 0.68505 2.58906 0.77536
v 0.56541 2.20000 0.87793
v 0.66471 2.20000 0.76550
f 3488 3489 3490
usemtl GrassDark
v 1.29787 2.20000 0.98052
v 1.42232 2.20000 1.06427
v 1.39041 2.42623 1.05618
f 3491 3492 3493
usemtl GrassDark
v 1.39041 2.42623 1.05618
v 1.42232 2.20000 1.06427
v 1.29787 2.20000 0.98052
f 3494 3495 3496
usemtl Grass
v 1.37454 2.20000 0.94880
v 1.34565 2.20000 1.09599
v 1.44827 2.57441 1.00941
f 3497 3498 3499
usemtl Grass
v 1.44827 2.57441 1.00941
v 1.34565 2.20000 1.09599
v 1.37454 2.20000 0.94880
f 3500 3501 3502
usemtl GrassDark
v 1.40388 2.20000 0.96150
v 1.31631 2.20000 1.08329
v 1.41226 2.46772 0.99426
f 3503 3504 3505
usemtl GrassDark
v 1.41226 2.46772 0.99426
v 1.31631 2.20000 1.08329
v 1.40388 2.20000 0.96150
f 3506 3507 3508
usemtl Grass
v 0.71704 2.20000 1.17715
v 0.84018 2.20000 1.26281
v 0.82255 2.52062 1.26736
f 3509 3510 3511
usemtl Grass
v 0.82255 2.52062 1.26736
v 0.84018 2.20000 1.26281
v 0.71704 2.20000 1.17715
f 3512 3513 3514
usemtl GrassDark
v 0.77865 2.20000 1.14498
v 0.77857 2.20000 1.29498
v 0.86562 2.56254 1.21994
f 3515 3516 3517
usemtl GrassDark
v 0.86562 2.56254 1.21994
v 0.77857 2.20000 1.29498
v 0.77865 2.20000 1.14498
f 3518 3519 3520
usemtl Grass
v 0.85098 2.20000 1.20029
v 0.70624 2.20000 1.23967
v 0.79327 2.43264 1.17957
f 3521 3522 3523
usemtl Grass
v 0.79327 2.43264 1.17957
v 0.70624 2.20000 1.23967
v 0.85098 2.20000 1.20029
f 3524 3525 3526
usemtl GrassLight
v 0.90444 2.20000 1.26629
v 1.04423 2.20000 1.32067
v 1.00557 2.55900 1.35370
f 3527 3528 3529
usemtl GrassLight
v 1.00557 2.55900 1.35370
v 1.04423 2.20000 1.32067
v 0.90444 2.20000 1.26629
f 3530 3531 3532
usemtl GrassLight
v 0.93968 2.20000 1.22697
v 1.00899 2.20000 1.36000
v 1.02945 2.45893 1.31502
f 3533 3534 3535
usemtl GrassLight
v 1.02945 2.45893 1.31502
v 1.00899 2.20000 1.36000
v 0.93968 2.20000 1.22697
f 3536 3537 3538
usemtl GrassDark
v 1.04912 2.20000 1.28779
v 0.89955 2.20000 1.29917
v 0.97920 2.46689 1.24558
f 3539 3540 3541
usemtl GrassDark
v 0.97920 2.46689 1.24558
v 0.89955 2.20000 1.29917
v 1.04912 2.20000 1.28779
f 3542 3543 3544
usemtl GrassLight
v 0.83457 2.20000 0.86428
v 0.96929 2.20000 0.93026
v 0.91969 2.36825 0.92447
f 3545 3546 3547
usemtl GrassLight
v 0.91969 2.36825 0.92447
v 0.96929 2.20000 0.93026
v 0.83457 2.20000 0.86428
f 3548 3549 3550
usemtl Grass
v 0.91865 2.20000 0.82416
v 0.88520 2.20000 0.97038
v 0.96785 2.48176 0.88596
f 3551 3552 3553
usemtl Grass
v 0.96785 2.48176 0.88596
v 0.88520 2.20000 0.97038
v 0.91865 2.20000 0.82416
f 3554 3555 3556
usemtl Grass
v 0.96447 2.20000 0.85588
v 0.83938 2.20000 0.93866
v 0.92381 2.36519 0.87247
f 3557 3558 3559
usemtl Grass
v 0.92381 2.36519 0.87247
v 0.83938 2.20000 0.93866
v 0.96447 2.20000 0.85588
f 3560 3561 3562
usemtl GrassDark
v 0.79005 2.20000 1.32621
v 0.93199 2.20000 1.37472
v 0.87823 2.42172 1.38823
f 3563 3564 3565
usemtl GrassDark
v 0.87823 2.42172 1.38823
v 0.93199 2.20000 1.37472
v 0.79005 2.20000 1.32621
f 3566 3567 3568
usemtl GrassLight
v 0.84573 2.20000 1.27704
v 0.87631 2.20000 1.42389
v 0.89918 2.36238 1.35642
f 3569 3570 3571
usemtl GrassLight
v 0.89918 2.36238 1.35642
v 0.87631 2.20000 1.42389
v 0.84573 2.20000 1.27704
f 3572 3573 3574
usemtl Grass
v 0.91830 2.20000 1.30205
v 0.80374 2.20000 1.39887
v 0.89131 2.39553 1.32358
f 3575 3576 3577
usemtl Grass
v 0.89131 2.39553 1.32358
v 0.80374 2.20000 1.39887
v 0.91830 2.20000 1.30205
f 3578 3579 3580
usemtl Wood
v 0.83174 2.17000 0.80504
v 0.83174 2.65000 0.80504
v 0.91674 2.65000 0.80504
v 0.91674 2.17000 0.80504
f 3581 3582 3583
f 3581 3583 3584
usemtl Wood
v 0.91674 2.17000 0.89004
v 0.91674 2.65000 0.89004
v 0.83174 2.65000 0.89004
v 0.83174 2.17000 0.89004
f 3585 3586 3587
f 3585 3587 3588
usemtl Wood
v 0.83174 2.17000 0.89004
v 0.83174 2.65000 0.89004
v 0.83174 2.65000 0.80504
v 0.83174 2.17000 0.80504
f 3589 3590 3591
f 3589 3591 3592
usemtl Wood
v 0.91674 2.17000 0.80504
v 0.91674 2.65000 0.80504
v 0.91674 2.65000 0.89004
v 0.91674 2.17000 0.89004
f 3593 3594 3595
f 3593 3595 3596
usemtl Wood
v 0.83174 2.17000 0.89004
v 0.83174 2.17000 0.80504
v 0.91674 2.17000 0.80504
v 0.91674 2.17000 0.89004
f 3597 3598 3599
f 3597 3599 3600
usemtl Wood
v 0.83174 2.65000 0.80504
v 0.83174 2.65000 0.89004
v 0.91674 2.65000 0.89004
v 0.91674 2.65000 0.80504
f 3601 3602 3603
f 3601 3603 3604
usemtl Lemon
v 0.87424 3.11000 0.84754
v 1.01532 2.99577 1.00787
v 1.10052 2.99577 0.84754
f 3605 3606 3607
usemtl Lemon
v 1.10052 2.99577 0.84754
v 1.01532 2.99577 1.00787
v 1.07376 2.72000 1.07427
v 1.19424 2.72000 0.84754
f 3608 3609 3610
f 3608 3610 3611
usemtl Lemon
v 1.19424 2.72000 0.84754
v 1.07376 2.72000 1.07427
v 1.01532 2.44423 1.00787
v 1.10052 2.44423 0.84754
f 3612 3613 3614
f 3612 3614 3615
usemtl Lemon
v 1.10052 2.44423 0.84754
v 1.01532 2.44423 1.00787
v 0.87424 2.33000 0.84754
f 3616 3617 3618
usemtl Lemon
v 0.87424 3.11000 0.84754
v 0.82389 2.99577 1.04746
v 1.01532 2.99577 1.00787
f 3619 3620 3621
usemtl Lemon
v 1.01532 2.99577 1.00787
v 0.82389 2.99577 1.04746
v 0.80304 2.72000 1.13027
v 1.07376 2.72000 1.07427
f 3622 3623 3624
f 3622 3624 3625
usemtl Lemon
v 1.07376 2.72000 1.07427
v 0.80304 2.72000 1.13027
v 0.82389 2.44423 1.04746
v 1.01532 2.44423 1.00787
f 3626 3627 3628
f 3626 3628 3629
usemtl Lemon
v 1.01532 2.44423 1.00787
v 0.82389 2.44423 1.04746
v 0.87424 2.33000 0.84754
f 3630 3631 3632
usemtl Lemon
v 0.87424 3.11000 0.84754
v 0.67038 2.99577 0.93651
v 0.82389 2.99577 1.04746
f 3633 3634 3635
usemtl Lemon
v 0.82389 2.99577 1.04746
v 0.67038 2.99577 0.93651
v 0.58593 2.72000 0.97337
v 0.80304 2.72000 1.13027
f 3636 3637 3638
f 3636 3638 3639
usemtl Lemon
v 0.80304 2.72000 1.13027
v 0.58593 2.72000 0.97337
v 0.67038 2.44423 0.93651
v 0.82389 2.44423 1.04746
f 3640 3641 3642
f 3640 3642 3643
usemtl Lemon
v 0.82389 2.44423 1.04746
v 0.67038 2.44423 0.93651
v 0.87424 2.33000 0.84754
f 3644 3645 3646
usemtl Lemon
v 0.87424 3.11000 0.84754
v 0.67038 2.99577 0.75857
v 0.67038 2.99577 0.93651
f 3647 3648 3649
usemtl Lemon
v 0.67038 2.99577 0.93651
v 0.67038 2.99577 0.75857
v 0.58593 2.72000 0.72172
v 0.58593 2.72000 0.97337
f 3650 3651 3652
f 3650 3652 3653
usemtl Lemon
v 0.58593 2.72000 0.97337
v 0.58593 2.72000 0.72172
v 0.67038 2.44423 0.75857
v 0.67038 2.44423 0.93651
f 3654 3655 3656
f 3654 3656 3657
usemtl Lemon
v 0.67038 2.44423 0.93651
v 0.67038 2.44423 0.75857
v 0.87424 2.33000 0.84754
f 3658 3659 3660
usemtl Lemon
v 0.87424 3.11000 0.84754
v 0.82389 2.99577 0.64762
v 0.67038 2.99577 0.75857
f 3661 3662 3663
usemtl Lemon
v 0.67038 2.99577 0.75857
v 0.82389 2.99577 0.64762
v 0.80304 2.72000 0.56481
v 0.58593 2.72000 0.72172
f 3664 3665 3666
f 3664 3666 3667
usemtl Lemon
v 0.58593 2.72000 0.72172
v 0.80304 2.72000 0.56481
v 0.82389 2.44423 0.64762
v 0.67038 2.44423 0.75857
f 3668 3669 3670
f 3668 3670 3671
usemtl Lemon
v 0.67038 2.44423 0.75857
v 0.82389 2.44423 0.64762
v 0.87424 2.33000 0.84754
f 3672 3673 3674
usemtl Lemon
v 0.87424 3.11000 0.84754
v 1.01532 2.99577 0.68722
v 0.82389 2.99577 0.64762
f 3675 3676 3677
usemtl Lemon
v 0.82389 2.99577 0.64762
v 1.01532 2.99577 0.68722
v 1.07376 2.72000 0.62081
v 0.80304 2.72000 0.56481
f 3678 3679 3680
f 3678 3680 3681
usemtl Lemon
v 0.80304 2.72000 0.56481
v 1.07376 2.72000 0.62081
v 1.01532 2.44423 0.68722
v 0.82389 2.44423 0.64762
f 3682 3683 3684
f 3682 3684 3685
usemtl Lemon
v 0.82389 2.44423 0.64762
v 1.01532 2.44423 0.68722
v 0.87424 2.33000 0.84754
f 3686 3687 3688
usemtl Lemon
v 0.87424 3.11000 0.84754
v 1.10052 2.99577 0.84754
v 1.01532 2.99577 0.68722
f 3689 3690 3691
usemtl Lemon
v 1.01532 2.99577 0.68722
v 1.10052 2.99577 0.84754
v 1.19424 2.72000 0.84754
v 1.07376 2.72000 0.62081
f 3692 3693 3694
f 3692 3694 3695
usemtl Lemon
v 1.07376 2.72000 0.62081
v 1.19424 2.72000 0.84754
v 1.10052 2.44423 0.84754
v 1.01532 2.44423 0.68722
f 3696 3697 3698
f 3696 3698 3699
usemtl Lemon
v 1.01532 2.44423 0.68722
v 1.10052 2.44423 0.84754
v 0.87424 2.33000 0.84754
f 3700 3701 3702
usemtl LemonLight
v 0.72424 2.93000 0.98754
v 0.82124 2.85092 1.11470
v 0.87981 2.85092 0.98754
f 3703 3704 3705
usemtl LemonLight
v 0.87981 2.85092 0.98754
v 0.82124 2.85092 1.11470
v 0.86141 2.66000 1.16736
v 0.94424 2.66000 0.98754
f 3706 3707 3708
f 3706 3708 3709
usemtl LemonLight
v 0.94424 2.66000 0.98754
v 0.86141 2.66000 1.16736
v 0.82124 2.46908 1.11470
v 0.87981 2.46908 0.98754
f 3710 3711 3712
f 3710 3712 3713
usemtl LemonLight
v 0.87981 2.46908 0.98754
v 0.82124 2.46908 1.11470
v 0.72424 2.39000 0.98754
f 3714 3715 3716
usemtl LemonLight
v 0.72424 2.93000 0.98754
v 0.68963 2.85092 1.14610
v 0.82124 2.85092 1.11470
f 3717 3718 3719
usemtl LemonLight
v 0.82124 2.85092 1.11470
v 0.68963 2.85092 1.14610
v 0.67529 2.66000 1.21178
v 0.86141 2.66000 1.16736
f 3720 3721 3722
f 3720 3722 3723
usemtl LemonLight
v 0.86141 2.66000 1.16736
v 0.67529 2.66000 1.21178
v 0.68963 2.46908 1.14610
v 0.82124 2.46908 1.11470
f 3724 3725 3726
f 3724 3726 3727
usemtl LemonLight
v 0.82124 2.46908 1.11470
v 0.68963 2.46908 1.14610
v 0.72424 2.39000 0.98754
f 3728 3729 3730
usemtl LemonLight
v 0.72424 2.93000 0.98754
v 0.58408 2.85092 1.05811
v 0.68963 2.85092 1.14610
f 3731 3732 3733
usemtl LemonLight
v 0.68963 2.85092 1.14610
v 0.58408 2.85092 1.05811
v 0.52603 2.66000 1.08734
v 0.67529 2.66000 1.21178
f 3734 3735 3736
f 3734 3736 3737
usemtl LemonLight
v 0.67529 2.66000 1.21178
v 0.52603 2.66000 1.08734
v 0.58408 2.46908 1.05811
v 0.68963 2.46908 1.14610
f 3738 3739 3740
f 3738 3740 3741
usemtl LemonLight
v 0.68963 2.46908 1.14610
v 0.58408 2.46908 1.05811
v 0.72424 2.39000 0.98754
f 3742 3743 3744
usemtl LemonLight
v 0.72424 2.93000 0.98754
v 0.58408 2.85092 0.91698
v 0.58408 2.85092 1.05811
f 3745 3746 3747
usemtl LemonLight
v 0.58408 2.85092 1.05811
v 0.58408 2.85092 0.91698
v 0.52603 2.66000 0.88775
v 0.52603 2.66000 1.08734
f 3748 3749 3750
f 3748 3750 3751
usemtl LemonLight
v 0.52603 2.66000 1.08734
v 0.52603 2.66000 0.88775
v 0.58408 2.46908 0.91698
v 0.58408 2.46908 1.05811
f 3752 3753 3754
f 3752 3754 3755
usemtl LemonLight
v 0.58408 2.46908 1.05811
v 0.58408 2.46908 0.91698
v 0.72424 2.39000 0.98754
f 3756 3757 3758
usemtl LemonLight
v 0.72424 2.93000 0.98754
v 0.68963 2.85092 0.82899
v 0.58408 2.85092 0.91698
f 3759 3760 3761
usemtl LemonLight
v 0.58408 2.85092 0.91698
v 0.68963 2.85092 0.82899
v 0.67529 2.66000 0.76331
v 0.52603 2.66000 0.88775
f 3762 3763 3764
f 3762 3764 3765
usemtl LemonLight
v 0.52603 2.66000 0.88775
v 0.67529 2.66000 0.76331
v 0.68963 2.46908 0.82899
v 0.58408 2.46908 0.91698
f 3766 3767 3768
f 3766 3768 3769
usemtl LemonLight
v 0.58408 2.46908 0.91698
v 0.68963 2.46908 0.82899
v 0.72424 2.39000 0.98754
f 3770 3771 3772
usemtl LemonLight
v 0.72424 2.93000 0.98754
v 0.82124 2.85092 0.86039
v 0.68963 2.85092 0.82899
f 3773 3774 3775
usemtl LemonLight
v 0.68963 2.85092 0.82899
v 0.82124 2.85092 0.86039
v 0.86141 2.66000 0.80772
v 0.67529 2.66000 0.76331
f 3776 3777 3778
f 3776 3778 3779
usemtl LemonLight
v 0.67529 2.66000 0.76331
v 0.86141 2.66000 0.80772
v 0.82124 2.46908 0.86039
v 0.68963 2.46908 0.82899
f 3780 3781 3782
f 3780 3782 3783
usemtl LemonLight
v 0.68963 2.46908 0.82899
v 0.82124 2.46908 0.86039
v 0.72424 2.39000 0.98754
f 3784 3785 3786
usemtl LemonLight
v 0.72424 2.93000 0.98754
v 0.87981 2.85092 0.98754
v 0.82124 2.85092 0.86039
f 3787 3788 3789
usemtl LemonLight
v 0.82124 2.85092 0.86039
v 0.87981 2.85092 0.98754
v 0.94424 2.66000 0.98754
v 0.86141 2.66000 0.80772
f 3790 3791 3792
f 3790 3792 3793
usemtl LemonLight
v 0.86141 2.66000 0.80772
v 0.94424 2.66000 0.98754
v 0.87981 2.46908 0.98754
v 0.82124 2.46908 0.86039
f 3794 3795 3796
f 3794 3796 3797
usemtl LemonLight
v 0.82124 2.46908 0.86039
v 0.87981 2.46908 0.98754
v 0.72424 2.39000 0.98754
f 3798 3799 3800
usemtl Grass
v 1.87318 1.59000 0.54810
v 1.96709 1.59000 0.66507
v 1.98919 1.95896 0.64817
f 3801 3802 3803
usemtl Grass
v 1.98919 1.95896 0.64817
v 1.96709 1.59000 0.66507
v 1.87318 1.59000 0.54810
f 3804 3805 3806
usemtl Grass
v 1.93706 1.59000 0.53352
v 1.90321 1.59000 0.67965
v 2.00107 1.93617 0.59253
f 3807 3808 3809
usemtl Grass
v 2.00107 1.93617 0.59253
v 1.90321 1.59000 0.67965
v 1.93706 1.59000 0.53352
f 3810 3811 3812
usemtl GrassDark
v 1.97281 1.59000 0.55320
v 1.86746 1.59000 0.65997
v 1.97058 1.88527 0.56926
f 3813 3814 3815
usemtl GrassDark
v 1.97058 1.88527 0.56926
v 1.86746 1.59000 0.65997
v 1.97281 1.59000 0.55320
f 3816 3817 3818
usemtl Grass
v 1.61829 1.59000 0.84944
v 1.73178 1.59000 0.94752
v 1.73149 1.94975 0.94747
f 3819 3820 3821
usemtl Grass
v 1.73149 1.94975 0.94747
v 1.73178 1.59000 0.94752
v 1.61829 1.59000 0.84944
f 3822 3823 3824
usemtl GrassDark
v 1.70686 1.59000 0.83056
v 1.64321 1.59000 0.96639
v 1.74115 1.89423 0.87524
f 3825 3826 3827
usemtl GrassDark
v 1.74115 1.89423 0.87524
v 1.64321 1.59000 0.96639
v 1.70686 1.59000 0.83056
f 3828 3829 3830
usemtl GrassDark
v 1.71915 1.59000 0.83782
v 1.63092 1.59000 0.95913
v 1.75257 1.98947 0.85618
f 3831 3832 3833
usemtl GrassDark
v 1.75257 1.98947 0.85618
v 1.63092 1.59000 0.95913
v 1.71915 1.59000 0.83782
f 3834 3835 3836
usemtl Grass
v 2.30339 1.59000 0.64509
v 2.42819 1.59000 0.72830
v 2.40323 1.87117 0.72880
f 3837 3838 3839
usemtl Grass
v 2.40323 1.87117 0.72880
v 2.42819 1.59000 0.72830
v 2.30339 1.59000 0.64509
f 3840 3841 3842
usemtl Grass
v 2.39840 1.59000 0.61915
v 2.33319 1.59000 0.75424
v 2.44873 1.97375 0.65667
f 3843 3844 3845
usemtl Grass
v 2.44873 1.97375 0.65667
v 2.33319 1.59000 0.75424
v 2.39840 1.59000 0.61915
f 3846 3847 3848
usemtl Grass
v 2.42448 1.59000 0.64000
v 2.30710 1.59000 0.73339
v 2.40062 1.82306 0.65387
f 3849 3850 3851
usemtl Grass
v 2.40062 1.82306 0.65387
v 2.30710 1.59000 0.73339
v 2.42448 1.59000 0.64000
f 3852 3853 3854
usemtl GrassDark
v 2.23586 1.59000 0.87626
v 2.38445 1.59000 0.89675
v 2.32142 1.93354 0.94776
f 3855 3856 3857
usemtl GrassDark
v 2.32142 1.93354 0.94776
v 2.38445 1.59000 0.89675
v 2.23586 1.59000 0.87626
f 3858 3859 3860
usemtl GrassLight
v 2.29070 1.59000 0.81407
v 2.32960 1.59000 0.95894
v 2.39630 1.96169 0.90385
f 3861 3862 3863
usemtl GrassLight
v 2.39630 1.96169 0.90385
v 2.32960 1.59000 0.95894
v 2.29070 1.59000 0.81407
f 3864 3865 3866
usemtl GrassLight
v 2.38505 1.59000 0.88266
v 2.23525 1.59000 0.89035
v 2.31277 1.80240 0.84832
f 3867 3868 3869
usemtl GrassLight
v 2.31277 1.80240 0.84832
v 2.23525 1.59000 0.89035
v 2.38505 1.59000 0.88266
f 3870 3871 3872
usemtl GrassLight
v 2.23653 1.59000 0.67015
v 2.38652 1.59000 0.67195
v 2.31229 1.85694 0.71910
f 3873 3874 3875
usemtl GrassLight
v 2.31229 1.85694 0.71910
v 2.38652 1.59000 0.67195
v 2.23653 1.59000 0.67015
f 3876 3877 3878
usemtl GrassLight
v 2.31496 1.59000 0.59613
v 2.30808 1.59000 0.74597
v 2.40447 1.97768 0.66785
f 3879 3880 3881
usemtl GrassLight
v 2.40447 1.97768 0.66785
v 2.30808 1.59000 0.74597
v 2.31496 1.59000 0.59613
f 3882 3883 3884
usemtl Grass
v 2.36747 1.59000 0.62110
v 2.25558 1.59000 0.72100
v 2.33827 1.75734 0.64858
f 3885 3886 3887
usemtl Grass
v 2.33827 1.75734 0.64858
v 2.25558 1.59000 0.72100
v 2.36747 1.59000 0.62110
f 3888 3889 3890
usemtl GrassDark
v 2.34424 1.59000 1.32503
v 2.46921 1.59000 1.40799
v 2.43755 1.82225 1.40134
f 3891 3892 3893
usemtl GrassDark
v 2.43755 1.82225 1.40134
v 2.46921 1.59000 1.40799
v 2.34424 1.59000 1.32503
f 3894 3895 3896
usemtl GrassDark
v 2.41310 1.59000 1.29178
v 2.40035 1.59000 1.44124
v 2.46187 1.82062 1.36298
f 3897 3898 3899
usemtl GrassDark
v 2.46187 1.82062 1.36298
v 2.40035 1.59000 1.44124
v 2.41310 1.59000 1.29178
f 3900 3901 3902
usemtl GrassDark
v 2.48142 1.59000 1.35974
v 2.33203 1.59000 1.37329
v 2.41311 1.88493 1.31364
f 3903 3904 3905
usemtl GrassDark
v 2.41311 1.88493 1.31364
v 2.33203 1.59000 1.37329
v 2.48142 1.59000 1.35974
f 3906 3907 3908
usemtl Grass
v 1.96834 1.59000 1.28368
v 2.07960 1.59000 1.38428
v 2.06873 1.86806 1.37111
f 3909 3910 3911
usemtl Grass
v 2.06873 1.86806 1.37111
v 2.07960 1.59000 1.38428
v 1.96834 1.59000 1.28368
f 3912 3913 3914
usemtl GrassLight
v 2.01918 1.59000 1.25913
v 2.02876 1.59000 1.40883
v 2.11654 1.97651 1.33842
f 3915 3916 3917
usemtl GrassLight
v 2.11654 1.97651 1.33842
v 2.02876 1.59000 1.40883
v 2.01918 1.59000 1.25913
f 3918 3919 3920
usemtl GrassLight
v 2.09883 1.59000 1.32947
v 1.94910 1.59000 1.33850
v 2.02751 1.83520 1.28993
f 3921 3922 3923
usemtl GrassLight
v 2.02751 1.83520 1.28993
v 1.94910 1.59000 1.33850
v 2.09883 1.59000 1.32947
f 3924 3925 3926
usemtl Grass
v 2.54416 0.98000 0.94382
v 2.62652 0.98000 1.06919
v 2.63625 1.23380 1.03158
f 3927 3928 3929
usemtl Grass
v 2.63625 1.23380 1.03158
v 2.62652 0.98000 1.06919
v 2.54416 0.98000 0.94382
f 3930 3931 3932
usemtl GrassDark
v 2.61908 0.98000 0.93952
v 2.55160 0.98000 1.07348
v 2.62749 1.17663 0.99058
f 3933 3934 3935
usemtl GrassDark
v 2.62749 1.17663 0.99058
v 2.55160 0.98000 1.07348
v 2.61908 0.98000 0.93952
f 3936 3937 3938
usemtl GrassLight
v 2.65548 0.98000 0.97995
v 2.51520 0.98000 1.03306
v 2.60084 1.16240 0.97580
f 3939 3940 3941
usemtl GrassLight
v 2.60084 1.16240 0.97580
v 2.51520 0.98000 1.03306
v 2.65548 0.98000 0.97995
f 3942 3943 3944
usemtl GrassDark
v 2.79696 0.98000 0.94720
v 2.92931 0.98000 1.01781
v 2.89549 1.26644 1.02799
f 3945 3946 3947
usemtl GrassDark
v 2.89549 1.26644 1.02799
v 2.92931 0.98000 1.01781
v 2.79696 0.98000 0.94720
f 3948 3949 3950
usemtl GrassDark
v 2.82745 0.98000 0.91654
v 2.89882 0.98000 1.04847
v 2.91979 1.24841 1.00550
f 3951 3952 3953
usemtl GrassDark
v 2.91979 1.24841 1.00550
v 2.89882 0.98000 1.04847
v 2.82745 0.98000 0.91654
f 3954 3955 3956
usemtl GrassDark
v 2.90553 0.98000 0.92064
v 2.82074 0.98000 1.04437
v 2.92750 1.30509 0.94943
f 3957 3958 3959
usemtl GrassDark
v 2.92750 1.30509 0.94943
v 2.82074 0.98000 1.04437
v 2.90553 0.98000 0.92064
f 3960 3961 3962
usemtl GrassDark
v 3.16371 0.98000 1.18966
v 3.31336 0.98000 1.19984
v 3.24108 1.13623 1.22281
f 3963 3964 3965
usemtl GrassDark
v 3.24108 1.13623 1.22281
v 3.31336 0.98000 1.19984
v 3.16371 0.98000 1.18966
f 3966 3967 3968
usemtl GrassDark
v 3.21740 0.98000 1.12279
v 3.25966 0.98000 1.26671
v 3.31690 1.32029 1.21201
f 3969 3970 3971
usemtl GrassDark
v 3.31690 1.32029 1.21201
v 3.25966 0.98000 1.26671
v 3.21740 0.98000 1.12279
f 3972 3973 3974
usemtl GrassDark
v 3.30995 0.98000 1.17185
v 3.16712 0.98000 1.21765
v 3.26073 1.28287 1.14284
f 3975 3976 3977
usemtl GrassDark
v 3.26073 1.28287 1.14284
v 3.16712 0.98000 1.21765
v 3.30995 0.98000 1.17185
f 3978 3979 3980
usemtl GrassLight
v 3.25387 0.98000 1.14746
v 3.40206 0.98000 1.17068
v 3.33957 1.29238 1.21462
f 3981 3982 3983
usemtl GrassLight
v 3.33957 1.29238 1.21462
v 3.40206 0.98000 1.17068
v 3.25387 0.98000 1.14746
f 3984 3985 3986
usemtl GrassLight
v 3.29824 0.98000 1.09021
v 3.35770 0.98000 1.22793
v 3.36525 1.14922 1.17114
f 3987 3988 3989
usemtl GrassLight
v 3.36525 1.14922 1.17114
v 3.35770 0.98000 1.22793
v 3.29824 0.98000 1.09021
f 3990 3991 3992
usemtl GrassLight
v 3.37274 0.98000 1.09890
v 3.28320 0.98000 1.21924
v 3.40123 1.36050 1.11819
f 3993 3994 3995
usemtl GrassLight
v 3.40123 1.36050 1.11819
v 3.28320 0.98000 1.21924
v 3.37274 0.98000 1.09890
f 3996 3997 3998
usemtl Grass
v 2.73648 0.98000 1.19847
v 2.87310 0.98000 1.26039
v 2.83739 1.30911 1.28339
f 3999 4000 4001
usemtl Grass
v 2.83739 1.30911 1.28339
v 2.87310 0.98000 1.26039
v 2.73648 0.98000 1.19847
f 4002 4003 4004
usemtl Grass
v 2.82482 0.98000 1.15715
v 2.78477 0.98000 1.30171
v 2.85011 1.17593 1.22001
f 4005 4006 4007
usemtl Grass
v 2.85011 1.17593 1.22001
v 2.78477 0.98000 1.30171
v 2.82482 0.98000 1.15715
f 4008 4009 4010
usemtl GrassDark
v 2.86308 0.98000 1.18224
v 2.74650 0.98000 1.27662
v 2.84395 1.23931 1.19315
f 4011 4012 4013
usemtl GrassDark
v 2.84395 1.23931 1.19315
v 2.74650 0.98000 1.27662
v 2.86308 0.98000 1.18224
f 4014 4015 4016
usemtl GrassDark
v 2.76774 0.98000 1.11077
v 2.91208 0.98000 1.15158
v 2.86410 1.35042 1.19534
f 4017 4018 4019
usemtl GrassDark
v 2.86410 1.35042 1.19534
v 2.91208 0.98000 1.15158
v 2.76774 0.98000 1.11077
f 4020 4021 4022
usemtl Grass
v 2.86855 0.98000 1.06186
v 2.81128 0.98000 1.20049
v 2.87844 1.15369 1.11924
f 4023 4024 4025
usemtl Grass
v 2.87844 1.15369 1.11924
v 2.81128 0.98000 1.20049
v 2.86855 0.98000 1.06186
f 4026 4027 4028
usemtl GrassDark
v 2.88440 0.98000 1.07079
v 2.79543 0.98000 1.19156
v 2.91079 1.34681 1.09202
f 4029 4030 4031
usemtl GrassDark
v 2.91079 1.34681 1.09202
v 2.79543 0.98000 1.19156
v 2.88440 0.98000 1.07079
f 4032 4033 4034
usemtl GrassLight
v -1.76374 0.98000 2.07587
v -1.62112 0.98000 2.12233
v -1.66365 1.36720 2.16537
f 4035 4036 4037
usemtl GrassLight
v -1.66365 1.36720 2.16537
v -1.62112 0.98000 2.12233
v -1.76374 0.98000 2.07587
f 4038 4039 4040
usemtl GrassDark
v -1.66534 0.98000 2.02916
v -1.71952 0.98000 2.16903
v -1.64902 1.17396 2.08649
f 4041 4042 4043
usemtl GrassDark
v -1.64902 1.17396 2.08649
v -1.71952 0.98000 2.16903
v -1.66534 0.98000 2.02916
f 4044 4045 4046
usemtl GrassLight
v -1.63064 0.98000 2.05659
v -1.75422 0.98000 2.14161
v -1.64565 1.32385 2.04811
f 4047 4048 4049
usemtl GrassLight
v -1.64565 1.32385 2.04811
v -1.75422 0.98000 2.14161
v -1.63064 0.98000 2.05659
f 4050 4051 4052
usemtl GrassDark
v -1.96923 0.98000 2.02289
v -1.82455 0.98000 2.06248
v -1.87706 1.29316 2.09705
f 4053 4054 4055
usemtl GrassDark
v -1.87706 1.29316 2.09705
v -1.82455 0.98000 2.06248
v -1.96923 0.98000 2.02289
f 4056 4057 4058
usemtl GrassDark
v -1.91035 0.98000 1.96890
v -1.88343 0.98000 2.11646
v -1.80904 1.35209 2.05470
f 4059 4060 4061
usemtl GrassDark
v -1.80904 1.35209 2.05470
v -1.88343 0.98000 2.11646
v -1.91035 0.98000 1.96890
f 4062 4063 4064
usemtl GrassDark
v -1.82395 0.98000 2.02523
v -1.96983 0.98000 2.06014
v -1.88215 1.24398 1.99647
f 4065 4066 4067
usemtl GrassDark
v -1.88215 1.24398 1.99647
v -1.96983 0.98000 2.06014
v -1.82395 0.98000 2.02523
f 4068 4069 4070
usemtl Grass
v -1.85152 0.98000 2.39955
v -1.70606 0.98000 2.43618
v -1.76021 1.29705 2.47321
f 4071 4072 4073
usemtl Grass
v -1.76021 1.29705 2.47321
v -1.70606 0.98000 2.43618
v -1.85152 0.98000 2.39955
f 4074 4075 4076
usemtl GrassDark
v -1.79871 0.98000 2.34556
v -1.75887 0.98000 2.49017
v -1.73868 1.15336 2.42615
f 4077 4078 4079
usemtl GrassDark
v -1.73868 1.15336 2.42615
v -1.75887 0.98000 2.49017
v -1.79871 0.98000 2.34556
f 4080 4081 4082
usemtl GrassLight
v -1.73116 0.98000 2.35993
v -1.82643 0.98000 2.47580
v -1.71322 1.33370 2.37743
f 4083 4084 4085
usemtl GrassLight
v -1.71322 1.33370 2.37743
v -1.82643 0.98000 2.47580
v -1.73116 0.98000 2.35993
f 4086 4087 4088
usemtl GrassLight
v -2.04609 0.98000 1.77154
v -1.95655 0.98000 1.89189
v -1.93703 1.31389 1.86759
f 4089 4090 4091
usemtl GrassLight
v -1.93703 1.31389 1.86759
v -1.95655 0.98000 1.89189
v -2.04609 0.98000 1.77154
f 4092 4093 4094
usemtl GrassLight
v -2.02371 0.98000 1.76014
v -1.97893 0.98000 1.90330
v -1.96640 1.13245 1.83991
f 4095 4096 4097
usemtl GrassLight
v -1.96640 1.13245 1.83991
v -1.97893 0.98000 1.90330
v -2.02371 0.98000 1.76014
f 4098 4099 4100
usemtl GrassDark
v -1.95454 0.98000 1.77309
v -2.04810 0.98000 1.89034
v -1.95244 1.24056 1.80246
f 4101 4102 4103
usemtl GrassDark
v -1.95244 1.24056 1.80246
v -2.04810 0.98000 1.89034
v -1.95454 0.98000 1.77309
f 4104 4105 4106
usemtl GrassLight
v -2.27692 0.98000 1.67889
v -2.12992 0.98000 1.70874
v -2.19087 1.24276 1.74017
f 4107 4108 4109
usemtl GrassLight
v -2.19087 1.24276 1.74017
v -2.12992 0.98000 1.70874
v -2.27692 0.98000 1.67889
f 4110 4111 4112
usemtl GrassLight
v -2.19089 0.98000 1.61987
v -2.21595 0.98000 1.76776
v -2.15369 1.19016 1.68750
f 4113 4114 4115
usemtl GrassLight
v -2.15369 1.19016 1.68750
v -2.21595 0.98000 1.76776
v -2.19089 0.98000 1.61987
f 4116 4117 4118
usemtl GrassDark
v -2.12938 0.98000 1.68185
v -2.27746 0.98000 1.70578
v -2.19335 1.24281 1.64711
f 4119 4120 4121
usemtl GrassDark
v -2.19335 1.24281 1.64711
v -2.27746 0.98000 1.70578
v -2.12938 0.98000 1.68185
f 4122 4123 4124
usemtl GrassLight
v -2.07173 0.98000 1.91972
v -1.93007 0.98000 1.96904
v -1.97741 1.27772 1.99499
f 4125 4126 4127
usemtl GrassLight
v -1.97741 1.27772 1.99499
v -1.93007 0.98000 1.96904
v -2.07173 0.98000 1.91972
f 4128 4129 4130
usemtl GrassDark
v -2.02072 0.98000 1.87205
v -1.98109 0.98000 2.01672
v -1.91645 1.34484 1.96173
f 4131 4132 4133
usemtl GrassDark
v -1.91645 1.34484 1.96173
v -1.98109 0.98000 2.01672
v -2.02072 0.98000 1.87205
f 4134 4135 4136
usemtl GrassDark
v -1.93730 0.98000 1.90464
v -2.06451 0.98000 1.98413
v -1.95554 1.33664 1.88994
f 4137 4138 4139
usemtl GrassDark
v -1.95554 1.33664 1.88994
v -2.06451 0.98000 1.98413
v -1.93730 0.98000 1.90464
f 4140 4141 4142
usemtl GrassLight
v -1.76342 0.98000 1.92525
v -1.61691 0.98000 1.95742
v -1.67807 1.21507 1.98266
f 4143 4144 4145
usemtl GrassLight
v -1.67807 1.21507 1.98266
v -1.61691 0.98000 1.95742
v -1.76342 0.98000 1.92525
f 4146 4147 4148
usemtl Grass
v -1.68557 0.98000 1.86648
v -1.69477 0.98000 2.01619
v -1.62222 1.26365 1.93820
f 4149 4150 4151
usemtl Grass
v -1.62222 1.26365 1.93820
v -1.69477 0.98000 2.01619
v -1.68557 0.98000 1.86648
f 4152 4153 4154
usemtl GrassLight
v -1.62142 0.98000 1.91135
v -1.75891 0.98000 1.97132
v -1.67492 1.13888 1.91512
f 4155 4156 4157
usemtl GrassLight
v -1.67492 1.13888 1.91512
v -1.75891 0.98000 1.97132
v -1.62142 0.98000 1.91135
f 4158 4159 4160
usemtl GrassDark
v -2.37045 0.98000 1.61329
v -2.22218 0.98000 1.63599
v -2.28687 1.24000 1.67090
f 4161 4162 4163
usemtl GrassDark
v -2.28687 1.24000 1.67090
v -2.22218 0.98000 1.63599
v -2.37045 0.98000 1.61329
f 4164 4165 4166
usemtl GrassDark
v -2.28262 0.98000 1.55091
v -2.31002 0.98000 1.69838
v -2.23300 1.24831 1.61582
f 4167 4168 4169
usemtl GrassDark
v -2.23300 1.24831 1.61582
v -2.31002 0.98000 1.69838
v -2.28262 0.98000 1.55091
f 4170 4171 4172
usemtl Grass
v -2.23680 0.98000 1.57900
v -2.35583 0.98000 1.67028
v -2.24684 1.31874 1.57626
f 4173 4174 4175
usemtl Grass
v -2.24684 1.31874 1.57626
v -2.35583 0.98000 1.67028
v -2.23680 0.98000 1.57900
f 4176 4177 4178
usemtl GrassLight
v -2.01688 0.98000 2.19331
v -1.86732 0.98000 2.20477
v -1.93528 1.35185 2.26578
f 4179 4180 4181
usemtl GrassLight
v -1.93528 1.35185 2.26578
v -1.86732 0.98000 2.20477
v -2.01688 0.98000 2.19331
f 4182 4183 4184
usemtl GrassDark
v -1.94926 0.98000 2.12438
v -1.93494 0.98000 2.27369
v -1.90092 1.15237 2.20200
f 4185 4186 4187
usemtl GrassDark
v -1.90092 1.15237 2.20200
v -1.93494 0.98000 2.27369
v -1.94926 0.98000 2.12438
f 4188 4189 4190
usemtl GrassLight
v -1.87408 0.98000 2.16745
v -2.01012 0.98000 2.23063
v -1.90466 1.35040 2.13857
f 4191 4192 4193
usemtl GrassLight
v -1.90466 1.35040 2.13857
v -2.01012 0.98000 2.23063
v -1.87408 0.98000 2.16745
f 4194 4195 4196
usemtl GrassLight
v -1.95212 0.98000 1.84405
v -1.80259 0.98000 1.85594
v -1.87447 1.13154 1.87719
f 4197 4198 4199
usemtl GrassLight
v -1.87447 1.13154 1.87719
v -1.80259 0.98000 1.85594
v -1.95212 0.98000 1.84405
f 4200 4201 4202
usemtl GrassLight
v -1.90356 0.98000 1.77972
v -1.85116 0.98000 1.92027
v -1.80515 1.30110 1.87019
f 4203 4204 4205
usemtl GrassLight
v -1.80515 1.30110 1.87019
v -1.85116 0.98000 1.92027
v -1.90356 0.98000 1.77972
f 4206 4207 4208
usemtl Grass
v -1.81799 0.98000 1.80416
v -1.93672 0.98000 1.89583
v -1.84365 1.20984 1.81725
f 4209 4210 4211
usemtl Grass
v -1.84365 1.20984 1.81725
v -1.93672 0.98000 1.89583
v -1.81799 0.98000 1.80416
f 4212 4213 4214
usemtl GrassLight
v -0.97623 1.59000 1.57444
v -0.88494 1.59000 1.69346
v -0.88966 1.80494 1.65750
f 4215 4216 4217
usemtl GrassLight
v -0.88966 1.80494 1.65750
v -0.88494 1.59000 1.69346
v -0.97623 1.59000 1.57444
f 4218 4219 4220
usemtl GrassLight
v -0.94035 1.59000 1.55959
v -0.92083 1.59000 1.70831
v -0.84311 1.95760 1.64256
f 4221 4222 4223
usemtl GrassLight
v -0.84311 1.95760 1.64256
v -0.92083 1.59000 1.70831
v -0.94035 1.59000 1.55959
f 4224 4225 4226
usemtl GrassDark
v -0.85726 1.59000 1.61821
v -1.00392 1.59000 1.64970
v -0.91191 1.96076 1.56870
f 4227 4228 4229
usemtl GrassDark
v -0.91191 1.96076 1.56870
v -1.00392 1.59000 1.64970
v -0.85726 1.59000 1.61821
f 4230 4231 4232
usemtl GrassDark
v -1.18492 1.59000 1.67877
v -1.03743 1.59000 1.70613
v -1.10138 1.81386 1.73207
f 4233 4234 4235
usemtl GrassDark
v -1.10138 1.81386 1.73207
v -1.03743 1.59000 1.70613
v -1.18492 1.59000 1.67877
f 4236 4237 4238
usemtl GrassDark
v -1.13686 1.59000 1.62198
v -1.08549 1.59000 1.76292
v -1.03520 1.92693 1.71322
f 4239 4240 4241
usemtl GrassDark
v -1.03520 1.92693 1.71322
v -1.08549 1.59000 1.76292
v -1.13686 1.59000 1.62198
f 4242 4243 4244
usemtl Grass
v -1.06640 1.59000 1.63228
v -1.15595 1.59000 1.75262
v -1.05306 1.89184 1.66002
f 4245 4246 4247
usemtl Grass
v -1.05306 1.89184 1.66002
v -1.15595 1.59000 1.75262
v -1.06640 1.59000 1.63228
f 4248 4249 4250
usemtl GrassLight
v -1.14193 1.59000 1.54411
v -1.01528 1.59000 1.62448
v -1.05128 1.80245 1.61658
f 4251 4252 4253
usemtl GrassLight
v -1.05128 1.80245 1.61658
v -1.01528 1.59000 1.62448
v -1.14193 1.59000 1.54411
f 4254 4255 4256
usemtl Grass
v -1.10828 1.59000 1.51542
v -1.04893 1.59000 1.65317
v -1.03201 1.80141 1.59935
f 4257 4258 4259
usemtl Grass
v -1.03201 1.80141 1.59935
v -1.04893 1.59000 1.65317
v -1.10828 1.59000 1.51542
f 4260 4261 4262
usemtl GrassLight
v -1.03192 1.59000 1.52560
v -1.12529 1.59000 1.64299
v -1.04119 1.78920 1.56198
f 4263 4264 4265
usemtl GrassLight
v -1.04119 1.78920 1.56198
v -1.12529 1.59000 1.64299
v -1.03192 1.59000 1.52560
f 4266 4267 4268
usemtl GrassLight
v -1.03632 1.59000 1.87023
v -0.90356 1.59000 1.94005
v -0.95154 1.75466 1.93137
f 4269 4270 4271
usemtl GrassLight
v -0.95154 1.75466 1.93137
v -0.90356 1.59000 1.94005
v -1.03632 1.59000 1.87023
f 4272 4273 4274
usemtl GrassLight
v -0.98675 1.59000 1.83205
v -0.95312 1.59000 1.97823
v -0.92130 1.79794 1.91353
f 4275 4276 4277
usemtl GrassLight
v -0.92130 1.79794 1.91353
v -0.95312 1.59000 1.97823
v -0.98675 1.59000 1.83205
f 4278 4279 4280
usemtl GrassDark
v -0.89563 1.59000 1.89497
v -1.04424 1.59000 1.91531
v -0.95833 1.94679 1.84151
f 4281 4282 4283
usemtl GrassDark
v -0.95833 1.94679 1.84151
v -1.04424 1.59000 1.91531
v -0.89563 1.59000 1.89497
f 4284 4285 4286
usemtl Grass
v -1.09682 1.59000 1.83359
v -0.96320 1.59000 1.90175
v -1.00285 1.83905 1.90760
f 4287 4288 4289
usemtl Grass
v -1.00285 1.83905 1.90760
v -0.96320 1.59000 1.90175
v -1.09682 1.59000 1.83359
f 4290 4291 4292
usemtl GrassDark
v -1.06379 1.59000 1.80071
v -0.99623 1.59000 1.93463
v -0.96140 1.91020 1.89363
f 4293 4294 4295
usemtl GrassDark
v -0.96140 1.91020 1.89363
v -0.99623 1.59000 1.93463
v -1.06379 1.59000 1.80071
f 4296 4297 4298
usemtl Grass
v -0.96099 1.59000 1.83830
v -1.09902 1.59000 1.89703
v -1.01413 1.75900 1.83968
f 4299 4300 4301
usemtl Grass
v -1.01413 1.75900 1.83968
v -1.09902 1.59000 1.89703
v -0.96099 1.59000 1.83830
f 4302 4303 4304
usemtl GrassLight
v -1.19625 1.59000 2.41461
v -1.04629 1.59000 2.41804
v -1.12019 1.78728 2.45183
f 4305 4306 4307
usemtl GrassLight
v -1.12019 1.78728 2.45183
v -1.04629 1.59000 2.41804
v -1.19625 1.59000 2.41461
f 4308 4309 4310
usemtl GrassDark
v -1.11202 1.59000 2.34190
v -1.13053 1.59000 2.49075
v -1.05270 1.87794 2.40993
f 4311 4312 4313
usemtl GrassDark
v -1.05270 1.87794 2.40993
v -1.13053 1.59000 2.49075
v -1.11202 1.59000 2.34190
f 4314 4315 4316
usemtl Grass
v -1.04890 1.59000 2.39667
v -1.19365 1.59000 2.43599
v -1.10435 1.85900 2.36960
f 4317 4318 4319
usemtl Grass
v -1.10435 1.85900 2.36960
v -1.19365 1.59000 2.43599
v -1.04890 1.59000 2.39667
f 4320 4321 4322
usemtl Grass
v -1.01671 1.59000 2.26377
v -0.86810 1.59000 2.28409
v -0.93330 1.86995 2.32386
f 4323 4324 4325
usemtl Grass
v -0.93330 1.86995 2.32386
v -0.86810 1.59000 2.28409
v -1.01671 1.59000 2.26377
f 4326 4327 4328
usemtl GrassLight
v -0.94035 1.59000 2.19896
v -0.94446 1.59000 2.34890
v -0.90027 1.76563 2.27307
f 4329 4330 4331
usemtl GrassLight
v -0.90027 1.76563 2.27307
v -0.94446 1.59000 2.34890
v -0.94035 1.59000 2.19896
f 4332 4333 4334
usemtl Grass
v -0.88391 1.59000 2.22700
v -1.00090 1.59000 2.32087
v -0.89962 1.87490 2.23393
f 4335 4336 4337
usemtl Grass
v -0.89962 1.87490 2.23393
v -1.00090 1.59000 2.32087
v -0.88391 1.59000 2.22700
f 4338 4339 4340
usemtl GrassDark
v -1.19343 1.59000 2.14085
v -1.04602 1.59000 2.16856
v -1.11292 1.74351 2.18186
f 4341 4342 4343
usemtl GrassDark
v -1.11292 1.74351 2.18186
v -1.04602 1.59000 2.16856
v -1.19343 1.59000 2.14085
f 4344 4345 4346
usemtl GrassLight
v -1.11696 1.59000 2.07976
v -1.12249 1.59000 2.22966
v -1.04536 1.90008 2.15265
f 4347 4348 4349
usemtl GrassLight
v -1.04536 1.90008 2.15265
v -1.12249 1.59000 2.22966
v -1.11696 1.59000 2.07976
f 4350 4351 4352
usemtl GrassDark
v -1.04998 1.59000 2.12713
v -1.18947 1.59000 2.18228
v -1.08476 1.98630 2.08837
f 4353 4354 4355
usemtl GrassDark
v -1.08476 1.98630 2.08837
v -1.18947 1.59000 2.18228
v -1.04998 1.59000 2.12713
f 4356 4357 4358
usemtl GrassDark
v -1.18298 1.59000 1.57959
v -1.05807 1.59000 1.66264
v -1.09838 1.75662 1.64609
f 4359 4360 4361
usemtl GrassDark
v -1.09838 1.75662 1.64609
v -1.05807 1.59000 1.66264
v -1.18298 1.59000 1.57959
f 4362 4363 4364
usemtl Grass
v -1.15619 1.59000 1.55514
v -1.08485 1.59000 1.68709
v -1.07605 1.80067 1.63915
f 4365 4366 4367
usemtl Grass
v -1.07605 1.80067 1.63915
v -1.08485 1.59000 1.68709
v -1.15619 1.59000 1.55514
f 4368 4369 4370
usemtl Grass
v -1.04865 1.59000 1.59969
v -1.19240 1.59000 1.64253
v -1.10430 1.82664 1.58029
f 4371 4372 4373
usemtl Grass
v -1.10430 1.82664 1.58029
v -1.19240 1.59000 1.64253
v -1.04865 1.59000 1.59969
f 4374 4375 4376
usemtl GrassDark
v 0.21110 2.20000 1.73228
v 0.29637 2.20000 1.85569
v 0.30649 2.46720 1.82133
f 4377 4378 4379
usemtl GrassDark
v 0.30649 2.46720 1.82133
v 0.29637 2.20000 1.85569
v 0.21110 2.20000 1.73228
f 4380 4381 4382
usemtl GrassLight
v 0.23699 2.20000 1.72088
v 0.27048 2.20000 1.86709
v 0.31269 2.45199 1.80412
f 4383 4384 4385
usemtl GrassLight
v 0.31269 2.45199 1.80412
v 0.27048 2.20000 1.86709
v 0.23699 2.20000 1.72088
f 4386 4387 4388
usemtl GrassLight
v 0.32858 2.20000 1.78923
v 0.17888 2.20000 1.79875
v 0.25768 2.45898 1.74746
f 4389 4390 4391
usemtl GrassLight
v 0.25768 2.45898 1.74746
v 0.17888 2.20000 1.79875
v 0.32858 2.20000 1.78923
f 4392 4393 4394
usemtl Grass
v -0.03830 2.20000 2.24970
v 0.10258 2.20000 2.30121
v 0.05209 2.44203 2.31637
f 4395 4396 4397
usemtl Grass
v 0.05209 2.44203 2.31637
v 0.10258 2.20000 2.30121
v -0.03830 2.20000 2.24970
f 4398 4399 4400
usemtl GrassLight
v 0.06375 2.20000 2.20745
v 0.00053 2.20000 2.34347
v 0.09161 2.47327 2.25472
f 4401 4402 4403
usemtl GrassLight
v 0.09161 2.47327 2.25472
v 0.00053 2.20000 2.34347
v 0.06375 2.20000 2.20745
f 4404 4405 4406
usemtl Grass
v 0.09427 2.20000 2.23346
v -0.03000 2.20000 2.31746
v 0.07142 2.49223 2.23188
f 4407 4408 4409
usemtl Grass
v 0.07142 2.49223 2.23188
v -0.03000 2.20000 2.31746
v 0.09427 2.20000 2.23346
f 4410 4411 4412
usemtl GrassLight
v -0.31628 2.20000 1.58491
v -0.16722 2.20000 1.60163
v -0.23498 2.45283 1.63849
f 4413 4414 4415
usemtl GrassLight
v -0.23498 2.45283 1.63849
v -0.16722 2.20000 1.60163
v -0.31628 2.20000 1.58491
f 4416 4417 4418
usemtl Grass
v -0.25450 2.20000 1.51936
v -0.22900 2.20000 1.66718
v -0.17514 2.48162 1.60189
f 4419 4420 4421
usemtl Grass
v -0.17514 2.48162 1.60189
v -0.22900 2.20000 1.66718
v -0.25450 2.20000 1.51936
f 4422 4423 4424
usemtl GrassDark
v -0.16757 2.20000 1.58219
v -0.31592 2.20000 1.60435
v -0.23264 2.45687 1.54754
f 4425 4426 4427
usemtl GrassDark
v -0.23264 2.45687 1.54754
v -0.31592 2.20000 1.60435
v -0.16757 2.20000 1.58219
f 4428 4429 4430
usemtl GrassLight
v -0.08025 2.20000 1.72592
v 0.04433 2.20000 1.80947
v 0.03007 2.55924 1.82139
f 4431 4432 4433
usemtl GrassLight
v 0.03007 2.55924 1.82139
v 0.04433 2.20000 1.80947
v -0.08025 2.20000 1.72592
f 4434 4435 4436
usemtl GrassDark
v -0.05145 2.20000 1.70058
v 0.01553 2.20000 1.83480
v 0.01480 2.35253 1.77995
f 4437 4438 4439
usemtl GrassDark
v 0.01480 2.35253 1.77995
v 0.01553 2.20000 1.83480
v -0.05145 2.20000 1.70058
f 4440 4441 4442
usemtl GrassLight
v 0.04156 2.20000 1.72206
v -0.07748 2.20000 1.81333
v 0.01619 2.43385 1.73429
f 4443 4444 4445
usemtl GrassLight
v 0.01619 2.43385 1.73429
v -0.07748 2.20000 1.81333
v 0.04156 2.20000 1.72206
f 4446 4447 4448
usemtl GrassDark
v -0.34010 2.20000 2.01974
v -0.20959 2.20000 2.09367
v -0.24415 2.45950 2.09735
f 4449 4450 4451
usemtl GrassDark
v -0.24415 2.45950 2.09735
v -0.20959 2.20000 2.09367
v -0.34010 2.20000 2.01974
f 4452 4453 4454
usemtl GrassDark
v -0.24707 2.20000 1.98704
v -0.30262 2.20000 2.12637
v -0.20527 2.51211 2.03590
f 4455 4456 4457
usemtl GrassDark
v -0.20527 2.51211 2.03590
v -0.30262 2.20000 2.12637
v -0.24707 2.20000 1.98704
f 4458 4459 4460
usemtl Grass
v -0.21838 2.20000 2.00734
v -0.33131 2.20000 2.10607
v -0.23638 2.44352 2.02370
f 4461 4462 4463
usemtl Grass
v -0.23638 2.44352 2.02370
v -0.33131 2.20000 2.10607
v -0.21838 2.20000 2.00734
f 4464 4465 4466
usemtl GrassDark
v -0.21176 2.20000 1.82507
v -0.06287 2.20000 1.84331
v -0.12720 2.54655 1.89611
f 4467 4468 4469
usemtl GrassDark
v -0.12720 2.54655 1.89611
v -0.06287 2.20000 1.84331
v -0.21176 2.20000 1.82507
f 4470 4471 4472
usemtl GrassLight
v -0.13863 2.20000 1.75920
v -0.13600 2.20000 1.90918
v -0.08888 2.40187 1.83483
f 4473 4474 4475
usemtl GrassLight
v -0.08888 2.40187 1.83483
v -0.13600 2.20000 1.90918
v -0.13863 2.20000 1.75920
f 4476 4477 4478
usemtl Grass
v -0.06395 2.20000 1.81863
v -0.21068 2.20000 1.84975
v -0.12180 2.51161 1.77932
f 4479 4480 4481
usemtl Grass
v -0.12180 2.51161 1.77932
v -0.21068 2.20000 1.84975
v -0.06395 2.20000 1.81863
f 4482 4483 4484
usemtl GrassDark
v -0.12130 2.20000 1.81466
v -0.02699 2.20000 1.93130
v -0.02970 2.43817 1.89993
f 4485 4486 4487
usemtl GrassDark
v -0.02970 2.43817 1.89993
v -0.02699 2.20000 1.93130
v -0.12130 2.20000 1.81466
f 4488 4489 4490
usemtl Grass
v -0.05170 2.20000 1.80141
v -0.09659 2.20000 1.94454
v -0.01673 2.45070 1.85947
f 4491 4492 4493
usemtl Grass
v -0.01673 2.45070 1.85947
v -0.09659 2.20000 1.94454
v -0.05170 2.20000 1.80141
f 4494 4495 4496
usemtl GrassDark
v -0.00046 2.20000 1.85900
v -0.14783 2.20000 1.88695
v -0.06390 2.42919 1.83245
f 4497 4498 4499
usemtl GrassDark
v -0.06390 2.42919 1.83245
v -0.14783 2.20000 1.88695
v -0.00046 2.20000 1.85900
f 4500 4501 4502
usemtl GrassDark
v 0.04683 2.20000 1.76558
v 0.18354 2.20000 1.82731
v 0.13107 2.36087 1.82284
f 4503 4504 4505
usemtl GrassDark
v 0.13107 2.36087 1.82284
v 0.18354 2.20000 1.82731
v 0.04683 2.20000 1.76558
f 4506 4507 4508
usemtl GrassLight
v 0.12717 2.20000 1.72241
v 0.10320 2.20000 1.87048
v 0.19765 2.54810 1.78643
f 4509 4510 4511
usemtl GrassLight
v 0.19765 2.54810 1.78643
v 0.10320 2.20000 1.87048
v 0.12717 2.20000 1.72241
f 4512 4513 4514
usemtl GrassDark
v 0.16667 2.20000 1.74191
v 0.06369 2.20000 1.85098
v 0.14836 2.39014 1.77295
f 4515 4516 4517
usemtl GrassDark
v 0.14836 2.39014 1.77295
v 0.06369 2.20000 1.85098
v 0.16667 2.20000 1.74191
f 4518 4519 4520
usemtl GrassDark
v 0.13480 2.20000 1.56299
v 0.24128 2.20000 1.66865
v 0.25215 2.57926 1.66427
f 4521 4522 4523
usemtl GrassDark
v 0.25215 2.57926 1.66427
v 0.24128 2.20000 1.66865
v 0.13480 2.20000 1.56299
f 4524 4525 4526
usemtl GrassLight
v 0.18317 2.20000 1.54098
v 0.19291 2.20000 1.69066
v 0.26868 2.53671 1.61976
f 4527 4528 4529
usemtl GrassLight
v 0.26868 2.53671 1.61976
v 0.19291 2.20000 1.69066
v 0.18317 2.20000 1.54098
f 4530 4531 4532
usemtl Grass
v 0.26054 2.20000 1.59660
v 0.11554 2.20000 1.63503
v 0.20353 2.45201 1.57197
f 4533 4534 4535
usemtl Grass
v 0.20353 2.45201 1.57197
v 0.11554 2.20000 1.63503
v 0.26054 2.20000 1.59660
f 4536 4537 4538
usemtl Grass
v -0.10880 2.20000 1.97780
v 0.03589 2.20000 2.01735
v -0.01327 2.56644 2.06120
f 4539 4540 4541
usemtl Grass
v -0.01327 2.56644 2.06120
v 0.03589 2.20000 2.01735
v -0.10880 2.20000 1.97780
f 4542 4543 4544
usemtl GrassDark
v -0.04995 2.20000 1.92380
v -0.02296 2.20000 2.07135
v 0.02138 2.44499 2.00551
f 4545 4546 4547
usemtl GrassDark
v 0.02138 2.44499 2.00551
v -0.02296 2.20000 2.07135
v -0.04995 2.20000 1.92380
f 4548 4549 4550
usemtl GrassDark
v 0.00389 2.20000 1.93435
v -0.07680 2.20000 2.06080
v 0.01189 2.43895 1.97444
f 4551 4552 4553
usemtl GrassDark
v 0.01189 2.43895 1.97444
v -0.07680 2.20000 2.06080
v 0.00389 2.20000 1.93435
f 4554 4555 4556
usemtl Grass
v -0.34958 2.20000 2.15377
v -0.20510 2.20000 2.19411
v -0.25988 2.47048 2.22084
f 4557 4558 4559
usemtl Grass
v -0.25988 2.47048 2.22084
v -0.20510 2.20000 2.19411
v -0.34958 2.20000 2.15377
f 4560 4561 4562
usemtl Grass
v -0.25812 2.20000 2.10145
v -0.29656 2.20000 2.24644
v -0.19334 2.56207 2.15724
f 4563 4564 4565
usemtl Grass
v -0.19334 2.56207 2.15724
v -0.29656 2.20000 2.24644
v -0.25812 2.20000 2.10145
f 4566 4567 4568
usemtl Grass
v -0.20689 2.20000 2.14821
v -0.34779 2.20000 2.19968
v -0.26108 2.39742 2.14057
f 4569 4570 4571
usemtl Grass
v -0.26108 2.39742 2.14057
v -0.34779 2.20000 2.19968
v -0.20689 2.20000 2.14821
f 4572 4573 4574
usemtl GrassDark
v 0.76754 2.20000 2.25175
v 0.90174 2.20000 2.31875
v 0.86678 2.49976 2.33352
f 4575 4576 4577
usemtl GrassDark
v 0.86678 2.49976 2.33352
v 0.90174 2.20000 2.31875
v 0.76754 2.20000 2.25175
f 4578 4579 4580
usemtl GrassDark
v 0.84806 2.20000 2.21146
v 0.82121 2.20000 2.35904
v 0.88646 2.41945 2.27818
f 4581 4582 4583
usemtl GrassDark
v 0.88646 2.41945 2.27818
v 0.82121 2.20000 2.35904
v 0.84806 2.20000 2.21146
f 4584 4585 4586
usemtl GrassLight
v 0.87725 2.20000 2.22353
v 0.79203 2.20000 2.34697
v 0.87239 2.39114 2.26570
f 4587 4588 4589
usemtl GrassLight
v 0.87239 2.39114 2.26570
v 0.79203 2.20000 2.34697
v 0.87725 2.20000 2.22353
f 4590 4591 4592
usemtl Grass
v 0.85581 2.20000 2.05773
v 0.99717 2.20000 2.10791
v 0.95409 2.54375 2.14113
f 4593 4594 4595
usemtl Grass
v 0.95409 2.54375 2.14113
v 0.99717 2.20000 2.10791
v 0.85581 2.20000 2.05773
f 4596 4597 4598
usemtl GrassDark
v 0.89880 2.20000 2.01312
v 0.95418 2.20000 2.15252
v 0.99493 2.50683 2.10321
f 4599 4600 4601
usemtl GrassDark
v 0.99493 2.50683 2.10321
v 0.95418 2.20000 2.15252
v 0.89880 2.20000 2.01312
f 4602 4603 4604
usemtl GrassDark
v 1.00069 2.20000 2.07188
v 0.85229 2.20000 2.09376
v 0.94037 2.59632 2.01225
f 4605 4606 4607
usemtl GrassDark
v 0.94037 2.59632 2.01225
v 0.85229 2.20000 2.09376
v 1.00069 2.20000 2.07188
f 4608 4609 4610
usemtl GrassLight
v 1.16077 2.20000 1.72825
v 1.27211 2.20000 1.82876
v 1.27797 2.58264 1.82963
f 4611 4612 4613
usemtl GrassLight
v 1.27797 2.58264 1.82963
v 1.27211 2.20000 1.82876
v 1.16077 2.20000 1.72825
f 4614 4615 4616
usemtl GrassDark
v 1.21159 2.20000 1.70366
v 1.22129 2.20000 1.85335
v 1.27765 2.45560 1.78148
f 4617 4618 4619
usemtl GrassDark
v 1.27765 2.45560 1.78148
v 1.22129 2.20000 1.85335
v 1.21159 2.20000 1.70366
f 4620 4621 4622
usemtl GrassDark
v 1.28072 2.20000 1.73987
v 1.15215 2.20000 1.81713
v 1.25898 2.54411 1.72541
f 4623 4624 4625
usemtl GrassDark
v 1.25898 2.54411 1.72541
v 1.15215 2.20000 1.81713
v 1.28072 2.20000 1.73987
f 4626 4627 4628
usemtl Grass
v 0.55772 2.20000 2.13458
v 0.69063 2.20000 2.20412
v 0.64203 2.36047 2.19495
f 4629 4630 4631
usemtl Grass
v 0.64203 2.36047 2.19495
v 0.69063 2.20000 2.20412
v 0.55772 2.20000 2.13458
f 4632 4633 4634
usemtl GrassLight
v 0.59699 2.20000 2.09945
v 0.65135 2.20000 2.23926
v 0.69650 2.52335 2.19045
f 4635 4636 4637
usemtl GrassLight
v 0.69650 2.52335 2.19045
v 0.65135 2.20000 2.23926
v 0.59699 2.20000 2.09945
f 4638 4639 4640
usemtl Grass
v 0.66262 2.20000 2.10496
v 0.58572 2.20000 2.23375
v 0.70306 2.58285 2.13402
f 4641 4642 4643
usemtl Grass
v 0.70306 2.58285 2.13402
v 0.58572 2.20000 2.23375
v 0.66262 2.20000 2.10496
f 4644 4645 4646
usemtl GrassDark
v 1.08635 2.20000 2.03687
v 1.20319 2.20000 2.13093
v 1.20285 2.58593 2.13801
f 4647 4648 4649
usemtl GrassDark
v 1.20285 2.58593 2.13801
v 1.20319 2.20000 2.13093
v 1.08635 2.20000 2.03687
f 4650 4651 4652
usemtl GrassLight
v 1.11822 2.20000 2.01376
v 1.17133 2.20000 2.15404
v 1.18110 2.36187 2.09422
f 4653 4654 4655
usemtl GrassLight
v 1.18110 2.36187 2.09422
v 1.17133 2.20000 2.15404
v 1.11822 2.20000 2.01376
f 4656 4657 4658
usemtl GrassLight
v 1.20712 2.20000 2.04222
v 1.08242 2.20000 2.12558
v 1.17371 2.41696 2.05143
f 4659 4660 4661
usemtl GrassLight
v 1.17371 2.41696 2.05143
v 1.08242 2.20000 2.12558
v 1.20712 2.20000 2.04222
f 4662 4663 4664
usemtl Grass
v 0.93682 2.20000 2.22434
v 1.04803 2.20000 2.32499
v 1.04043 2.49811 2.31445
f 4665 4666 4667
usemtl Grass
v 1.04043 2.49811 2.31445
v 1.04803 2.20000 2.32499
v 0.93682 2.20000 2.22434
f 4668 4669 4670
usemtl GrassDark
v 0.98628 2.20000 2.19992
v 0.99857 2.20000 2.34941
v 1.08618 2.59195 2.28045
f 4671 4672 4673
usemtl GrassDark
v 1.08618 2.59195 2.28045
v 0.99857 2.20000 2.34941
v 0.98628 2.20000 2.19992
f 4674 4675 4676
usemtl GrassDark
v 1.06134 2.20000 2.24507
v 0.92351 2.20000 2.30426
v 1.02501 2.54410 2.21776
f 4677 4678 4679
usemtl GrassDark
v 1.02501 2.54410 2.21776
v 0.92351 2.20000 2.30426
v 1.06134 2.20000 2.24507
f 4680 4681 4682
usemtl GrassDark
v 0.93655 2.20000 2.22576
v 1.02942 2.20000 2.34355
v 1.05097 2.56072 2.32485
f 4683 4684 4685
usemtl GrassDark
v 1.05097 2.56072 2.32485
v 1.02942 2.20000 2.34355
v 0.93655 2.20000 2.22576
f 4686 4687 4688
usemtl GrassDark
v 0.99971 2.20000 2.21154
v 0.96627 2.20000 2.35776
v 1.06423 2.54726 2.27072
f 4689 4690 4691
usemtl GrassDark
v 1.06423 2.54726 2.27072
v 0.96627 2.20000 2.35776
v 0.99971 2.20000 2.21154
f 4692 4693 4694
usemtl Grass
v 1.05733 2.20000 2.27474
v 0.90865 2.20000 2.29456
v 0.99201 2.48440 2.23391
f 4695 4696 4697
usemtl Grass
v 0.99201 2.48440 2.23391
v 0.90865 2.20000 2.29456
v 1.05733 2.20000 2.27474
f 4698 4699 4700
usemtl Grass
v 1.09975 2.20000 2.30277
v 1.18824 2.20000 2.42389
v 1.21734 2.57847 2.40352
f 4701 4702 4703
usemtl Grass
v 1.21734 2.57847 2.40352
v 1.18824 2.20000 2.42389
v 1.09975 2.20000 2.30277
f 4704 4705 4706
usemtl GrassDark
v 1.11935 2.20000 2.29250
v 1.16865 2.20000 2.43416
v 1.18169 2.36629 2.37317
f 4707 4708 4709
usemtl GrassDark
v 1.18169 2.36629 2.37317
v 1.16865 2.20000 2.43416
v 1.11935 2.20000 2.29250
f 4710 4711 4712
usemtl GrassDark
v 1.19909 2.20000 2.31244
v 1.08891 2.20000 2.41422
v 1.20497 2.57438 2.31383
f 4713 4714 4715
usemtl GrassDark
v 1.20497 2.57438 2.31383
v 1.08891 2.20000 2.41422
v 1.19909 2.20000 2.31244
f 4716 4717 4718
usemtl GrassLight
v 0.82881 2.20000 1.96172
v 0.97842 2.20000 1.97253
v 0.90748 2.42392 2.00733
f 4719 4720 4721
usemtl GrassLight
v 0.90748 2.42392 2.00733
v 0.97842 2.20000 1.97253
v 0.82881 2.20000 1.96172
f 4722 4723 4724
usemtl GrassDark
v 0.86921 2.20000 1.90048
v 0.93801 2.20000 2.03377
v 0.96958 2.50932 1.99266
f 4725 4726 4727
usemtl GrassDark
v 0.96958 2.50932 1.99266
v 0.93801 2.20000 2.03377
v 0.86921 2.20000 1.90048
f 4728 4729 4730
usemtl GrassLight
v 0.94321 2.20000 1.90343
v 0.86401 2.20000 2.03082
v 0.93903 2.37376 1.95061
f 4731 4732 4733
usemtl GrassLight
v 0.93903 2.37376 1.95061
v 0.86401 2.20000 2.03082
v 0.94321 2.20000 1.90343
f 4734 4735 4736
usemtl GrassLight
v 0.96169 2.20000 1.56054
v 1.04298 2.20000 1.68660
v 1.04262 2.39974 1.64305
f 4737 4738 4739
usemtl GrassLight
v 1.04262 2.39974 1.64305
v 1.04298 2.20000 1.68660
v 0.96169 2.20000 1.56054
f 4740 4741 4742
usemtl GrassLight
v 1.01518 2.20000 1.54967
v 0.98949 2.20000 1.69746
v 1.06564 2.46772 1.61531
f 4743 4744 4745
usemtl GrassLight
v 1.06564 2.46772 1.61531
v 0.98949 2.20000 1.69746
v 1.01518 2.20000 1.54967
f 4746 4747 4748
usemtl GrassLight
v 1.07509 2.20000 1.60534
v 0.92958 2.20000 1.64179
v 1.01881 2.48246 1.57425
f 4749 4750 4751
usemtl GrassLight
v 1.01881 2.48246 1.57425
v 0.92958 2.20000 1.64179
v 1.07509 2.20000 1.60534
f 4752 4753 4754
usemtl GrassLight
v 1.80243 1.59000 1.64702
v 1.89788 1.59000 1.76273
v 1.91461 1.93811 1.74475
f 4755 4756 4757
usemtl GrassLight
v 1.91461 1.93811 1.74475
v 1.89788 1.59000 1.76273
v 1.80243 1.59000 1.64702
f 4758 4759 4760
usemtl GrassLight
v 1.82724 1.59000 1.63346
v 1.87307 1.59000 1.77629
v 1.91136 1.85780 1.71960
f 4761 4762 4763
usemtl GrassLight
v 1.91136 1.85780 1.71960
v 1.87307 1.59000 1.77629
v 1.82724 1.59000 1.63346
f 4764 4765 4766
usemtl Grass
v 1.91046 1.59000 1.66029
v 1.78985 1.59000 1.74947
v 1.87233 1.74542 1.68238
f 4767 4768 4769
usemtl Grass
v 1.87233 1.74542 1.68238
v 1.78985 1.59000 1.74947
v 1.91046 1.59000 1.66029
f 4770 4771 4772
usemtl Grass
v 2.01957 1.59000 1.83931
v 2.16878 1.59000 1.85471
v 2.10254 1.92952 1.90780
f 4773 4774 4775
usemtl Grass
v 2.10254 1.92952 1.90780
v 2.16878 1.59000 1.85471
v 2.01957 1.59000 1.83931
f 4776 4777 4778
usemtl GrassLight
v 2.07138 1.59000 1.77556
v 2.11697 1.59000 1.91846
v 2.18347 1.98053 1.86838
f 4779 4780 4781
usemtl GrassLight
v 2.18347 1.98053 1.86838
v 2.11697 1.59000 1.91846
v 2.07138 1.59000 1.77556
f 4782 4783 4784
usemtl Grass
v 2.16899 1.59000 1.84168
v 2.01936 1.59000 1.85234
v 2.09844 1.83998 1.80213
f 4785 4786 4787
usemtl Grass
v 2.09844 1.83998 1.80213
v 2.01936 1.59000 1.85234
v 2.16899 1.59000 1.84168
f 4788 4789 4790
usemtl GrassDark
v 1.95951 1.59000 2.14419
v 2.04117 1.59000 2.27002
v 2.06789 1.92552 2.23998
f 4791 4792 4793
usemtl GrassDark
v 2.06789 1.92552 2.23998
v 2.04117 1.59000 2.27002
v 1.95951 1.59000 2.14419
f 4794 4795 4796
usemtl Grass
v 2.01402 1.59000 2.13336
v 1.98666 1.59000 2.28085
v 2.04254 1.76885 2.20123
f 4797 4798 4799
usemtl Grass
v 2.04254 1.76885 2.20123
v 1.98666 1.59000 2.28085
v 2.01402 1.59000 2.13336
f 4800 4801 4802
usemtl GrassLight
v 2.07413 1.59000 2.19368
v 1.92655 1.59000 2.22053
v 2.00779 1.76341 2.17639
f 4803 4804 4805
usemtl GrassLight
v 2.00779 1.76341 2.17639
v 1.92655 1.59000 2.22053
v 2.07413 1.59000 2.19368
f 4806 4807 4808
usemtl Grass
v 1.97979 1.59000 1.76646
v 2.12954 1.59000 1.77517
v 2.05910 1.90760 1.82789
f 4809 4810 4811
usemtl Grass
v 2.05910 1.90760 1.82789
v 2.12954 1.59000 1.77517
v 1.97979 1.59000 1.76646
f 4812 4813 4814
usemtl GrassLight
v 2.03738 1.59000 1.69783
v 2.07195 1.59000 1.84380
v 2.10116 1.78908 1.77907
f 4815 4816 4817
usemtl GrassLight
v 2.10116 1.78908 1.77907
v 2.07195 1.59000 1.84380
v 2.03738 1.59000 1.69783
f 4818 4819 4820
usemtl GrassDark
v 2.12939 1.59000 1.76435
v 1.97994 1.59000 1.77728
v 2.05831 1.76618 1.73922
f 4821 4822 4823
usemtl GrassDark
v 2.05831 1.76618 1.73922
v 1.97994 1.59000 1.77728
v 2.12939 1.59000 1.76435
f 4824 4825 4826
usemtl Grass
v 1.50969 1.59000 1.67063
v 1.65755 1.59000 1.69589
v 1.59575 1.89021 1.73653
f 4827 4828 4829
usemtl Grass
v 1.59575 1.89021 1.73653
v 1.65755 1.59000 1.69589
v 1.50969 1.59000 1.67063
f 4830 4831 4832
usemtl GrassLight
v 1.56562 1.59000 1.61045
v 1.60162 1.59000 1.75607
v 1.63940 1.82941 1.69360
f 4833 4834 4835
usemtl GrassLight
v 1.63940 1.82941 1.69360
v 1.60162 1.59000 1.75607
v 1.56562 1.59000 1.61045
f 4836 4837 4838
usemtl GrassDark
v 1.63325 1.59000 1.62703
v 1.53399 1.59000 1.73949
v 1.61765 1.77915 1.66073
f 4839 4840 4841
usemtl GrassDark
v 1.61765 1.77915 1.66073
v 1.53399 1.59000 1.73949
v 1.63325 1.59000 1.62703
f 4842 4843 4844
usemtl Grass
v 2.23638 1.59000 2.02430
v 2.36841 1.59000 2.09549
v 2.33459 1.87268 2.10468
f 4845 4846 4847
usemtl Grass
v 2.33459 1.87268 2.10468
v 2.36841 1.59000 2.09549
v 2.23638 1.59000 2.02430
f 4848 4849 4850
usemtl GrassLight
v 2.30154 1.59000 1.98490
v 2.30325 1.59000 2.13489
v 2.35749 1.81959 2.06037
f 4851 4852 4853
usemtl GrassLight
v 2.35749 1.81959 2.06037
v 2.30325 1.59000 2.13489
v 2.30154 1.59000 1.98490
f 4854 4855 4856
usemtl GrassDark
v 2.37299 1.59000 2.03458
v 2.23180 1.59000 2.08521
v 2.33164 1.95099 1.99873
f 4857 4858 4859
usemtl GrassDark
v 2.33164 1.95099 1.99873
v 2.23180 1.59000 2.08521
v 2.37299 1.59000 2.03458
f 4860 4861 4862
usemtl GrassDark
v 1.88602 1.59000 1.84322
v 2.02176 1.59000 1.90704
v 1.99455 1.98822 1.94000
f 4863 4864 4865
usemtl GrassDark
v 1.99455 1.98822 1.94000
v 2.02176 1.59000 1.90704
v 1.88602 1.59000 1.84322
f 4866 4867 4868
usemtl GrassDark
v 1.95868 1.59000 1.80029
v 1.94909 1.59000 1.94998
v 1.99557 1.76403 1.87313
f 4869 4870 4871
usemtl GrassDark
v 1.99557 1.76403 1.87313
v 1.94909 1.59000 1.94998
v 1.95868 1.59000 1.80029
f 4872 4873 4874
usemtl GrassDark
v 2.01159 1.59000 1.82722
v 1.89619 1.59000 1.92305
v 1.98651 1.80275 1.84567
f 4875 4876 4877
usemtl GrassDark
v 1.98651 1.80275 1.84567
v 1.89619 1.59000 1.92305
v 2.01159 1.59000 1.82722
f 4878 4879 4880
usemtl GrassLight
v 1.70701 1.59000 2.38319
v 1.84284 1.59000 2.44684
v 1.79422 1.77950 2.44590
f 4881 4882 4883
usemtl GrassLight
v 1.79422 1.77950 2.44590
v 1.84284 1.59000 2.44684
v 1.70701 1.59000 2.38319
f 4884 4885 4886
usemtl GrassDark
v 1.79275 1.59000 2.34216
v 1.75710 1.59000 2.48787
v 1.81282 1.75255 2.40806
f 4887 4888 4889
usemtl GrassDark
v 1.81282 1.75255 2.40806
v 1.75710 1.59000 2.48787
v 1.79275 1.59000 2.34216
f 4890 4891 4892
usemtl GrassDark
v 1.82363 1.59000 2.35798
v 1.72622 1.59000 2.47205
v 1.82821 1.88197 2.38089
f 4893 4894 4895
usemtl GrassDark
v 1.82821 1.88197 2.38089
v 1.72622 1.59000 2.47205
v 1.82363 1.59000 2.35798
f 4896 4897 4898
usemtl Grass
v 1.75335 1.59000 2.16078
v 1.88413 1.59000 2.23425
v 1.84736 1.83345 2.23572
f 4899 4900 4901
usemtl Grass
v 1.84736 1.83345 2.23572
v 1.88413 1.59000 2.23425
v 1.75335 1.59000 2.16078
f 4902 4903 4904
usemtl GrassLight
v 1.84974 1.59000 2.12923
v 1.78774 1.59000 2.26581
v 1.86086 1.78273 2.18318
f 4905 4906 4907
usemtl GrassLight
v 1.86086 1.78273 2.18318
v 1.78774 1.59000 2.26581
v 1.84974 1.59000 2.12923
f 4908 4909 4910
usemtl GrassLight
v 1.89361 1.59000 2.19308
v 1.74387 1.59000 2.20196
v 1.82187 1.81004 2.15798
f 4911 4912 4913
usemtl GrassLight
v 1.82187 1.81004 2.15798
v 1.74387 1.59000 2.20196
v 1.89361 1.59000 2.19308
f 4914 4915 4916
usemtl GrassLight
v 2.32322 1.59000 2.32506
v 2.47321 1.59000 2.32653
v 2.39872 1.80325 2.36418
f 4917 4918 4919
usemtl GrassLight
v 2.39872 1.80325 2.36418
v 2.47321 1.59000 2.32653
v 2.32322 1.59000 2.32506
f 4920 4921 4922
usemtl GrassDark
v 2.43089 1.59000 2.25829
v 2.36554 1.59000 2.39330
v 2.46051 1.87838 2.30318
f 4923 4924 4925
usemtl GrassDark
v 2.46051 1.87838 2.30318
v 2.36554 1.59000 2.39330
v 2.43089 1.59000 2.25829
f 4926 4927 4928
usemtl GrassLight
v 2.46029 1.59000 2.28370
v 2.33614 1.59000 2.36789
v 2.43193 1.84028 2.28851
f 4929 4930 4931
usemtl GrassLight
v 2.43193 1.84028 2.28851
v 2.33614 1.59000 2.36789
v 2.46029 1.59000 2.28370
f 4932 4933 4934
usemtl GrassDark
v 3.07470 0.98000 1.98099
v 3.18658 0.98000 2.08090
v 3.18236 1.30354 2.07439
f 4935 4936 4937
usemtl GrassDark
v 3.18236 1.30354 2.07439
v 3.18658 0.98000 2.08090
v 3.07470 0.98000 1.98099
f 4938 4939 4940
usemtl Grass
v 3.16124 0.98000 1.96248
v 3.10003 0.98000 2.09942
v 3.16393 1.13193 2.01979
f 4941 4942 4943
usemtl Grass
v 3.16393 1.13193 2.01979
v 3.10003 0.98000 2.09942
v 3.16124 0.98000 1.96248
f 4944 4945 4946
usemtl Grass
v 3.18467 0.98000 1.97893
v 3.07661 0.98000 2.08296
v 3.17870 1.26874 1.99351
f 4947 4948 4949
usemtl Grass
v 3.17870 1.26874 1.99351
v 3.07661 0.98000 2.08296
v 3.18467 0.98000 1.97893
f 4950 4951 4952
usemtl GrassLight
v 2.54746 0.98000 1.98709
v 2.68895 0.98000 2.03688
v 2.63614 1.20516 2.05022
f 4953 4954 4955
usemtl GrassLight
v 2.63614 1.20516 2.05022
v 2.68895 0.98000 2.03688
v 2.54746 0.98000 1.98709
f 4956 4957 4958
usemtl GrassDark
v 2.60735 0.98000 1.93778
v 2.62906 0.98000 2.08620
v 2.68465 1.25980 2.01927
f 4959 4960 4961
usemtl GrassDark
v 2.68465 1.25980 2.01927
v 2.62906 0.98000 2.08620
v 2.60735 0.98000 1.93778
f 4962 4963 4964
usemtl GrassLight
v 2.68823 0.98000 1.98513
v 2.54818 0.98000 2.03885
v 2.63144 1.13401 1.98610
f 4965 4966 4967
usemtl GrassLight
v 2.63144 1.13401 1.98610
v 2.54818 0.98000 2.03885
v 2.68823 0.98000 1.98513
f 4968 4969 4970
usemtl Grass
v 3.31159 0.98000 1.90258
v 3.40862 0.98000 2.01698
v 3.41551 1.28274 1.99503
f 4971 4972 4973
usemtl Grass
v 3.41551 1.28274 1.99503
v 3.40862 0.98000 2.01698
v 3.31159 0.98000 1.90258
f 4974 4975 4976
usemtl Grass
v 3.33971 0.98000 1.88760
v 3.38050 0.98000 2.03195
v 3.39705 1.13998 1.96761
f 4977 4978 4979
usemtl Grass
v 3.39705 1.13998 1.96761
v 3.38050 0.98000 2.03195
v 3.33971 0.98000 1.88760
f 4980 4981 4982
usemtl Grass
v 3.43194 0.98000 1.93823
v 3.28827 0.98000 1.98133
v 3.37775 1.23583 1.91567
f 4983 4984 4985
usemtl Grass
v 3.37775 1.23583 1.91567
v 3.28827 0.98000 1.98133
v 3.43194 0.98000 1.93823
f 4986 4987 4988
usemtl GrassDark
v 2.56152 0.98000 2.06052
v 2.70865 0.98000 2.08975
v 2.64741 1.24359 2.12167
f 4989 4990 4991
usemtl GrassDark
v 2.64741 1.24359 2.12167
v 2.70865 0.98000 2.08975
v 2.56152 0.98000 2.06052
f 4992 4993 4994
usemtl Grass
v 2.61408 0.98000 2.00314
v 2.65609 0.98000 2.14713
v 2.69867 1.25601 2.08905
f 4995 4996 4997
usemtl Grass
v 2.69867 1.25601 2.08905
v 2.65609 0.98000 2.14713
v 2.61408 0.98000 2.00314
f 4998 4999 5000
usemtl GrassDark
v 2.70699 0.98000 2.05382
v 2.56318 0.98000 2.09644
v 2.64657 1.14836 2.04608
f 5001 5002 5003
usemtl GrassDark
v 2.64657 1.14836 2.04608
v 2.56318 0.98000 2.09644
v 2.70699 0.98000 2.05382
f 5004 5005 5006
usemtl GrassDark
v 3.34358 0.98000 1.63271
v 3.46885 0.98000 1.71523
v 3.43038 1.16302 1.70148
f 5007 5008 5009
usemtl GrassDark
v 3.43038 1.16302 1.70148
v 3.46885 0.98000 1.71523
v 3.34358 0.98000 1.63271
f 5010 5011 5012
usemtl GrassLight
v 3.41284 0.98000 1.59926
v 3.39959 0.98000 1.74867
v 3.46937 1.24416 1.66977
f 5013 5014 5015
usemtl GrassLight
v 3.46937 1.24416 1.66977
v 3.39959 0.98000 1.74867
v 3.41284 0.98000 1.59926
f 5016 5017 5018
usemtl GrassDark
v 3.47017 0.98000 1.63479
v 3.34226 0.98000 1.71314
v 3.44385 1.28024 1.62788
f 5019 5020 5021
usemtl GrassDark
v 3.44385 1.28024 1.62788
v 3.34226 0.98000 1.71314
v 3.47017 0.98000 1.63479
f 5022 5023 5024
usemtl Grass
v 2.88313 0.98000 2.33407
v 3.01112 0.98000 2.41229
v 2.99523 1.36436 2.43221
f 5025 5026 5027
usemtl Grass
v 2.99523 1.36436 2.43221
v 3.01112 0.98000 2.41229
v 2.88313 0.98000 2.33407
f 5028 5029 5030
usemtl Grass
v 2.96935 0.98000 2.30155
v 2.92490 0.98000 2.44481
v 3.00786 1.24494 2.35904
f 5031 5032 5033
usemtl Grass
v 3.00786 1.24494 2.35904
v 2.92490 0.98000 2.44481
v 2.96935 0.98000 2.30155
f 5034 5035 5036
usemtl GrassLight
v 3.02098 0.98000 2.36008
v 2.87328 0.98000 2.38627
v 2.95626 1.19798 2.33454
f 5037 5038 5039
usemtl GrassLight
v 2.95626 1.19798 2.33454
v 2.87328 0.98000 2.38627
v 3.02098 0.98000 2.36008
f 5040 5041 5042
usemtl Grass
v 2.76301 0.98000 2.21786
v 2.85590 0.98000 2.33563
v 2.85851 1.24030 2.30576
f 5043 5044 5045
usemtl Grass
v 2.85851 1.24030 2.30576
v 2.85590 0.98000 2.33563
v 2.76301 0.98000 2.21786
f 5046 5047 5048
usemtl Grass
v 2.83680 0.98000 2.20691
v 2.78211 0.98000 2.34658
v 2.87931 1.29259 2.25623
f 5049 5050 5051
usemtl Grass
v 2.87931 1.29259 2.25623
v 2.78211 0.98000 2.34658
v 2.83680 0.98000 2.20691
f 5052 5053 5054
usemtl GrassDark
v 2.87692 0.98000 2.24398
v 2.74199 0.98000 2.30951
v 2.84081 1.27908 2.22832
f 5055 5056 5057
usemtl GrassDark
v 2.84081 1.27908 2.22832
v 2.74199 0.98000 2.30951
v 2.87692 0.98000 2.24398
f 5058 5059 5060
usemtl GrassDark
v 3.14064 0.98000 2.19474
v 3.23683 0.98000 2.30983
v 3.22036 1.15172 2.27211
f 5061 5062 5063
usemtl GrassDark
v 3.22036 1.15172 2.27211
v 3.23683 0.98000 2.30983
v 3.14064 0.98000 2.19474
f 5064 5065 5066
usemtl GrassDark
v 3.17238 0.98000 2.17909
v 3.20509 0.98000 2.32548
v 3.27092 1.33087 2.26606
f 5067 5068 5069
usemtl GrassDark
v 3.27092 1.33087 2.26606
v 3.20509 0.98000 2.32548
v 3.17238 0.98000 2.17909
f 5070 5071 5072
usemtl Grass
v 3.26331 0.98000 2.24426
v 3.11417 0.98000 2.26030
v 3.19879 1.37168 2.18218
f 5073 5074 5075
usemtl Grass
v 3.19879 1.37168 2.18218
v 3.11417 0.98000 2.26030
v 3.26331 0.98000 2.24426
f 5076 5077 5078
usemtl Grass
v -1.11379 0.98000 3.39006
v -0.97612 0.98000 3.44962
v -1.02848 1.15292 3.44841
f 5079 5080 5081
usemtl Grass
v -1.02848 1.15292 3.44841
v -0.97612 0.98000 3.44962
v -1.11379 0.98000 3.39006
f 5082 5083 5084
usemtl GrassDark
v -1.02688 0.98000 3.34705
v -1.06303 0.98000 3.49263
v -0.98446 1.23973 3.40857
f 5085 5086 5087
usemtl GrassDark
v -0.98446 1.23973 3.40857
v -1.06303 0.98000 3.49263
v -1.02688 0.98000 3.34705
f 5088 5089 5090
usemtl GrassLight
v -0.98546 0.98000 3.37417
v -1.10445 0.98000 3.46551
v -0.98873 1.36478 3.36490
f 5091 5092 5093
usemtl GrassLight
v -0.98873 1.36478 3.36490
v -1.10445 0.98000 3.46551
v -0.98546 0.98000 3.37417
f 5094 5095 5096
usemtl GrassDark
v -0.99150 0.98000 2.94120
v -0.84186 0.98000 2.95164
v -0.91275 1.21520 2.98866
f 5097 5098 5099
usemtl GrassDark
v -0.91275 1.21520 2.98866
v -0.84186 0.98000 2.95164
v -0.99150 0.98000 2.94120
f 5100 5101 5102
usemtl GrassDark
v -0.94497 0.98000 2.87696
v -0.88839 0.98000 3.01588
v -0.85921 1.23854 2.96397
f 5103 5104 5105
usemtl GrassDark
v -0.85921 1.23854 2.96397
v -0.88839 0.98000 3.01588
v -0.94497 0.98000 2.87696
f 5106 5107 5108
usemtl GrassDark
v -0.85941 0.98000 2.89799
v -0.97395 0.98000 2.99485
v -0.86756 1.29697 2.90286
f 5109 5110 5111
usemtl GrassDark
v -0.86756 1.29697 2.90286
v -0.97395 0.98000 2.99485
v -0.85941 0.98000 2.89799
f 5112 5113 5114
usemtl GrassDark
v -0.80770 0.98000 2.87834
v -0.70655 0.98000 2.98910
v -0.71919 1.19405 2.95970
f 5115 5116 5117
usemtl GrassDark
v -0.71919 1.19405 2.95970
v -0.70655 0.98000 2.98910
v -0.80770 0.98000 2.87834
f 5118 5119 5120
usemtl GrassDark
v -0.78874 0.98000 2.86571
v -0.72551 0.98000 3.00173
v -0.68063 1.33149 2.96039
f 5121 5122 5123
usemtl GrassDark
v -0.68063 1.33149 2.96039
v -0.72551 0.98000 3.00173
v -0.78874 0.98000 2.86571
f 5124 5125 5126
usemtl GrassLight
v -0.68908 0.98000 2.90219
v -0.82518 0.98000 2.96524
v -0.73765 1.17304 2.90219
f 5127 5128 5129
usemtl GrassLight
v -0.73765 1.17304 2.90219
v -0.82518 0.98000 2.96524
v -0.68908 0.98000 2.90219
f 5130 5131 5132
usemtl GrassDark
v -1.06292 0.98000 2.67743
v -0.93788 0.98000 2.76029
v -0.95261 1.34048 2.77294
f 5133 5134 5135
usemtl GrassDark
v -0.95261 1.34048 2.77294
v -0.93788 0.98000 2.76029
v -1.06292 0.98000 2.67743
f 5136 5137 5138
usemtl GrassDark
v -0.99169 0.98000 2.64436
v -1.00912 0.98000 2.79335
v -0.92881 1.28034 2.71257
f 5139 5140 5141
usemtl GrassDark
v -0.92881 1.28034 2.71257
v -1.00912 0.98000 2.79335
v -0.99169 0.98000 2.64436
f 5142 5143 5144
usemtl Grass
v -0.94795 0.98000 2.66525
v -1.05286 0.98000 2.77246
v -0.93464 1.36338 2.67059
f 5145 5146 5147
usemtl Grass
v -0.93464 1.36338 2.67059
v -1.05286 0.98000 2.77246
v -0.94795 0.98000 2.66525
f 5148 5149 5150
usemtl GrassDark
v -1.32209 0.98000 2.61181
v -1.19139 0.98000 2.68542
v -1.21057 1.37206 2.71010
f 5151 5152 5153
usemtl GrassDark
v -1.21057 1.37206 2.71010
v -1.19139 0.98000 2.68542
v -1.32209 0.98000 2.61181
f 5154 5155 5156
usemtl GrassLight
v -1.22438 0.98000 2.58096
v -1.28911 0.98000 2.71627
v -1.22083 1.14587 2.63573
f 5157 5158 5159
usemtl GrassLight
v -1.22083 1.14587 2.63573
v -1.28911 0.98000 2.71627
v -1.22438 0.98000 2.58096
f 5160 5161 5162
usemtl GrassDark
v -1.18217 0.98000 2.64063
v -1.33132 0.98000 2.65659
v -1.25251 1.14556 2.61898
f 5163 5164 5165
usemtl GrassDark
v -1.25251 1.14556 2.61898
v -1.33132 0.98000 2.65659
v -1.18217 0.98000 2.64063
f 5166 5167 5168
usemtl Grass
v -1.40334 0.98000 2.74458
v -1.25998 0.98000 2.78872
v -1.30920 1.29809 2.82137
f 5169 5170 5171
usemtl Grass
v -1.30920 1.29809 2.82137
v -1.25998 0.98000 2.78872
v -1.40334 0.98000 2.74458
f 5172 5173 5174
usemtl Grass
v -1.31077 0.98000 2.69462
v -1.35256 0.98000 2.83868
v -1.27475 1.22691 2.75427
f 5175 5176 5177
usemtl Grass
v -1.27475 1.22691 2.75427
v -1.35256 0.98000 2.83868
v -1.31077 0.98000 2.69462
f 5178 5179 5180
usemtl GrassDark
v -1.26205 0.98000 2.73874
v -1.40128 0.98000 2.79456
v -1.30625 1.26457 2.71911
f 5181 5182 5183
usemtl GrassDark
v -1.30625 1.26457 2.71911
v -1.40128 0.98000 2.79456
v -1.26205 0.98000 2.73874
f 5184 5185 5186
usemtl GrassLight
v -0.78064 0.98000 2.73760
v -0.64778 0.98000 2.80722
v -0.68695 1.22471 2.81143
f 5187 5188 5189
usemtl GrassLight
v -0.68695 1.22471 2.81143
v -0.64778 0.98000 2.80722
v -0.78064 0.98000 2.73760
f 5190 5191 5192
usemtl GrassDark
v -0.75090 0.98000 2.70700
v -0.67752 0.98000 2.83782
v -0.66975 1.19238 2.79111
f 5193 5194 5195
usemtl GrassDark
v -0.66975 1.19238 2.79111
v -0.67752 0.98000 2.83782
v -0.75090 0.98000 2.70700
f 5196 5197 5198
usemtl GrassDark
v -0.64289 0.98000 2.74920
v -0.78553 0.98000 2.79561
v -0.69531 1.23450 2.72885
f 5199 5200 5201
usemtl GrassDark
v -0.69531 1.23450 2.72885
v -0.78553 0.98000 2.79561
v -0.64289 0.98000 2.74920
f 5202 5203 5204
usemtl GrassLight
v -0.81154 0.98000 2.72652
v -0.66614 0.98000 2.76336
v -0.72651 1.18916 2.78143
f 5205 5206 5207
usemtl GrassLight
v -0.72651 1.18916 2.78143
v -0.66614 0.98000 2.76336
v -0.81154 0.98000 2.72652
f 5208 5209 5210
usemtl GrassDark
v -0.72716 0.98000 2.67086
v -0.75053 0.98000 2.81902
v -0.65659 1.32696 2.73521
f 5211 5212 5213
usemtl GrassDark
v -0.65659 1.32696 2.73521
v -0.75053 0.98000 2.81902
v -0.72716 0.98000 2.67086
f 5214 5215 5216
usemtl Grass
v -0.69837 0.98000 2.68179
v -0.77931 0.98000 2.80809
v -0.69906 1.17689 2.72582
f 5217 5218 5219
usemtl Grass
v -0.69906 1.17689 2.72582
v -0.77931 0.98000 2.80809
v -0.69837 0.98000 2.68179
f 5220 5221 5222
usemtl GrassLight
v -1.16354 0.98000 3.14166
v -1.01356 0.98000 3.14358
v -1.08771 1.25287 3.19173
f 5223 5224 5225
usemtl GrassLight
v -1.08771 1.25287 3.19173
v -1.01356 0.98000 3.14358
v -1.16354 0.98000 3.14166
f 5226 5227 5228
usemtl GrassDark
v -1.11904 0.98000 3.07409
v -1.05806 0.98000 3.21114
v -1.03016 1.24628 3.16210
f 5229 5230 5231
usemtl GrassDark
v -1.03016 1.24628 3.16210
v -1.05806 0.98000 3.21114
v -1.11904 0.98000 3.07409
f 5232 5233 5234
usemtl Grass
v -1.02852 0.98000 3.09766
v -1.14858 0.98000 3.18757
v -1.05658 1.20225 3.11060
f 5235 5236 5237
usemtl Grass
v -1.05658 1.20225 3.11060
v -1.14858 0.98000 3.18757
v -1.02852 0.98000 3.09766
f 5238 5239 5240
usemtl Grass
v -0.12796 1.59000 2.68862
v -0.01487 1.59000 2.78717
v -0.03393 1.82773 2.77016
f 5241 5242 5243
usemtl Grass
v -0.03393 1.82773 2.77016
v -0.01487 1.59000 2.78717
v -0.12796 1.59000 2.68862
f 5244 5245 5246
usemtl GrassLight
v -0.09739 1.59000 2.66754
v -0.04544 1.59000 2.80825
v -0.02305 1.80481 2.75129
f 5247 5248 5249
usemtl GrassLight
v -0.02305 1.80481 2.75129
v -0.04544 1.59000 2.80825
v -0.09739 1.59000 2.66754
f 5250 5251 5252
usemtl GrassLight
v -0.00794 1.59000 2.69794
v -0.13488 1.59000 2.77785
v -0.02476 1.95491 2.68230
f 5253 5254 5255
usemtl GrassLight
v -0.02476 1.95491 2.68230
v -0.13488 1.59000 2.77785
v -0.00794 1.59000 2.69794
f 5256 5257 5258
usemtl Grass
v 0.07797 1.59000 2.95987
v 0.22587 1.59000 2.98491
v 0.16026 1.79810 3.00932
f 5259 5260 5261
usemtl Grass
v 0.16026 1.79810 3.00932
v 0.22587 1.59000 2.98491
v 0.07797 1.59000 2.95987
f 5262 5263 5264
usemtl Grass
v 0.14881 1.59000 2.89745
v 0.15503 1.59000 3.04733
v 0.21058 1.83461 2.97422
f 5265 5266 5267
usemtl Grass
v 0.21058 1.83461 2.97422
v 0.15503 1.59000 3.04733
v 0.14881 1.59000 2.89745
f 5268 5269 5270
usemtl Grass
v 0.22674 1.59000 2.96717
v 0.07710 1.59000 2.97761
v 0.15859 1.98908 2.90073
f 5271 5272 5273
usemtl Grass
v 0.15859 1.98908 2.90073
v 0.07710 1.59000 2.97761
v 0.22674 1.59000 2.96717
f 5274 5275 5276
usemtl GrassLight
v 0.27857 1.59000 3.28216
v 0.38666 1.59000 3.38616
v 0.39796 1.98270 3.38510
f 5277 5278 5279
usemtl GrassLight
v 0.39796 1.98270 3.38510
v 0.38666 1.59000 3.38616
v 0.27857 1.59000 3.28216
f 5280 5281 5282
usemtl GrassDark
v 0.30211 1.59000 3.26564
v 0.36312 1.59000 3.40268
v 0.40426 1.91677 3.35808
f 5283 5284 5285
usemtl GrassDark
v 0.40426 1.91677 3.35808
v 0.36312 1.59000 3.40268
v 0.30211 1.59000 3.26564
f 5286 5287 5288
usemtl GrassLight
v 0.37233 1.59000 3.27054
v 0.29290 1.59000 3.39778
v 0.38946 1.86921 3.30754
f 5289 5290 5291
usemtl GrassLight
v 0.38946 1.86921 3.30754
v 0.29290 1.59000 3.39778
v 0.37233 1.59000 3.27054
f 5292 5293 5294
usemtl GrassDark
v -0.03273 1.59000 2.76249
v 0.11561 1.59000 2.78471
v 0.05036 1.84104 2.81829
f 5295 5296 5297
usemtl GrassDark
v 0.05036 1.84104 2.81829
v 0.11561 1.59000 2.78471
v -0.03273 1.59000 2.76249
f 5298 5299 5300
usemtl GrassLight
v 0.06573 1.59000 2.70264
v 0.01715 1.59000 2.84456
v 0.07957 1.75792 2.76381
f 5301 5302 5303
usemtl GrassLight
v 0.07957 1.75792 2.76381
v 0.01715 1.59000 2.84456
v 0.06573 1.59000 2.70264
f 5304 5305 5306
usemtl GrassDark
v 0.10850 1.59000 2.74001
v -0.02561 1.59000 2.80720
v 0.08178 1.96527 2.71321
f 5307 5308 5309
usemtl GrassDark
v 0.08178 1.96527 2.71321
v -0.02561 1.59000 2.80720
v 0.10850 1.59000 2.74001
f 5310 5311 5312
usemtl GrassLight
v 0.11238 1.59000 3.35286
v 0.25488 1.59000 3.39971
v 0.20075 1.81838 3.41534
f 5313 5314 5315
usemtl GrassLight
v 0.20075 1.81838 3.41534
v 0.25488 1.59000 3.39971
v 0.11238 1.59000 3.35286
f 5316 5317 5318
usemtl GrassDark
v 0.16903 1.59000 3.30272
v 0.19824 1.59000 3.44985
v 0.25213 1.88097 3.38648
f 5319 5320 5321
usemtl GrassDark
v 0.25213 1.88097 3.38648
v 0.19824 1.59000 3.44985
v 0.16903 1.59000 3.30272
f 5322 5323 5324
usemtl GrassLight
v 0.25546 1.59000 3.35469
v 0.11181 1.59000 3.39787
v 0.20320 1.87329 3.32745
f 5325 5326 5327
usemtl GrassLight
v 0.20320 1.87329 3.32745
v 0.11181 1.59000 3.39787
v 0.25546 1.59000 3.35469
f 5328 5329 5330
usemtl GrassDark
v -0.08960 1.59000 2.56075
v -0.00627 1.59000 2.68547
v 0.00268 1.84362 2.64847
f 5331 5332 5333
usemtl GrassDark
v 0.00268 1.84362 2.64847
v -0.00627 1.59000 2.68547
v -0.08960 1.59000 2.56075
f 5334 5335 5336
usemtl GrassDark
v -0.03140 1.59000 2.54995
v -0.06446 1.59000 2.69626
v 0.00527 1.81727 2.61409
f 5337 5338 5339
usemtl GrassDark
v 0.00527 1.81727 2.61409
v -0.06446 1.59000 2.69626
v -0.03140 1.59000 2.54995
f 5340 5341 5342
usemtl Grass
v 0.01530 1.59000 2.58277
v -0.11116 1.59000 2.66345
v -0.01256 1.86402 2.58153
f 5343 5344 5345
usemtl Grass
v -0.01256 1.86402 2.58153
v -0.11116 1.59000 2.66345
v 0.01530 1.59000 2.58277
f 5346 5347 5348
usemtl Grass
v -0.26441 1.59000 2.93782
v -0.14549 1.59000 3.02923
v -0.16133 1.88823 3.02608
f 5349 5350 5351
usemtl Grass
v -0.16133 1.88823 3.02608
v -0.14549 1.59000 3.02923
v -0.26441 1.59000 2.93782
f 5352 5353 5354
usemtl GrassDark
v -0.20211 1.59000 2.90858
v -0.20779 1.59000 3.05847
v -0.16457 1.75835 2.98238
f 5355 5356 5357
usemtl GrassDark
v -0.16457 1.75835 2.98238
v -0.20779 1.59000 3.05847
v -0.20211 1.59000 2.90858
f 5358 5359 5360
usemtl Grass
v -0.13260 1.59000 2.96375
v -0.27729 1.59000 3.00331
v -0.19185 1.79695 2.94759
f 5361 5362 5363
usemtl Grass
v -0.19185 1.79695 2.94759
v -0.27729 1.59000 3.00331
v -0.13260 1.59000 2.96375
f 5364 5365 5366
usemtl GrassLight
v 0.04816 1.59000 2.99267
v 0.19237 1.59000 3.03395
v 0.14337 1.93981 3.07384
f 5367 5368 5369
usemtl GrassLight
v 0.14337 1.93981 3.07384
v 0.19237 1.59000 3.03395
v 0.04816 1.59000 2.99267
f 5370 5371 5372
usemtl Grass
v 0.08742 1.59000 2.94589
v 0.15312 1.59000 3.08073
v 0.15758 1.76295 3.02694
f 5373 5374 5375
usemtl Grass
v 0.15758 1.76295 3.02694
v 0.15312 1.59000 3.08073
v 0.08742 1.59000 2.94589
f 5376 5377 5378
usemtl GrassDark
v 0.16558 1.59000 2.95355
v 0.07496 1.59000 3.07307
v 0.16545 1.82624 2.98762
f 5379 5380 5381
usemtl GrassDark
v 0.16545 1.82624 2.98762
v 0.07496 1.59000 3.07307
v 0.16558 1.59000 2.95355
f 5382 5383 5384
usemtl GrassLight
v 0.30900 1.59000 3.34315
v 0.42602 1.59000 3.43698
v 0.42449 1.96951 3.44336
f 5385 5386 5387
usemtl GrassLight
v 0.42449 1.96951 3.44336
v 0.42602 1.59000 3.43698
v 0.30900 1.59000 3.34315
f 5388 5389 5390
usemtl GrassDark
v 0.39341 1.59000 3.31968
v 0.34161 1.59000 3.46045
v 0.45741 1.98913 3.36525
f 5391 5392 5393
usemtl GrassDark
v 0.45741 1.98913 3.36525
v 0.34161 1.59000 3.46045
v 0.39341 1.59000 3.31968
f 5394 5395 5396
usemtl GrassDark
v 0.42496 1.59000 3.34185
v 0.31006 1.59000 3.43828
v 0.40255 1.81712 3.35875
f 5397 5398 5399
usemtl GrassDark
v 0.40255 1.81712 3.35875
v 0.31006 1.59000 3.43828
v 0.42496 1.59000 3.34185
f 5400 5401 5402
usemtl GrassLight
v 0.86374 1.59000 3.11757
v 0.97830 1.59000 3.21439
v 0.96400 1.86741 3.20412
f 5403 5404 5405
usemtl GrassLight
v 0.96400 1.86741 3.20412
v 0.97830 1.59000 3.21439
v 0.86374 1.59000 3.11757
f 5406 5407 5408
usemtl GrassLight
v 0.94505 1.59000 3.09493
v 0.89700 1.59000 3.23703
v 1.01171 1.98887 3.14298
f 5409 5410 5411
usemtl GrassLight
v 1.01171 1.98887 3.14298
v 0.89700 1.59000 3.23703
v 0.94505 1.59000 3.09493
f 5412 5413 5414
usemtl Grass
v 0.97906 1.59000 3.11848
v 0.86298 1.59000 3.21348
v 0.96052 1.84981 3.12979
f 5415 5416 5417
usemtl Grass
v 0.96052 1.84981 3.12979
v 0.86298 1.59000 3.21348
v 0.97906 1.59000 3.11848
f 5418 5419 5420
usemtl Grass
v 1.22580 1.59000 2.67393
v 1.36985 1.59000 2.71574
v 1.31932 1.91129 2.75038
f 5421 5422 5423
usemtl Grass
v 1.31932 1.91129 2.75038
v 1.36985 1.59000 2.71574
v 1.22580 1.59000 2.67393
f 5424 5425 5426
usemtl GrassLight
v 1.30667 1.59000 2.62036
v 1.28899 1.59000 2.76931
v 1.36881 1.88782 2.68852
f 5427 5428 5429
usemtl GrassLight
v 1.36881 1.88782 2.68852
v 1.28899 1.59000 2.76931
v 1.30667 1.59000 2.62036
f 5430 5431 5432
usemtl Grass
v 1.35576 1.59000 2.64720
v 1.23989 1.59000 2.74247
v 1.32408 1.76223 2.67089
f 5433 5434 5435
usemtl Grass
v 1.32408 1.76223 2.67089
v 1.23989 1.59000 2.74247
v 1.35576 1.59000 2.64720
f 5436 5437 5438
usemtl Grass
v 0.55073 1.59000 3.37838
v 0.69247 1.59000 3.42747
v 0.64642 1.90596 3.45667
f 5439 5440 5441
usemtl Grass
v 0.64642 1.90596 3.45667
v 0.69247 1.59000 3.42747
v 0.55073 1.59000 3.37838
f 5442 5443 5444
usemtl GrassLight
v 0.59700 1.59000 3.33207
v 0.64621 1.59000 3.47377
v 0.69465 1.91220 3.42195
f 5445 5446 5447
usemtl GrassLight
v 0.69465 1.91220 3.42195
v 0.64621 1.59000 3.47377
v 0.59700 1.59000 3.33207
f 5448 5449 5450
usemtl GrassLight
v 0.66013 1.59000 3.33857
v 0.58308 1.59000 3.46727
v 0.69495 1.94619 3.36999
f 5451 5452 5453
usemtl GrassLight
v 0.69495 1.94619 3.36999
v 0.58308 1.59000 3.46727
v 0.66013 1.59000 3.33857
f 5454 5455 5456
usemtl Grass
v 0.56770 1.59000 3.05804
v 0.71728 1.59000 3.06928
v 0.64892 1.94742 3.12782
f 5457 5458 5459
usemtl Grass
v 0.64892 1.94742 3.12782
v 0.71728 1.59000 3.06928
v 0.56770 1.59000 3.05804
f 5460 5461 5462
usemtl Grass
v 0.62787 1.59000 2.99010
v 0.65712 1.59000 3.13722
v 0.70192 1.84247 3.07253
f 5463 5464 5465
usemtl Grass
v 0.70192 1.84247 3.07253
v 0.65712 1.59000 3.13722
v 0.62787 1.59000 2.99010
f 5466 5467 5468
usemtl GrassDark
v 0.71415 1.59000 3.04153
v 0.57083 1.59000 3.08579
v 0.66019 1.83989 3.02069
f 5469 5470 5471
usemtl GrassDark
v 0.66019 1.83989 3.02069
v 0.57083 1.59000 3.08579
v 0.71415 1.59000 3.04153
f 5472 5473 5474
usemtl Grass
v 0.54870 1.59000 2.99469
v 0.65592 1.59000 3.09959
v 0.64722 1.85758 3.08157
f 5475 5476 5477
usemtl Grass
v 0.64722 1.85758 3.08157
v 0.65592 1.59000 3.09959
v 0.54870 1.59000 2.99469
f 5478 5479 5480
usemtl Grass
v 0.61120 1.59000 2.97267
v 0.59342 1.59000 3.12161
v 0.69614 1.98374 3.03874
f 5481 5482 5483
usemtl Grass
v 0.69614 1.98374 3.03874
v 0.59342 1.59000 3.12161
v 0.61120 1.59000 2.97267
f 5484 5485 5486
usemtl GrassLight
v 0.66380 1.59000 3.00420
v 0.54082 1.59000 3.09008
v 0.65530 1.97564 2.99023
f 5487 5488 5489
usemtl GrassLight
v 0.65530 1.97564 2.99023
v 0.54082 1.59000 3.09008
v 0.66380 1.59000 3.00420
f 5490 5491 5492
usemtl Grass
v 0.66353 1.59000 2.73822
v 0.81296 1.59000 2.75133
v 0.74146 1.74305 2.77222
f 5493 5494 5495
usemtl Grass
v 0.74146 1.74305 2.77222
v 0.81296 1.59000 2.75133
v 0.66353 1.59000 2.73822
f 5496 5497 5498
usemtl GrassDark
v 0.72358 1.59000 2.67122
v 0.75291 1.59000 2.81833
v 0.79283 1.82193 2.75294
f 5499 5500 5501
usemtl GrassDark
v 0.79283 1.82193 2.75294
v 0.75291 1.59000 2.81833
v 0.72358 1.59000 2.67122
f 5502 5503 5504
usemtl GrassLight
v 0.80695 1.59000 2.71469
v 0.66955 1.59000 2.77487
v 0.75682 1.78290 2.71297
f 5505 5506 5507
usemtl GrassLight
v 0.75682 1.78290 2.71297
v 0.66955 1.59000 2.77487
v 0.80695 1.59000 2.71469
f 5508 5509 5510
usemtl Grass
v 1.30087 1.59000 3.20005
v 1.43770 1.59000 3.26150
v 1.39010 1.80165 3.26553
f 5511 5512 5513
usemtl Grass
v 1.39010 1.80165 3.26553
v 1.43770 1.59000 3.26150
v 1.30087 1.59000 3.20005
f 5514 5515 5516
usemtl Grass
v 1.33949 1.59000 3.16195
v 1.39908 1.59000 3.29960
v 1.43096 1.87002 3.25080
f 5517 5518 5519
usemtl Grass
v 1.43096 1.87002 3.25080
v 1.39908 1.59000 3.29960
v 1.33949 1.59000 3.16195
f 5520 5521 5522
usemtl Grass
v 1.42702 1.59000 3.18291
v 1.31155 1.59000 3.27864
v 1.40557 1.82690 3.19794
f 5523 5524 5525
usemtl Grass
v 1.40557 1.82690 3.19794
v 1.31155 1.59000 3.27864
v 1.42702 1.59000 3.18291
f 5526 5527 5528
usemtl GrassLight
v 1.10217 1.59000 3.12904
v 1.21578 1.59000 3.22698
v 1.21476 1.94601 3.22654
f 5529 5530 5531
usemtl GrassLight
v 1.21476 1.94601 3.22654
v 1.21578 1.59000 3.22698
v 1.10217 1.59000 3.12904
f 5532 5533 5534
usemtl Grass
v 1.15535 1.59000 3.10310
v 1.16260 1.59000 3.25292
v 1.23845 1.92152 3.18089
f 5535 5536 5537
usemtl Grass
v 1.23845 1.92152 3.18089
v 1.16260 1.59000 3.25292
v 1.15535 1.59000 3.10310
f 5538 5539 5540
usemtl GrassDark
v 1.22978 1.59000 3.15328
v 1.08817 1.59000 3.20274
v 1.17561 1.80027 3.14228
f 5541 5542 5543
usemtl GrassDark
v 1.17561 1.80027 3.14228
v 1.08817 1.59000 3.20274
v 1.22978 1.59000 3.15328
f 5544 5545 5546
usemtl GrassLight
v 1.96485 0.98000 2.91255
v 2.08458 0.98000 3.00291
v 2.05118 1.16310 2.98404
f 5547 5548 5549
usemtl GrassLight
v 2.05118 1.16310 2.98404
v 2.08458 0.98000 3.00291
v 1.96485 0.98000 2.91255
f 5550 5551 5552
usemtl GrassDark
v 2.02432 0.98000 2.88273
v 2.02511 0.98000 3.03273
v 2.08508 1.23155 2.95797
f 5553 5554 5555
usemtl GrassDark
v 2.08508 1.23155 2.95797
v 2.02511 0.98000 3.03273
v 2.02432 0.98000 2.88273
f 5556 5557 5558
usemtl Grass
v 2.09848 0.98000 2.94421
v 1.95094 0.98000 2.97125
v 2.03315 1.17491 2.92322
f 5559 5560 5561
usemtl Grass
v 2.03315 1.17491 2.92322
v 1.95094 0.98000 2.97125
v 2.09848 0.98000 2.94421
f 5562 5563 5564
usemtl GrassDark
v 2.05940 0.98000 2.84380
v 2.16108 0.98000 2.95408
v 2.16966 1.31673 2.94002
f 5565 5566 5567
usemtl GrassDark
v 2.16966 1.31673 2.94002
v 2.16108 0.98000 2.95408
v 2.05940 0.98000 2.84380
f 5568 5569 5570
usemtl GrassLight
v 2.11582 0.98000 2.82415
v 2.10466 0.98000 2.97373
v 2.16654 1.21524 2.89579
f 5571 5572 5573
usemtl GrassLight
v 2.16654 1.21524 2.89579
v 2.10466 0.98000 2.97373
v 2.11582 0.98000 2.82415
f 5574 5575 5576
usemtl GrassDark
v 2.17614 0.98000 2.86314
v 2.04433 0.98000 2.93474
v 2.15421 1.36387 2.83822
f 5577 5578 5579
usemtl GrassDark
v 2.15421 1.36387 2.83822
v 2.04433 0.98000 2.93474
v 2.17614 0.98000 2.86314
f 5580 5581 5582
usemtl Grass
v 2.04828 0.98000 3.12357
v 2.19814 0.98000 3.12995
v 2.12565 1.21896 3.16973
f 5583 5584 5585
usemtl Grass
v 2.12565 1.21896 3.16973
v 2.19814 0.98000 3.12995
v 2.04828 0.98000 3.12357
f 5586 5587 5588
usemtl GrassLight
v 2.15112 0.98000 3.05714
v 2.09530 0.98000 3.19637
v 2.17167 1.19756 3.11219
f 5589 5590 5591
usemtl GrassLight
v 2.17167 1.19756 3.11219
v 2.09530 0.98000 3.19637
v 2.15112 0.98000 3.05714
f 5592 5593 5594
usemtl GrassDark
v 2.16469 0.98000 3.06427
v 2.08173 0.98000 3.18924
v 2.18695 1.29879 3.09502
f 5595 5596 5597
usemtl GrassDark
v 2.18695 1.29879 3.09502
v 2.08173 0.98000 3.18924
v 2.16469 0.98000 3.06427
f 5598 5599 5600
usemtl GrassLight
v 2.23937 0.98000 3.10675
v 2.32228 0.98000 3.23175
v 2.34295 1.29059 3.20015
f 5601 5602 5603
usemtl GrassLight
v 2.34295 1.29059 3.20015
v 2.32228 0.98000 3.23175
v 2.23937 0.98000 3.10675
f 5604 5605 5606
usemtl Grass
v 2.29566 0.98000 3.09573
v 2.26599 0.98000 3.24277
v 2.36072 1.31962 3.15715
f 5607 5608 5609
usemtl Grass
v 2.36072 1.31962 3.15715
v 2.26599 0.98000 3.24277
v 2.29566 0.98000 3.09573
f 5610 5611 5612
usemtl GrassLight
v 2.33214 0.98000 3.11455
v 2.22951 0.98000 3.22394
v 2.30864 1.13889 3.14968
f 5613 5614 5615
usemtl GrassLight
v 2.30864 1.13889 3.14968
v 2.22951 0.98000 3.22394
v 2.33214 0.98000 3.11455
f 5616 5617 5618
usemtl GrassDark
v 1.93911 0.98000 2.88062
v 2.06464 0.98000 2.96273
v 2.02505 1.15638 2.94825
f 5619 5620 5621
usemtl GrassDark
v 2.02505 1.15638 2.94825
v 2.06464 0.98000 2.96273
v 1.93911 0.98000 2.88062
f 5622 5623 5624
usemtl GrassLight
v 1.96894 0.98000 2.85429
v 2.03481 0.98000 2.98906
v 2.03815 1.14823 2.93497
f 5625 5626 5627
usemtl GrassLight
v 2.03815 1.14823 2.93497
v 2.03481 0.98000 2.98906
v 1.96894 0.98000 2.85429
f 5628 5629 5630
usemtl Grass
v 2.06242 0.98000 2.87741
v 1.94133 0.98000 2.96594
v 2.04657 1.29553 2.87583
f 5631 5632 5633
usemtl Grass
v 2.04657 1.29553 2.87583
v 1.94133 0.98000 2.96594
v 2.06242 0.98000 2.87741
f 5634 5635 5636
usemtl GrassLight
v 1.97300 0.98000 3.31392
v 2.09351 0.98000 3.40324
v 2.08385 1.33398 3.40977
f 5637 5638 5639
usemtl GrassLight
v 2.08385 1.33398 3.40977
v 2.09351 0.98000 3.40324
v 1.97300 0.98000 3.31392
f 5640 5641 5642
usemtl GrassLight
v 2.05232 0.98000 3.28604
v 2.01420 0.98000 3.43112
v 2.09916 1.26393 3.34560
f 5643 5644 5645
usemtl GrassLight
v 2.09916 1.26393 3.34560
v 2.01420 0.98000 3.43112
v 2.05232 0.98000 3.28604
f 5646 5647 5648
usemtl GrassLight
v 2.10720 0.98000 3.34602
v 1.95932 0.98000 3.37115
v 2.04696 1.32074 3.29812
f 5649 5650 5651
usemtl GrassLight
v 2.04696 1.32074 3.29812
v 1.95932 0.98000 3.37115
v 2.10720 0.98000 3.34602
f 5652 5653 5654
usemtl GrassDark
v 1.89664 0.98000 3.03043
v 2.01513 0.98000 3.12241
v 2.00086 1.28557 3.11987
f 5655 5656 5657
usemtl GrassDark
v 2.00086 1.28557 3.11987
v 2.01513 0.98000 3.12241
v 1.89664 0.98000 3.03043
f 5658 5659 5660
usemtl Grass
v 1.97800 0.98000 3.00475
v 1.93377 0.98000 3.14809
v 2.03643 1.33121 3.05778
f 5661 5662 5663
usemtl Grass
v 2.03643 1.33121 3.05778
v 1.93377 0.98000 3.14809
v 1.97800 0.98000 3.00475
f 5664 5665 5666
usemtl Grass
v 2.02574 0.98000 3.04910
v 1.88604 0.98000 3.10374
v 1.98036 1.25990 3.02950
f 5667 5668 5669
usemtl Grass
v 1.98036 1.25990 3.02950
v 1.88604 0.98000 3.10374
v 2.02574 0.98000 3.04910
f 5670 5671 5672
usemtl GrassDark
v 2.15846 0.98000 2.66112
v 2.27690 0.98000 2.75316
v 2.26382 1.29331 2.75167
f 5673 5674 5675
usemtl GrassDark
v 2.26382 1.29331 2.75167
v 2.27690 0.98000 2.75316
v 2.15846 0.98000 2.66112
f 5676 5677 5678
usemtl GrassLight
v 2.22578 0.98000 2.63258
v 2.20959 0.98000 2.78170
v 2.31031 1.36821 2.69960
f 5679 5680 5681
usemtl GrassLight
v 2.31031 1.36821 2.69960
v 2.20959 0.98000 2.78170
v 2.22578 0.98000 2.63258
f 5682 5683 5684
usemtl GrassLight
v 2.26438 0.98000 2.64845
v 2.17098 0.98000 2.76583
v 2.27239 1.27130 2.67449
f 5685 5686 5687
usemtl GrassLight
v 2.27239 1.27130 2.67449
v 2.17098 0.98000 2.76583
v 2.26438 0.98000 2.64845
f 5688 5689 5690
usemtl Grass
v -3.89543 2.81000 2.20630
v -3.81272 2.81000 2.33144
v -3.78213 3.16936 2.30454
f 5691 5692 5693
usemtl Grass
v -3.78213 3.16936 2.30454
v -3.81272 2.81000 2.33144
v -3.89543 2.81000 2.20630
f 5694 5695 5696
usemtl GrassLight
v -3.88307 2.81000 2.19970
v -3.82508 2.81000 2.33804
v -3.76637 3.20626 2.29645
f 5697 5698 5699
usemtl GrassLight
v -3.76637 3.20626 2.29645
v -3.82508 2.81000 2.33804
v -3.88307 2.81000 2.19970
f 5700 5701 5702
usemtl GrassLight
v -3.78388 2.81000 2.24248
v -3.92428 2.81000 2.29527
v -3.83100 3.08318 2.22285
f 5703 5704 5705
usemtl GrassLight
v -3.83100 3.08318 2.22285
v -3.92428 2.81000 2.29527
v -3.78388 2.81000 2.24248
f 5706 5707 5708
usemtl GrassDark
v -4.44031 2.81000 2.12907
v -4.29924 2.81000 2.18006
v -4.34745 3.08367 2.20089
f 5709 5710 5711
usemtl GrassDark
v -4.34745 3.08367 2.20089
v -4.29924 2.81000 2.18006
v -4.44031 2.81000 2.12907
f 5712 5713 5714
usemtl GrassLight
v -4.36952 2.81000 2.07957
v -4.37003 2.81000 2.22956
v -4.32588 2.99289 2.15445
f 5715 5716 5717
usemtl GrassLight
v -4.32588 2.99289 2.15445
v -4.37003 2.81000 2.22956
v -4.36952 2.81000 2.07957
f 5718 5719 5720
usemtl GrassDark
v -4.32248 2.81000 2.09636
v -4.41707 2.81000 2.21277
v -4.30754 3.14413 2.11664
f 5721 5722 5723
usemtl GrassDark
v -4.30754 3.14413 2.11664
v -4.41707 2.81000 2.21277
v -4.32248 2.81000 2.09636
f 5724 5725 5726
usemtl GrassDark
v -3.73802 2.81000 2.25340
v -3.60504 2.81000 2.32281
v -3.62819 3.20024 2.35037
f 5727 5728 5729
usemtl GrassDark
v -3.62819 3.20024 2.35037
v -3.60504 2.81000 2.32281
v -3.73802 2.81000 2.25340
f 5730 5731 5732
usemtl GrassLight
v -3.66709 2.81000 2.21324
v -3.67597 2.81000 2.36297
v -3.60061 3.10604 2.28495
f 5733 5734 5735
usemtl GrassLight
v -3.60061 3.10604 2.28495
v -3.67597 2.81000 2.36297
v -3.66709 2.81000 2.21324
f 5736 5737 5738
usemtl Grass
v -3.59668 2.81000 2.28331
v -3.74638 2.81000 2.29290
v -3.66544 3.20708 2.21678
f 5739 5740 5741
usemtl Grass
v -3.66544 3.20708 2.21678
v -3.74638 2.81000 2.29290
v -3.59668 2.81000 2.28331
f 5742 5743 5744
usemtl Grass
v -4.45824 2.81000 1.94229
v -4.31019 2.81000 1.96640
v -4.37612 3.01970 1.99160
f 5745 5746 5747
usemtl Grass
v -4.37612 3.01970 1.99160
v -4.31019 2.81000 1.96640
v -4.45824 2.81000 1.94229
f 5748 5749 5750
usemtl Grass
v -4.39198 2.81000 1.87975
v -4.37644 2.81000 2.02895
v -4.33756 3.00545 1.95799
f 5751 5752 5753
usemtl Grass
v -4.33756 3.00545 1.95799
v -4.37644 2.81000 2.02895
v -4.39198 2.81000 1.87975
f 5754 5755 5756
usemtl GrassDark
v -4.32081 2.81000 1.91429
v -4.44762 2.81000 1.99441
v -4.36401 2.96759 1.93037
f 5757 5758 5759
usemtl GrassDark
v -4.36401 2.96759 1.93037
v -4.44762 2.81000 1.99441
v -4.32081 2.81000 1.91429
f 5760 5761 5762
usemtl GrassDark
v -3.69565 2.81000 2.07306
v -3.57504 2.81000 2.16224
v -3.60094 3.05115 2.15256
f 5763 5764 5765
usemtl GrassDark
v -3.60094 3.05115 2.15256
v -3.57504 2.81000 2.16224
v -3.69565 2.81000 2.07306
f 5766 5767 5768
usemtl GrassLight
v -3.65789 2.81000 2.04612
v -3.61279 2.81000 2.18918
v -3.57656 3.06680 2.13155
f 5769 5770 5771
usemtl GrassLight
v -3.57656 3.06680 2.13155
v -3.61279 2.81000 2.18918
v -3.65789 2.81000 2.04612
f 5772 5773 5774
usemtl Grass
v -3.58056 2.81000 2.06643
v -3.69012 2.81000 2.16888
v -3.57336 3.18812 2.06794
f 5775 5776 5777
usemtl Grass
v -3.57336 3.18812 2.06794
v -3.69012 2.81000 2.16888
v -3.58056 2.81000 2.06643
f 5778 5779 5780
usemtl GrassLight
v -4.32727 2.81000 1.66920
v -4.17765 2.81000 1.67992
v -4.24731 3.11025 1.72847
f 5781 5782 5783
usemtl GrassLight
v -4.24731 3.11025 1.72847
v -4.17765 2.81000 1.67992
v -4.32727 2.81000 1.66920
f 5784 5785 5786
usemtl GrassDark
v -4.27635 2.81000 1.60347
v -4.22857 2.81000 1.74565
v -4.19315 3.07071 1.68951
f 5787 5788 5789
usemtl GrassDark
v -4.19315 3.07071 1.68951
v -4.22857 2.81000 1.74565
v -4.27635 2.81000 1.60347
f 5790 5791 5792
usemtl GrassLight
v -4.18442 2.81000 1.64301
v -4.32050 2.81000 1.70612
v -4.21478 3.18315 1.61363
f 5793 5794 5795
usemtl GrassLight
v -4.21478 3.18315 1.61363
v -4.32050 2.81000 1.70612
v -4.18442 2.81000 1.64301
f 5796 5797 5798
usemtl GrassLight
v -3.72875 2.81000 1.86666
v -3.59962 2.81000 1.94298
v -3.63091 3.08246 1.94704
f 5799 5800 5801
usemtl GrassLight
v -3.63091 3.08246 1.94704
v -3.59962 2.81000 1.94298
v -3.72875 2.81000 1.86666
f 5802 5803 5804
usemtl Grass
v -3.65265 2.81000 1.83071
v -3.67572 2.81000 1.97893
v -3.62523 2.97427 1.90027
f 5805 5806 5807
usemtl Grass
v -3.62523 2.97427 1.90027
v -3.67572 2.81000 1.97893
v -3.65265 2.81000 1.83071
f 5808 5809 5810
usemtl Grass
v -3.62334 2.81000 1.84192
v -3.70503 2.81000 1.96772
v -3.61799 3.03949 1.88232
f 5811 5812 5813
usemtl Grass
v -3.61799 3.03949 1.88232
v -3.70503 2.81000 1.96772
v -3.62334 2.81000 1.84192
f 5814 5815 5816
usemtl GrassDark
v -4.36164 2.81000 1.89007
v -4.22309 2.81000 1.94755
v -4.26603 3.09639 1.96642
f 5817 5818 5819
usemtl GrassDark
v -4.26603 3.09639 1.96642
v -4.22309 2.81000 1.94755
v -4.36164 2.81000 1.89007
f 5820 5821 5822
usemtl GrassDark
v -4.29258 2.81000 1.84381
v -4.29215 2.81000 1.99381
v -4.24736 2.99754 1.91890
f 5823 5824 5825
usemtl GrassDark
v -4.24736 2.99754 1.91890
v -4.29215 2.81000 1.99381
v -4.29258 2.81000 1.84381
f 5826 5827 5828
usemtl Grass
v -4.25044 2.81000 1.85662
v -4.33430 2.81000 1.98099
v -4.21694 3.18903 1.88066
f 5829 5830 5831
usemtl Grass
v -4.21694 3.18903 1.88066
v -4.33430 2.81000 1.98099
v -4.25044 2.81000 1.85662
f 5832 5833 5834
usemtl Grass
v -4.24772 2.81000 3.11082
v -4.09895 2.81000 3.13000
v -4.16435 3.10293 3.17270
f 5835 5836 5837
usemtl Grass
v -4.16435 3.10293 3.17270
v -4.09895 2.81000 3.13000
v -4.24772 2.81000 3.11082
f 5838 5839 5840
usemtl GrassLight
v -4.15251 2.81000 3.04836
v -4.19417 2.81000 3.19246
v -4.09331 3.15712 3.10306
f 5841 5842 5843
usemtl GrassLight
v -4.09331 3.15712 3.10306
v -4.19417 2.81000 3.19246
v -4.15251 2.81000 3.04836
f 5844 5845 5846
usemtl Grass
v -4.11660 2.81000 3.07136
v -4.23008 2.81000 3.16946
v -4.14193 3.01011 3.09316
f 5847 5848 5849
usemtl Grass
v -4.14193 3.01011 3.09316
v -4.23008 2.81000 3.16946
v -4.11660 2.81000 3.07136
f 5850 5851 5852
usemtl Grass
v -3.85779 2.81000 2.57348
v -3.71199 2.81000 2.60872
v -3.76933 3.08588 2.63937
f 5853 5854 5855
usemtl Grass
v -3.76933 3.08588 2.63937
v -3.71199 2.81000 2.60872
v -3.85779 2.81000 2.57348
f 5856 5857 5858
usemtl GrassLight
v -3.80466 2.81000 2.51875
v -3.76511 2.81000 2.66345
v -3.70922 3.13687 2.60661
f 5859 5860 5861
usemtl GrassLight
v -3.70922 3.13687 2.60661
v -3.76511 2.81000 2.66345
v -3.80466 2.81000 2.51875
f 5862 5863 5864
usemtl Grass
v -3.71681 2.81000 2.55962
v -3.85296 2.81000 2.62257
v -3.74984 3.15800 2.53424
f 5865 5866 5867
usemtl Grass
v -3.74984 3.15800 2.53424
v -3.85296 2.81000 2.62257
v -3.71681 2.81000 2.55962
f 5868 5869 5870
usemtl GrassDark
v -4.22901 2.81000 3.05843
v -4.13204 2.81000 3.17288
v -4.13248 3.07239 3.14619
f 5871 5872 5873
usemtl GrassDark
v -4.13248 3.07239 3.14619
v -4.13204 2.81000 3.17288
v -4.22901 2.81000 3.05843
f 5874 5875 5876
usemtl GrassLight
v -4.16403 2.81000 3.04249
v -4.19702 2.81000 3.18882
v -4.10490 3.13299 3.10287
f 5877 5878 5879
usemtl GrassLight
v -4.10490 3.13299 3.10287
v -4.19702 2.81000 3.18882
v -4.16403 2.81000 3.04249
f 5880 5881 5882
usemtl Grass
v -4.11427 2.81000 3.08049
v -4.24677 2.81000 3.15081
v -4.15156 3.06742 3.07473
f 5883 5884 5885
usemtl Grass
v -4.15156 3.06742 3.07473
v -4.24677 2.81000 3.15081
v -4.11427 2.81000 3.08049
f 5886 5887 5888
usemtl Grass
v -3.65637 2.81000 2.85337
v -3.51971 2.81000 2.91522
v -3.56675 3.02517 2.91958
f 5889 5890 5891
usemtl Grass
v -3.56675 3.02517 2.91958
v -3.51971 2.81000 2.91522
v -3.65637 2.81000 2.85337
f 5892 5893 5894
usemtl Grass
v -3.56169 2.81000 2.81408
v -3.61439 2.81000 2.95451
v -3.51729 3.12485 2.86439
f 5895 5896 5897
usemtl Grass
v -3.51729 3.12485 2.86439
v -3.61439 2.81000 2.95451
v -3.56169 2.81000 2.81408
f 5898 5899 5900
usemtl GrassDark
v -3.52016 2.81000 2.85239
v -3.65591 2.81000 2.91620
v -3.56209 3.06420 2.84289
f 5901 5902 5903
usemtl GrassDark
v -3.56209 3.06420 2.84289
v -3.65591 2.81000 2.91620
v -3.52016 2.81000 2.85239
f 5904 5905 5906
usemtl Grass
v -4.47702 2.81000 3.26062
v -4.35725 2.81000 3.35093
v -4.37251 3.11886 3.35017
f 5907 5908 5909
usemtl Grass
v -4.37251 3.11886 3.35017
v -4.35725 2.81000 3.35093
v -4.47702 2.81000 3.26062
f 5910 5911 5912
usemtl GrassLight
v -4.38844 2.81000 3.23648
v -4.44583 2.81000 3.37507
v -4.33423 3.18389 3.28003
f 5913 5914 5915
usemtl GrassLight
v -4.33423 3.18389 3.28003
v -4.44583 2.81000 3.37507
v -4.38844 2.81000 3.23648
f 5916 5917 5918
usemtl Grass
v -4.35778 2.81000 3.25993
v -4.47649 2.81000 3.35163
v -4.38332 3.04044 3.27295
f 5919 5920 5921
usemtl Grass
v -4.38332 3.04044 3.27295
v -4.47649 2.81000 3.35163
v -4.35778 2.81000 3.25993
f 5922 5923 5924
usemtl Grass
v -4.07851 2.81000 3.05844
v -3.97745 2.81000 3.16928
v -3.96418 3.16976 3.15749
f 5925 5926 5927
usemtl Grass
v -3.96418 3.16976 3.15749
v -3.97745 2.81000 3.16928
v -4.07851 2.81000 3.05844
f 5928 5929 5930
usemtl GrassLight
v -4.00524 2.81000 3.04239
v -4.05073 2.81000 3.18533
v -3.98420 3.00145 3.10341
f 5931 5932 5933
usemtl GrassLight
v -3.98420 3.00145 3.10341
v -4.05073 2.81000 3.18533
v -4.00524 2.81000 3.04239
f 5934 5935 5936
usemtl GrassDark
v -3.96494 2.81000 3.07323
v -4.09102 2.81000 3.15449
v -4.00788 2.96456 3.09048
f 5937 5938 5939
usemtl GrassDark
v -4.00788 2.96456 3.09048
v -4.09102 2.81000 3.15449
v -3.96494 2.81000 3.07323
f 5940 5941 5942
usemtl Grass
v -4.37519 2.81000 3.08919
v -4.22635 2.81000 3.10781
v -4.29275 3.07919 3.14658
f 5943 5944 5945
usemtl Grass
v -4.29275 3.07919 3.14658
v -4.22635 2.81000 3.10781
v -4.37519 2.81000 3.08919
f 5946 5947 5948
usemtl Grass
v -4.28238 2.81000 3.02579
v -4.31915 2.81000 3.17121
v -4.21722 3.16909 3.08266
f 5949 5950 5951
usemtl Grass
v -4.21722 3.16909 3.08266
v -4.31915 2.81000 3.17121
v -4.28238 2.81000 3.02579
f 5952 5953 5954
usemtl Grass
v -4.22827 2.81000 3.07928
v -4.37326 2.81000 3.11773
v -4.28560 3.05658 3.05560
f 5955 5956 5957
usemtl Grass
v -4.28560 3.05658 3.05560
v -4.37326 2.81000 3.11773
v -4.22827 2.81000 3.07928
f 5958 5959 5960
usemtl Grass
v -3.97755 2.81000 2.74683
v -3.85455 2.81000 2.83269
v -3.86793 3.16028 2.84146
f 5961 5962 5963
usemtl Grass
v -3.86793 3.16028 2.84146
v -3.85455 2.81000 2.83269
v -3.97755 2.81000 2.74683
f 5964 5965 5966
usemtl GrassLight
v -3.92397 2.81000 2.71518
v -3.90813 2.81000 2.86434
v -3.84590 3.10392 2.79535
f 5967 5968 5969
usemtl GrassLight
v -3.84590 3.10392 2.79535
v -3.90813 2.81000 2.86434
v -3.92397 2.81000 2.71518
f 5970 5971 5972
usemtl GrassLight
v -3.86092 2.81000 2.73891
v -3.97118 2.81000 2.84061
v -3.86813 3.10451 2.75079
f 5973 5974 5975
usemtl GrassLight
v -3.86813 3.10451 2.75079
v -3.97118 2.81000 2.84061
v -3.86092 2.81000 2.73891
f 5976 5977 5978
usemtl GrassDark
v -3.68573 2.81000 3.06634
v -3.59047 2.81000 3.18220
v -3.58774 3.08166 3.15532
f 5979 5980 5981
usemtl GrassDark
v -3.58774 3.08166 3.15532
v -3.59047 2.81000 3.18220
v -3.68573 2.81000 3.06634
f 5982 5983 5984
usemtl GrassLight
v -3.60573 2.81000 3.05662
v -3.67047 2.81000 3.19192
v -3.60368 2.96898 3.11192
f 5985 5986 5987
usemtl GrassLight
v -3.60368 2.96898 3.11192
v -3.67047 2.81000 3.19192
v -3.60573 2.81000 3.05662
f 5988 5989 5990
usemtl GrassDark
v -3.56555 2.81000 3.10527
v -3.71066 2.81000 3.14327
v -3.62226 3.07053 3.07890
f 5991 5992 5993
usemtl GrassDark
v -3.62226 3.07053 3.07890
v -3.71066 2.81000 3.14327
v -3.56555 2.81000 3.10527
f 5994 5995 5996
usemtl GrassLight
v -3.27725 1.59000 2.91947
v -3.14946 1.59000 2.99802
v -3.17338 1.90810 3.00753
f 5997 5998 5999
usemtl GrassLight
v -3.17338 1.90810 3.00753
v -3.14946 1.59000 2.99802
v -3.27725 1.59000 2.91947
f 6000 6001 6002
usemtl GrassDark
v -3.20057 1.59000 2.88485
v -3.22615 1.59000 3.03265
v -3.12914 1.94614 2.94782
f 6003 6004 6005
usemtl GrassDark
v -3.12914 1.94614 2.94782
v -3.22615 1.59000 3.03265
v -3.20057 1.59000 2.88485
f 6006 6007 6008
usemtl Grass
v -3.17140 1.59000 2.89658
v -3.25531 1.59000 3.02092
v -3.14687 1.92422 2.92509
f 6009 6010 6011
usemtl Grass
v -3.14687 1.92422 2.92509
v -3.25531 1.59000 3.02092
v -3.17140 1.59000 2.89658
f 6012 6013 6014
usemtl GrassDark
v -3.32576 1.59000 3.03922
v -3.20587 1.59000 3.12936
v -3.21591 1.93605 3.13407
f 6015 6016 6017
usemtl GrassDark
v -3.21591 1.93605 3.13407
v -3.20587 1.59000 3.12936
v -3.32576 1.59000 3.03922
f 6018 6019 6020
usemtl GrassLight
v -3.25326 1.59000 3.01035
v -3.27837 1.59000 3.15823
v -3.22082 1.78019 3.07856
f 6021 6022 6023
usemtl GrassLight
v -3.22082 1.78019 3.07856
v -3.27837 1.59000 3.15823
v -3.25326 1.59000 3.01035
f 6024 6025 6026
usemtl GrassLight
v -3.21124 1.59000 3.03285
v -3.32039 1.59000 3.13573
v -3.22212 1.85546 3.04951
f 6027 6028 6029
usemtl GrassLight
v -3.22212 1.85546 3.04951
v -3.32039 1.59000 3.13573
v -3.21124 1.59000 3.03285
f 6030 6031 6032
usemtl Grass
v -2.64464 1.59000 3.28083
v -2.52548 1.59000 3.37194
v -2.54817 1.84308 3.36257
f 6033 6034 6035
usemtl Grass
v -2.54817 1.84308 3.36257
v -2.52548 1.59000 3.37194
v -2.64464 1.59000 3.28083
f 6036 6037 6038
usemtl GrassLight
v -2.56220 1.59000 3.25495
v -2.60793 1.59000 3.39781
v -2.50096 1.95792 3.30620
f 6039 6040 6041
usemtl GrassLight
v -2.50096 1.95792 3.30620
v -2.60793 1.59000 3.39781
v -2.56220 1.59000 3.25495
f 6042 6043 6044
usemtl Grass
v -2.52428 1.59000 3.28245
v -2.64585 1.59000 3.37032
v -2.55518 1.80257 3.29537
f 6045 6046 6047
usemtl Grass
v -2.55518 1.80257 3.29537
v -2.64585 1.59000 3.37032
v -2.52428 1.59000 3.28245
f 6048 6049 6050
usemtl GrassLight
v -2.78104 1.59000 2.77280
v -2.63135 1.59000 2.78248
v -2.70045 1.96138 2.84435
f 6051 6052 6053
usemtl GrassLight
v -2.70045 1.96138 2.84435
v -2.63135 1.59000 2.78248
v -2.78104 1.59000 2.77280
f 6054 6055 6056
usemtl Grass
v -2.69096 1.59000 2.70421
v -2.72143 1.59000 2.85108
v -2.66404 1.76939 2.77108
f 6057 6058 6059
usemtl Grass
v -2.66404 1.76939 2.77108
v -2.72143 1.59000 2.85108
v -2.69096 1.59000 2.70421
f 6060 6061 6062
usemtl Grass
v -2.64455 1.59000 2.73492
v -2.76783 1.59000 2.82037
v -2.65346 1.97569 2.72058
f 6063 6064 6065
usemtl Grass
v -2.65346 1.97569 2.72058
v -2.76783 1.59000 2.82037
v -2.64455 1.59000 2.73492
f 6066 6067 6068
usemtl Grass
v -3.36092 1.59000 2.73081
v -3.26369 1.59000 2.84503
v -3.27701 1.78314 2.81046
f 6069 6070 6071
usemtl Grass
v -3.27701 1.78314 2.81046
v -3.26369 1.59000 2.84503
v -3.36092 1.59000 2.73081
f 6072 6073 6074
usemtl Grass
v -3.33241 1.59000 2.71567
v -3.29220 1.59000 2.86018
v -3.25730 1.82790 2.79940
f 6075 6076 6077
usemtl Grass
v -3.25730 1.82790 2.79940
v -3.29220 1.59000 2.86018
v -3.33241 1.59000 2.71567
f 6078 6079 6080
usemtl Grass
v -3.27407 1.59000 2.72340
v -3.35054 1.59000 2.85245
v -3.25479 1.86854 2.76236
f 6081 6082 6083
usemtl Grass
v -3.25479 1.86854 2.76236
v -3.35054 1.59000 2.85245
v -3.27407 1.59000 2.72340
f 6084 6085 6086
usemtl GrassDark
v -3.40806 1.59000 3.37265
v -3.25813 1.59000 3.37726
v -3.33079 1.90339 3.43134
f 6087 6088 6089
usemtl GrassDark
v -3.33079 1.90339 3.43134
v -3.25813 1.59000 3.37726
v -3.40806 1.59000 3.37265
f 6090 6091 6092
usemtl Grass
v -3.36660 1.59000 3.30785
v -3.29960 1.59000 3.44206
v -3.25756 1.94180 3.40324
f 6093 6094 6095
usemtl Grass
v -3.25756 1.94180 3.40324
v -3.29960 1.59000 3.44206
v -3.36660 1.59000 3.30785
f 6096 6097 6098
usemtl GrassDark
v -3.26007 1.59000 3.35787
v -3.40613 1.59000 3.39205
v -3.31993 1.83076 3.33276
f 6099 6100 6101
usemtl GrassDark
v -3.31993 1.83076 3.33276
v -3.40613 1.59000 3.39205
v -3.26007 1.59000 3.35787
f 6102 6103 6104
usemtl Grass
v -3.05399 1.59000 2.64133
v -2.94612 1.59000 2.74557
v -2.94289 1.93279 2.73782
f 6105 6106 6107
usemtl Grass
v -2.94289 1.93279 2.73782
v -2.94612 1.59000 2.74557
v -3.05399 1.59000 2.64133
f 6108 6109 6110
usemtl GrassDark
v -2.97338 1.59000 2.62336
v -3.02674 1.59000 2.76354
v -2.96217 1.75893 2.68263
f 6111 6112 6113
usemtl GrassDark
v -2.96217 1.75893 2.68263
v -3.02674 1.59000 2.76354
v -2.97338 1.59000 2.62336
f 6114 6115 6116
usemtl Grass
v -2.95399 1.59000 2.63426
v -3.04612 1.59000 2.75264
v -2.96776 1.76050 2.67460
f 6117 6118 6119
usemtl Grass
v -2.96776 1.76050 2.67460
v -3.04612 1.59000 2.75264
v -2.95399 1.59000 2.63426
f 6120 6121 6122
usemtl Grass
v -2.87590 1.59000 3.01676
v -2.72630 1.59000 3.02773
v -2.79832 1.74818 3.05064
f 6123 6124 6125
usemtl Grass
v -2.79832 1.74818 3.05064
v -2.72630 1.59000 3.02773
v -2.87590 1.59000 3.01676
f 6126 6127 6128
usemtl GrassLight
v -2.81056 1.59000 2.94784
v -2.79164 1.59000 3.09665
v -2.76526 1.74054 3.02566
f 6129 6130 6131
usemtl GrassLight
v -2.76526 1.74054 3.02566
v -2.79164 1.59000 3.09665
v -2.81056 1.59000 2.94784
f 6132 6133 6134
usemtl Grass
v -2.74952 1.59000 2.96779
v -2.85267 1.59000 3.07670
v -2.73416 1.97414 2.97470
f 6135 6136 6137
usemtl Grass
v -2.73416 1.97414 2.97470
v -2.85267 1.59000 3.07670
v -2.74952 1.59000 2.96779
f 6138 6139 6140
usemtl Wood
v -2.94621 1.56000 2.77048
v -2.94621 2.04000 2.77048
v -2.86121 2.04000 2.77048
v -2.86121 1.56000 2.77048
f 6141 6142 6143
f 6141 6143 6144
usemtl Wood
v -2.86121 1.56000 2.85548
v -2.86121 2.04000 2.85548
v -2.94621 2.04000 2.85548
v -2.94621 1.56000 2.85548
f 6145 6146 6147
f 6145 6147 6148
usemtl Wood
v -2.94621 1.56000 2.85548
v -2.94621 2.04000 2.85548
v -2.94621 2.04000 2.77048
v -2.94621 1.56000 2.77048
f 6149 6150 6151
f 6149 6151 6152
usemtl Wood
v -2.86121 1.56000 2.77048
v -2.86121 2.04000 2.77048
v -2.86121 2.04000 2.85548
v -2.86121 1.56000 2.85548
f 6153 6154 6155
f 6153 6155 6156
usemtl Wood
v -2.94621 1.56000 2.85548
v -2.94621 1.56000 2.77048
v -2.86121 1.56000 2.77048
v -2.86121 1.56000 2.85548
f 6157 6158 6159
f 6157 6159 6160
usemtl Wood
v -2.94621 2.04000 2.77048
v -2.94621 2.04000 2.85548
v -2.86121 2.04000 2.85548
v -2.86121 2.04000 2.77048
f 6161 6162 6163
f 6161 6163 6164
usemtl Lemon
v -2.90371 2.50000 2.81298
v -2.76263 2.38577 2.97330
v -2.67743 2.38577 2.81298
f 6165 6166 6167
usemtl Lemon
v -2.67743 2.38577 2.81298
v -2.76263 2.38577 2.97330
v -2.70419 2.11000 3.03971
v -2.58371 2.11000 2.81298
f 6168 6169 6170
f 6168 6170 6171
usemtl Lemon
v -2.58371 2.11000 2.81298
v -2.70419 2.11000 3.03971
v -2.76263 1.83423 2.97330
v -2.67743 1.83423 2.81298
f 6172 6173 6174
f 6172 6174 6175
usemtl Lemon
v -2.67743 1.83423 2.81298
v -2.76263 1.83423 2.97330
v -2.90371 1.72000 2.81298
f 6176 6177 6178
usemtl Lemon
v -2.90371 2.50000 2.81298
v -2.95406 2.38577 3.01290
v -2.76263 2.38577 2.97330
f 6179 6180 6181
usemtl Lemon
v -2.76263 2.38577 2.97330
v -2.95406 2.38577 3.01290
v -2.97491 2.11000 3.09571
v -2.70419 2.11000 3.03971
f 6182 6183 6184
f 6182 6184 6185
usemtl Lemon
v -2.70419 2.11000 3.03971
v -2.97491 2.11000 3.09571
v -2.95406 1.83423 3.01290
v -2.76263 1.83423 2.97330
f 6186 6187 6188
f 6186 6188 6189
usemtl Lemon
v -2.76263 1.83423 2.97330
v -2.95406 1.83423 3.01290
v -2.90371 1.72000 2.81298
f 6190 6191 6192
usemtl Lemon
v -2.90371 2.50000 2.81298
v -3.10757 2.38577 2.90195
v -2.95406 2.38577 3.01290
f 6193 6194 6195
usemtl Lemon
v -2.95406 2.38577 3.01290
v -3.10757 2.38577 2.90195
v -3.19202 2.11000 2.93880
v -2.97491 2.11000 3.09571
f 6196 6197 6198
f 6196 6198 6199
usemtl Lemon
v -2.97491 2.11000 3.09571
v -3.19202 2.11000 2.93880
v -3.10757 1.83423 2.90195
v -2.95406 1.83423 3.01290
f 6200 6201 6202
f 6200 6202 6203
usemtl Lemon
v -2.95406 1.83423 3.01290
v -3.10757 1.83423 2.90195
v -2.90371 1.72000 2.81298
f 6204 6205 6206
usemtl Lemon
v -2.90371 2.50000 2.81298
v -3.10757 2.38577 2.72401
v -3.10757 2.38577 2.90195
f 6207 6208 6209
usemtl Lemon
v -3.10757 2.38577 2.90195
v -3.10757 2.38577 2.72401
v -3.19202 2.11000 2.68715
v -3.19202 2.11000 2.93880
f 6210 6211 6212
f 6210 6212 6213
usemtl Lemon
v -3.19202 2.11000 2.93880
v -3.19202 2.11000 2.68715
v -3.10757 1.83423 2.72401
v -3.10757 1.83423 2.90195
f 6214 6215 6216
f 6214 6216 6217
usemtl Lemon
v -3.10757 1.83423 2.90195
v -3.10757 1.83423 2.72401
v -2.90371 1.72000 2.81298
f 6218 6219 6220
usemtl Lemon
v -2.90371 2.50000 2.81298
v -2.95406 2.38577 2.61306
v -3.10757 2.38577 2.72401
f 6221 6222 6223
usemtl Lemon
v -3.10757 2.38577 2.72401
v -2.95406 2.38577 2.61306
v -2.97491 2.11000 2.53025
v -3.19202 2.11000 2.68715
f 6224 6225 6226
f 6224 6226 6227
usemtl Lemon
v -3.19202 2.11000 2.68715
v -2.97491 2.11000 2.53025
v -2.95406 1.83423 2.61306
v -3.10757 1.83423 2.72401
f 6228 6229 6230
f 6228 6230 6231
usemtl Lemon
v -3.10757 1.83423 2.72401
v -2.95406 1.83423 2.61306
v -2.90371 1.72000 2.81298
f 6232 6233 6234
usemtl Lemon
v -2.90371 2.50000 2.81298
v -2.76263 2.38577 2.65265
v -2.95406 2.38577 2.61306
f 6235 6236 6237
usemtl Lemon
v -2.95406 2.38577 2.61306
v -2.76263 2.38577 2.65265
v -2.70419 2.11000 2.58625
v -2.97491 2.11000 2.53025
f 6238 6239 6240
f 6238 6240 6241
usemtl Lemon
v -2.97491 2.11000 2.53025
v -2.70419 2.11000 2.58625
v -2.76263 1.83423 2.65265
v -2.95406 1.83423 2.61306
f 6242 6243 6244
f 6242 6244 6245
usemtl Lemon
v -2.95406 1.83423 2.61306
v -2.76263 1.83423 2.65265
v -2.90371 1.72000 2.81298
f 6246 6247 6248
usemtl Lemon
v -2.90371 2.50000 2.81298
v -2.67743 2.38577 2.81298
v -2.76263 2.38577 2.65265
f 6249 6250 6251
usemtl Lemon
v -2.76263 2.38577 2.65265
v -2.67743 2.38577 2.81298
v -2.58371 2.11000 2.81298
v -2.70419 2.11000 2.58625
f 6252 6253 6254
f 6252 6254 6255
usemtl Lemon
v -2.70419 2.11000 2.58625
v -2.58371 2.11000 2.81298
v -2.67743 1.83423 2.81298
v -2.76263 1.83423 2.65265
f 6256 6257 6258
f 6256 6258 6259
usemtl Lemon
v -2.76263 1.83423 2.65265
v -2.67743 1.83423 2.81298
v -2.90371 1.72000 2.81298
f 6260 6261 6262
usemtl LemonLight
v -3.05371 2.32000 2.95298
v -2.95671 2.24092 3.08013
v -2.89814 2.24092 2.95298
f 6263 6264 6265
usemtl LemonLight
v -2.89814 2.24092 2.95298
v -2.95671 2.24092 3.08013
v -2.91654 2.05000 3.13280
v -2.83371 2.05000 2.95298
f 6266 6267 6268
f 6266 6268 6269
usemtl LemonLight
v -2.83371 2.05000 2.95298
v -2.91654 2.05000 3.13280
v -2.95671 1.85908 3.08013
v -2.89814 1.85908 2.95298
f 6270 6271 6272
f 6270 6272 6273
usemtl LemonLight
v -2.89814 1.85908 2.95298
v -2.95671 1.85908 3.08013
v -3.05371 1.78000 2.95298
f 6274 6275 6276
usemtl LemonLight
v -3.05371 2.32000 2.95298
v -3.08832 2.24092 3.11153
v -2.95671 2.24092 3.08013
f 6277 6278 6279
usemtl LemonLight
v -2.95671 2.24092 3.08013
v -3.08832 2.24092 3.11153
v -3.10266 2.05000 3.17721
v -2.91654 2.05000 3.13280
f 6280 6281 6282
f 6280 6282 6283
usemtl LemonLight
v -2.91654 2.05000 3.13280
v -3.10266 2.05000 3.17721
v -3.08832 1.85908 3.11153
v -2.95671 1.85908 3.08013
f 6284 6285 6286
f 6284 6286 6287
usemtl LemonLight
v -2.95671 1.85908 3.08013
v -3.08832 1.85908 3.11153
v -3.05371 1.78000 2.95298
f 6288 6289 6290
usemtl LemonLight
v -3.05371 2.32000 2.95298
v -3.19386 2.24092 3.02354
v -3.08832 2.24092 3.11153
f 6291 6292 6293
usemtl LemonLight
v -3.08832 2.24092 3.11153
v -3.19386 2.24092 3.02354
v -3.25192 2.05000 3.05277
v -3.10266 2.05000 3.17721
f 6294 6295 6296
f 6294 6296 6297
usemtl LemonLight
v -3.10266 2.05000 3.17721
v -3.25192 2.05000 3.05277
v -3.19386 1.85908 3.02354
v -3.08832 1.85908 3.11153
f 6298 6299 6300
f 6298 6300 6301
usemtl LemonLight
v -3.08832 1.85908 3.11153
v -3.19386 1.85908 3.02354
v -3.05371 1.78000 2.95298
f 6302 6303 6304
usemtl LemonLight
v -3.05371 2.32000 2.95298
v -3.19386 2.24092 2.88241
v -3.19386 2.24092 3.02354
f 6305 6306 6307
usemtl LemonLight
v -3.19386 2.24092 3.02354
v -3.19386 2.24092 2.88241
v -3.25192 2.05000 2.85318
v -3.25192 2.05000 3.05277
f 6308 6309 6310
f 6308 6310 6311
usemtl LemonLight
v -3.25192 2.05000 3.05277
v -3.25192 2.05000 2.85318
v -3.19386 1.85908 2.88241
v -3.19386 1.85908 3.02354
f 6312 6313 6314
f 6312 6314 6315
usemtl LemonLight
v -3.19386 1.85908 3.02354
v -3.19386 1.85908 2.88241
v -3.05371 1.78000 2.95298
f 6316 6317 6318
usemtl LemonLight
v -3.05371 2.32000 2.95298
v -3.08832 2.24092 2.79442
v -3.19386 2.24092 2.88241
f 6319 6320 6321
usemtl LemonLight
v -3.19386 2.24092 2.88241
v -3.08832 2.24092 2.79442
v -3.10266 2.05000 2.72874
v -3.25192 2.05000 2.85318
f 6322 6323 6324
f 6322 6324 6325
usemtl LemonLight
v -3.25192 2.05000 2.85318
v -3.10266 2.05000 2.72874
v -3.08832 1.85908 2.79442
v -3.19386 1.85908 2.88241
f 6326 6327 6328
f 6326 6328 6329
usemtl LemonLight
v -3.19386 1.85908 2.88241
v -3.08832 1.85908 2.79442
v -3.05371 1.78000 2.95298
f 6330 6331 6332
usemtl LemonLight
v -3.05371 2.32000 2.95298
v -2.95671 2.24092 2.82582
v -3.08832 2.24092 2.79442
f 6333 6334 6335
usemtl LemonLight
v -3.08832 2.24092 2.79442
v -2.95671 2.24092 2.82582
v -2.91654 2.05000 2.77316
v -3.10266 2.05000 2.72874
f 6336 6337 6338
f 6336 6338 6339
usemtl LemonLight
v -3.10266 2.05000 2.72874
v -2.91654 2.05000 2.77316
v -2.95671 1.85908 2.82582
v -3.08832 1.85908 2.79442
f 6340 6341 6342
f 6340 6342 6343
usemtl LemonLight
v -3.08832 1.85908 2.79442
v -2.95671 1.85908 2.82582
v -3.05371 1.78000 2.95298
f 6344 6345 6346
usemtl LemonLight
v -3.05371 2.32000 2.95298
v -2.89814 2.24092 2.95298
v -2.95671 2.24092 2.82582
f 6347 6348 6349
usemtl LemonLight
v -2.95671 2.24092 2.82582
v -2.89814 2.24092 2.95298
v -2.83371 2.05000 2.95298
v -2.91654 2.05000 2.77316
f 6350 6351 6352
f 6350 6352 6353
usemtl LemonLight
v -2.91654 2.05000 2.77316
v -2.83371 2.05000 2.95298
v -2.89814 1.85908 2.95298
v -2.95671 1.85908 2.82582
f 6354 6355 6356
f 6354 6356 6357
usemtl LemonLight
v -2.95671 1.85908 2.82582
v -2.89814 1.85908 2.95298
v -3.05371 1.78000 2.95298
f 6358 6359 6360
usemtl GrassDark
v 3.00941 2.20000 2.69792
v 3.11893 2.20000 2.80041
v 3.10689 2.46053 2.78341
f 6361 6362 6363
usemtl GrassDark
v 3.10689 2.46053 2.78341
v 3.11893 2.20000 2.80041
v 3.00941 2.20000 2.69792
f 6364 6365 6366
usemtl GrassDark
v 3.08475 2.20000 2.67705
v 3.04359 2.20000 2.82129
v 3.12620 2.46878 2.73589
f 6367 6368 6369
usemtl GrassDark
v 3.12620 2.46878 2.73589
v 3.04359 2.20000 2.82129
v 3.08475 2.20000 2.67705
f 6370 6371 6372
usemtl Grass
v 3.11963 2.20000 2.69867
v 3.00872 2.20000 2.79966
v 3.09425 2.38616 2.72439
f 6373 6374 6375
usemtl Grass
v 3.09425 2.38616 2.72439
v 3.00872 2.20000 2.79966
v 3.11963 2.20000 2.69867
f 6376 6377 6378
usemtl Grass
v 3.02636 2.20000 3.18308
v 3.17551 2.20000 3.19898
v 3.10759 2.46136 3.23781
f 6379 6380 6381
usemtl Grass
v 3.10759 2.46136 3.23781
v 3.17551 2.20000 3.19898
v 3.02636 2.20000 3.18308
f 6382 6383 6384
usemtl GrassLight
v 3.07317 2.20000 3.12136
v 3.12870 2.20000 3.26070
v 3.15786 2.45531 3.20804
f 6385 6386 6387
usemtl GrassLight
v 3.15786 2.45531 3.20804
v 3.12870 2.20000 3.26070
v 3.07317 2.20000 3.12136
f 6388 6389 6390
usemtl GrassDark
v 3.14082 2.20000 3.12751
v 3.06106 2.20000 3.25455
v 3.13406 2.36294 3.17544
f 6391 6392 6393
usemtl GrassDark
v 3.13406 2.36294 3.17544
v 3.06106 2.20000 3.25455
v 3.14082 2.20000 3.12751
f 6394 6395 6396
usemtl GrassDark
v 2.89375 2.20000 2.74745
v 3.04370 2.20000 2.75129
v 2.97024 2.44546 2.79354
f 6397 6398 6399
usemtl GrassDark
v 2.97024 2.44546 2.79354
v 3.04370 2.20000 2.75129
v 2.89375 2.20000 2.74745
f 6400 6401 6402
usemtl GrassDark
v 2.96823 2.20000 2.67437
v 2.96923 2.20000 2.82437
v 3.01580 2.39613 2.74960
f 6403 6404 6405
usemtl GrassDark
v 3.01580 2.39613 2.74960
v 2.96923 2.20000 2.82437
v 2.96823 2.20000 2.67437
f 6406 6407 6408
usemtl GrassDark
v 3.02298 2.20000 2.69758
v 2.91448 2.20000 2.80116
v 3.03493 2.59948 2.69736
f 6409 6410 6411
usemtl GrassDark
v 3.03493 2.59948 2.69736
v 2.91448 2.20000 2.80116
v 3.02298 2.20000 2.69758
f 6412 6413 6414
usemtl GrassDark
v 2.95450 2.20000 3.14479
v 3.10069 2.20000 3.17836
v 3.03635 2.36309 3.19019
f 6415 6416 6417
usemtl GrassDark
v 3.03635 2.36309 3.19019
v 3.10069 2.20000 3.17836
v 2.95450 2.20000 3.14479
f 6418 6419 6420
usemtl GrassDark
v 2.99666 2.20000 3.09325
v 3.05853 2.20000 3.22990
v 3.08951 2.48320 3.18260
f 6421 6422 6423
usemtl GrassDark
v 3.08951 2.48320 3.18260
v 3.05853 2.20000 3.22990
v 2.99666 2.20000 3.09325
f 6424 6425 6426
usemtl GrassDark
v 3.09975 2.20000 3.14111
v 2.95544 2.20000 3.18204
v 3.05352 2.59593 3.09301
f 6427 6428 6429
usemtl GrassDark
v 3.05352 2.59593 3.09301
v 2.95544 2.20000 3.18204
v 3.09975 2.20000 3.14111
f 6430 6431 6432
usemtl GrassLight
v 2.62873 2.20000 3.31729
v 2.73491 2.20000 3.42323
v 2.71587 2.40088 3.39586
f 6433 6434 6435
usemtl GrassLight
v 2.71587 2.40088 3.39586
v 2.73491 2.20000 3.42323
v 2.62873 2.20000 3.31729
f 6436 6437 6438
usemtl Grass
v 2.70930 2.20000 3.30048
v 2.65433 2.20000 3.44004
v 2.73028 2.41701 3.35594
f 6439 6440 6441
usemtl Grass
v 2.73028 2.41701 3.35594
v 2.65433 2.20000 3.44004
v 2.70930 2.20000 3.30048
f 6442 6443 6444
usemtl GrassDark
v 2.74932 2.20000 3.33757
v 2.61432 2.20000 3.40295
v 2.70375 2.40965 3.33630
f 6445 6446 6447
usemtl GrassDark
v 2.70375 2.40965 3.33630
v 2.61432 2.20000 3.40295
v 2.74932 2.20000 3.33757
f 6448 6449 6450
usemtl Grass
v 3.04710 2.20000 3.07238
v 3.19499 2.20000 3.09745
v 3.13126 2.45450 3.13008
f 6451 6452 6453
usemtl Grass
v 3.13126 2.45450 3.13008
v 3.19499 2.20000 3.09745
v 3.04710 2.20000 3.07238
f 6454 6455 6456
usemtl Grass
v 3.08649 2.20000 3.01835
v 3.15561 2.20000 3.15148
v 3.17552 2.45573 3.10612
f 6457 6458 6459
usemtl Grass
v 3.17552 2.45573 3.10612
v 3.15561 2.20000 3.15148
v 3.08649 2.20000 3.01835
f 6460 6461 6462
usemtl GrassDark
v 3.15908 2.20000 3.02027
v 3.08301 2.20000 3.14955
v 3.19442 2.55473 3.05253
f 6463 6464 6465
usemtl GrassDark
v 3.19442 2.55473 3.05253
v 3.08301 2.20000 3.14955
v 3.15908 2.20000 3.02027
f 6466 6467 6468
usemtl GrassLight
v 3.03145 2.20000 2.83737
v 3.18076 2.20000 2.85166
v 3.11032 2.38419 2.87752
f 6469 6470 6471
usemtl GrassLight
v 3.11032 2.38419 2.87752
v 3.18076 2.20000 2.85166
v 3.03145 2.20000 2.83737
f 6472 6473 6474
usemtl Grass
v 3.11521 2.20000 2.77007
v 3.09700 2.20000 2.91896
v 3.16878 2.46310 2.83876
f 6475 6476 6477
usemtl Grass
v 3.16878 2.46310 2.83876
v 3.09700 2.20000 2.91896
v 3.11521 2.20000 2.77007
f 6478 6479 6480
usemtl GrassDark
v 3.18019 2.20000 2.83286
v 3.03202 2.20000 2.85616
v 3.11400 2.41158 2.80689
f 6481 6482 6483
usemtl GrassDark
v 3.11400 2.41158 2.80689
v 3.03202 2.20000 2.85616
v 3.18019 2.20000 2.83286
f 6484 6485 6486
usemtl GrassDark
v 2.95342 2.20000 2.79052
v 3.09257 2.20000 2.84654
v 3.05524 2.55975 2.87860
f 6487 6488 6489
usemtl GrassDark
v 3.05524 2.55975 2.87860
v 3.09257 2.20000 2.84654
v 2.95342 2.20000 2.79052
f 6490 6491 6492
usemtl GrassDark
v 2.99711 2.20000 2.74813
v 3.04888 2.20000 2.88892
v 3.08681 2.48329 2.83612
f 6493 6494 6495
usemtl GrassDark
v 3.08681 2.48329 2.83612
v 3.04888 2.20000 2.88892
v 2.99711 2.20000 2.74813
f 6496 6497 6498
usemtl GrassDark
v 3.08914 2.20000 2.78317
v 2.95685 2.20000 2.85389
v 3.05191 2.45554 2.77796
f 6499 6500 6501
usemtl GrassDark
v 3.05191 2.45554 2.77796
v 2.95685 2.20000 2.85389
v 3.08914 2.20000 2.78317
f 6502 6503 6504
usemtl GrassLight
v 2.60179 2.20000 3.40675
v 2.75147 2.20000 3.41649
v 2.67902 2.35314 3.43913
f 6505 6506 6507
usemtl GrassLight
v 2.67902 2.35314 3.43913
v 2.75147 2.20000 3.41649
v 2.60179 2.20000 3.40675
f 6508 6509 6510
usemtl Grass
v 2.64518 2.20000 3.34353
v 2.70809 2.20000 3.47971
v 2.72708 2.43156 3.42910
f 6511 6512 6513
usemtl Grass
v 2.72708 2.43156 3.42910
v 2.70809 2.20000 3.47971
v 2.64518 2.20000 3.34353
f 6514 6515 6516
usemtl GrassLight
v 2.75132 2.20000 3.40480
v 2.60194 2.20000 3.41844
v 2.68474 2.57121 3.34508
f 6517 6518 6519
usemtl GrassLight
v 2.68474 2.57121 3.34508
v 2.60194 2.20000 3.41844
v 2.75132 2.20000 3.40480
f 6520 6521 6522
usemtl Grass
v 3.15836 2.20000 2.68742
v 3.30678 2.20000 2.70913
v 3.24635 2.59683 2.76895
f 6523 6524 6525
usemtl Grass
v 3.24635 2.59683 2.76895
v 3.30678 2.20000 2.70913
v 3.15836 2.20000 2.68742
f 6526 6527 6528
usemtl GrassDark
v 3.21989 2.20000 2.62436
v 3.24524 2.20000 2.77220
v 3.32115 2.57447 2.70967
f 6529 6530 6531
usemtl GrassDark
v 3.32115 2.57447 2.70967
v 3.24524 2.20000 2.77220
v 3.21989 2.20000 2.62436
f 6532 6533 6534
usemtl GrassLight
v 3.30264 2.20000 2.67154
v 3.16249 2.20000 2.72501
v 3.25131 2.41906 2.66144
f 6535 6536 6537
usemtl GrassLight
v 3.25131 2.41906 2.66144
v 3.16249 2.20000 2.72501
v 3.30264 2.20000 2.67154
f 6538 6539 6540
usemtl GrassLight
v 2.74510 2.20000 3.61112
v 2.87257 2.20000 3.69018
v 2.83518 2.40832 3.68252
f 6541 6542 6543
usemtl GrassLight
v 2.83518 2.40832 3.68252
v 2.87257 2.20000 3.69018
v 2.74510 2.20000 3.61112
f 6544 6545 6546
usemtl GrassLight
v 2.77717 2.20000 3.58266
v 2.84050 2.20000 3.71864
v 2.85460 2.41037 3.66664
f 6547 6548 6549
usemtl GrassLight
v 2.85460 2.41037 3.66664
v 2.84050 2.20000 3.71864
v 2.77717 2.20000 3.58266
f 6550 6551 6552
usemtl GrassDark
v 2.86564 2.20000 3.60168
v 2.75203 2.20000 3.69962
v 2.86967 2.58820 3.59773
f 6553 6554 6555
usemtl GrassDark
v 2.86967 2.58820 3.59773
v 2.75203 2.20000 3.69962
v 2.86564 2.20000 3.60168
f 6556 6557 6558
usemtl GrassDark
v 2.72521 2.20000 3.55380
v 2.86506 2.20000 3.60803
v 2.81331 2.40951 3.61608
f 6559 6560 6561
usemtl GrassDark
v 2.81331 2.40951 3.61608
v 2.86506 2.20000 3.60803
v 2.72521 2.20000 3.55380
f 6562 6563 6564
usemtl Grass
v 2.82807 2.20000 3.51354
v 2.76219 2.20000 3.64830
v 2.87254 2.55902 3.55253
f 6565 6566 6567
usemtl Grass
v 2.87254 2.55902 3.55253
v 2.76219 2.20000 3.64830
v 2.82807 2.20000 3.51354
f 6568 6569 6570
usemtl GrassDark
v 2.83767 2.20000 3.51914
v 2.75260 2.20000 3.64269
v 2.83137 2.38334 3.56220
f 6571 6572 6573
usemtl GrassDark
v 2.83137 2.38334 3.56220
v 2.75260 2.20000 3.64269
v 2.83767 2.20000 3.51914
f 6574 6575 6576
usemtl GrassLight
v 2.99037 2.20000 3.57387
v 3.13567 2.20000 3.61113
v 3.07919 2.47138 3.63982
f 6577 6578 6579
usemtl GrassLight
v 3.07919 2.47138 3.63982
v 3.13567 2.20000 3.61113
v 2.99037 2.20000 3.57387
f 6580 6581 6582
usemtl GrassLight
v 3.04210 2.20000 3.52048
v 3.08394 2.20000 3.66452
v 3.12113 2.45216 3.60516
f 6583 6584 6585
usemtl GrassLight
v 3.12113 2.45216 3.60516
v 3.08394 2.20000 3.66452
v 3.04210 2.20000 3.52048
f 6586 6587 6588
usemtl Grass
v 3.10708 2.20000 3.53181
v 3.01895 2.20000 3.65319
v 3.10801 2.43171 3.56800
f 6589 6590 6591
usemtl Grass
v 3.10801 2.43171 3.56800
v 3.01895 2.20000 3.65319
v 3.10708 2.20000 3.53181
f 6592 6593 6594
usemtl GrassDark
v 2.79016 2.20000 3.55701
v 2.92466 2.20000 3.62342
v 2.87991 2.41174 3.62439
f 6595 6596 6597
usemtl GrassDark
v 2.87991 2.41174 3.62439
v 2.92466 2.20000 3.62342
v 2.79016 2.20000 3.55701
f 6598 6599 6600
usemtl Grass
v 2.87369 2.20000 3.51701
v 2.84113 2.20000 3.66343
v 2.89315 2.35256 3.58426
f 6601 6602 6603
usemtl Grass
v 2.89315 2.35256 3.58426
v 2.84113 2.20000 3.66343
v 2.87369 2.20000 3.51701
f 6604 6605 6606
usemtl Grass
v 2.91863 2.20000 3.54689
v 2.79619 2.20000 3.63355
v 2.88543 2.40204 3.56053
f 6607 6608 6609
usemtl Grass
v 2.88543 2.40204 3.56053
v 2.79619 2.20000 3.63355
v 2.91863 2.20000 3.54689
f 6610 6611 6612
usemtl Grass
v 3.34362 2.20000 3.78647
v 3.43267 2.20000 3.90718
v 3.44276 2.48281 3.87704
f 6613 6614 6615
usemtl Grass
v 3.44276 2.48281 3.87704
v 3.43267 2.20000 3.90718
v 3.34362 2.20000 3.78647
f 6616 6617 6618
usemtl GrassLight
v 3.39153 2.20000 3.77190
v 3.38476 2.20000 3.92175
v 3.46250 2.51015 3.84430
f 6619 6620 6621
usemtl GrassLight
v 3.46250 2.51015 3.84430
v 3.38476 2.20000 3.92175
v 3.39153 2.20000 3.77190
f 6622 6623 6624
usemtl GrassLight
v 3.44916 2.20000 3.80321
v 3.32713 2.20000 3.89044
v 3.42493 2.46361 3.80822
f 6625 6626 6627
usemtl GrassLight
v 3.42493 2.46361 3.80822
v 3.32713 2.20000 3.89044
v 3.44916 2.20000 3.80321
f 6628 6629 6630
usemtl Grass
v 2.90993 2.20000 3.71918
v 3.00927 2.20000 3.83157
v 3.00654 2.46100 3.80649
f 6631 6632 6633
usemtl Grass
v 3.00654 2.46100 3.80649
v 3.00927 2.20000 3.83157
v 2.90993 2.20000 3.71918
f 6634 6635 6636
usemtl GrassDark
v 2.98262 2.20000 3.70399
v 2.93659 2.20000 3.84676
v 3.04352 2.56737 3.75509
f 6637 6638 6639
usemtl GrassDark
v 3.04352 2.56737 3.75509
v 2.93659 2.20000 3.84676
v 2.98262 2.20000 3.70399
f 6640 6641 6642
usemtl Grass
v 3.02023 2.20000 3.73123
v 2.89897 2.20000 3.81952
v 2.99974 2.48410 3.73404
f 6643 6644 6645
usemtl Grass
v 2.99974 2.48410 3.73404
v 2.89897 2.20000 3.81952
v 3.02023 2.20000 3.73123
f 6646 6647 6648
usemtl GrassDark
v 3.17510 2.20000 3.74350
v 3.29733 2.20000 3.83044
v 3.28645 2.56116 3.83994
f 6649 6650 6651
usemtl GrassDark
v 3.28645 2.56116 3.83994
v 3.29733 2.20000 3.83044
v 3.17510 2.20000 3.74350
f 6652 6653 6654
usemtl GrassLight
v 3.25495 2.20000 3.71435
v 3.21748 2.20000 3.85959
v 3.27666 2.37407 3.77914
f 6655 6656 6657
usemtl GrassLight
v 3.27666 2.37407 3.77914
v 3.21748 2.20000 3.85959
v 3.25495 2.20000 3.71435
f 6658 6659 6660
usemtl Grass
v 3.29837 2.20000 3.74499
v 3.17406 2.20000 3.82895
v 3.26832 2.43899 3.75132
f 6661 6662 6663
usemtl Grass
v 3.26832 2.43899 3.75132
v 3.17406 2.20000 3.82895
v 3.29837 2.20000 3.74499
f 6664 6665 6666
usemtl Wood
v 3.15055 2.17000 3.78236
v 3.15055 2.65000 3.78236
v 3.23555 2.65000 3.78236
v 3.23555 2.17000 3.78236
f 6667 6668 6669
f 6667 6669 6670
usemtl Wood
v 3.23555 2.17000 3.86736
v 3.23555 2.65000 3.86736
v 3.15055 2.65000 3.86736
v 3.15055 2.17000 3.86736
f 6671 6672 6673
f 6671 6673 6674
usemtl Wood
v 3.15055 2.17000 3.86736
v 3.15055 2.65000 3.86736
v 3.15055 2.65000 3.78236
v 3.15055 2.17000 3.78236
f 6675 6676 6677
f 6675 6677 6678
usemtl Wood
v 3.23555 2.17000 3.78236
v 3.23555 2.65000 3.78236
v 3.23555 2.65000 3.86736
v 3.23555 2.17000 3.86736
f 6679 6680 6681
f 6679 6681 6682
usemtl Wood
v 3.15055 2.17000 3.86736
v 3.15055 2.17000 3.78236
v 3.23555 2.17000 3.78236
v 3.23555 2.17000 3.86736
f 6683 6684 6685
f 6683 6685 6686
usemtl Wood
v 3.15055 2.65000 3.78236
v 3.15055 2.65000 3.86736
v 3.23555 2.65000 3.86736
v 3.23555 2.65000 3.78236
f 6687 6688 6689
f 6687 6689 6690
usemtl Lemon
v 3.19305 3.11000 3.82486
v 3.33413 2.99577 3.98518
v 3.41932 2.99577 3.82486
f 6691 6692 6693
usemtl Lemon
v 3.41932 2.99577 3.82486
v 3.33413 2.99577 3.98518
v 3.39257 2.72000 4.05159
v 3.51305 2.72000 3.82486
f 6694 6695 6696
f 6694 6696 6697
usemtl Lemon
v 3.51305 2.72000 3.82486
v 3.39257 2.72000 4.05159
v 3.33413 2.44423 3.98518
v 3.41932 2.44423 3.82486
f 6698 6699 6700
f 6698 6700 6701
usemtl Lemon
v 3.41932 2.44423 3.82486
v 3.33413 2.44423 3.98518
v 3.19305 2.33000 3.82486
f 6702 6703 6704
usemtl Lemon
v 3.19305 3.11000 3.82486
v 3.14270 2.99577 4.02478
v 3.33413 2.99577 3.98518
f 6705 6706 6707
usemtl Lemon
v 3.33413 2.99577 3.98518
v 3.14270 2.99577 4.02478
v 3.12184 2.72000 4.10759
v 3.39257 2.72000 4.05159
f 6708 6709 6710
f 6708 6710 6711
usemtl Lemon
v 3.39257 2.72000 4.05159
v 3.12184 2.72000 4.10759
v 3.14270 2.44423 4.02478
v 3.33413 2.44423 3.98518
f 6712 6713 6714
f 6712 6714 6715
usemtl Lemon
v 3.33413 2.44423 3.98518
v 3.14270 2.44423 4.02478
v 3.19305 2.33000 3.82486
f 6716 6717 6718
usemtl Lemon
v 3.19305 3.11000 3.82486
v 2.98918 2.99577 3.91383
v 3.14270 2.99577 4.02478
f 6719 6720 6721
usemtl Lemon
v 3.14270 2.99577 4.02478
v 2.98918 2.99577 3.91383
v 2.90474 2.72000 3.95068
v 3.12184 2.72000 4.10759
f 6722 6723 6724
f 6722 6724 6725
usemtl Lemon
v 3.12184 2.72000 4.10759
v 2.90474 2.72000 3.95068
v 2.98918 2.44423 3.91383
v 3.14270 2.44423 4.02478
f 6726 6727 6728
f 6726 6728 6729
usemtl Lemon
v 3.14270 2.44423 4.02478
v 2.98918 2.44423 3.91383
v 3.19305 2.33000 3.82486
f 6730 6731 6732
usemtl Lemon
v 3.19305 3.11000 3.82486
v 2.98918 2.99577 3.73588
v 2.98918 2.99577 3.91383
f 6733 6734 6735
usemtl Lemon
v 2.98918 2.99577 3.91383
v 2.98918 2.99577 3.73588
v 2.90474 2.72000 3.69903
v 2.90474 2.72000 3.95068
f 6736 6737 6738
f 6736 6738 6739
usemtl Lemon
v 2.90474 2.72000 3.95068
v 2.90474 2.72000 3.69903
v 2.98918 2.44423 3.73588
v 2.98918 2.44423 3.91383
f 6740 6741 6742
f 6740 6742 6743
usemtl Lemon
v 2.98918 2.44423 3.91383
v 2.98918 2.44423 3.73588
v 3.19305 2.33000 3.82486
f 6744 6745 6746
usemtl Lemon
v 3.19305 3.11000 3.82486
v 3.14270 2.99577 3.62494
v 2.98918 2.99577 3.73588
f 6747 6748 6749
usemtl Lemon
v 2.98918 2.99577 3.73588
v 3.14270 2.99577 3.62494
v 3.12184 2.72000 3.54213
v 2.90474 2.72000 3.69903
f 6750 6751 6752
f 6750 6752 6753
usemtl Lemon
v 2.90474 2.72000 3.69903
v 3.12184 2.72000 3.54213
v 3.14270 2.44423 3.62494
v 2.98918 2.44423 3.73588
f 6754 6755 6756
f 6754 6756 6757
usemtl Lemon
v 2.98918 2.44423 3.73588
v 3.14270 2.44423 3.62494
v 3.19305 2.33000 3.82486
f 6758 6759 6760
usemtl Lemon
v 3.19305 3.11000 3.82486
v 3.33413 2.99577 3.66453
v 3.14270 2.99577 3.62494
f 6761 6762 6763
usemtl Lemon
v 3.14270 2.99577 3.62494
v 3.33413 2.99577 3.66453
v 3.39257 2.72000 3.59813
v 3.12184 2.72000 3.54213
f 6764 6765 6766
f 6764 6766 6767
usemtl Lemon
v 3.12184 2.72000 3.54213
v 3.39257 2.72000 3.59813
v 3.33413 2.44423 3.66453
v 3.14270 2.44423 3.62494
f 6768 6769 6770
f 6768 6770 6771
usemtl Lemon
v 3.14270 2.44423 3.62494
v 3.33413 2.44423 3.66453
v 3.19305 2.33000 3.82486
f 6772 6773 6774
usemtl Lemon
v 3.19305 3.11000 3.82486
v 3.41932 2.99577 3.82486
v 3.33413 2.99577 3.66453
f 6775 6776 6777
usemtl Lemon
v 3.33413 2.99577 3.66453
v 3.41932 2.99577 3.82486
v 3.51305 2.72000 3.82486
v 3.39257 2.72000 3.59813
f 6778 6779 6780
f 6778 6780 6781
usemtl Lemon
v 3.39257 2.72000 3.59813
v 3.51305 2.72000 3.82486
v 3.41932 2.44423 3.82486
v 3.33413 2.44423 3.66453
f 6782 6783 6784
f 6782 6784 6785
usemtl Lemon
v 3.33413 2.44423 3.66453
v 3.41932 2.44423 3.82486
v 3.19305 2.33000 3.82486
f 6786 6787 6788
usemtl LemonLight
v 3.04305 2.93000 3.96486
v 3.14004 2.85092 4.09201
v 3.19861 2.85092 3.96486
f 6789 6790 6791
usemtl LemonLight
v 3.19861 2.85092 3.96486
v 3.14004 2.85092 4.09201
v 3.18022 2.66000 4.14468
v 3.26305 2.66000 3.96486
f 6792 6793 6794
f 6792 6794 6795
usemtl LemonLight
v 3.26305 2.66000 3.96486
v 3.18022 2.66000 4.14468
v 3.14004 2.46908 4.09201
v 3.19861 2.46908 3.96486
f 6796 6797 6798
f 6796 6798 6799
usemtl LemonLight
v 3.19861 2.46908 3.96486
v 3.14004 2.46908 4.09201
v 3.04305 2.39000 3.96486
f 6800 6801 6802
usemtl LemonLight
v 3.04305 2.93000 3.96486
v 3.00843 2.85092 4.12341
v 3.14004 2.85092 4.09201
f 6803 6804 6805
usemtl LemonLight
v 3.14004 2.85092 4.09201
v 3.00843 2.85092 4.12341
v 2.99409 2.66000 4.18909
v 3.18022 2.66000 4.14468
f 6806 6807 6808
f 6806 6808 6809
usemtl LemonLight
v 3.18022 2.66000 4.14468
v 2.99409 2.66000 4.18909
v 3.00843 2.46908 4.12341
v 3.14004 2.46908 4.09201
f 6810 6811 6812
f 6810 6812 6813
usemtl LemonLight
v 3.14004 2.46908 4.09201
v 3.00843 2.46908 4.12341
v 3.04305 2.39000 3.96486
f 6814 6815 6816
usemtl LemonLight
v 3.04305 2.93000 3.96486
v 2.90289 2.85092 4.03542
v 3.00843 2.85092 4.12341
f 6817 6818 6819
usemtl LemonLight
v 3.00843 2.85092 4.12341
v 2.90289 2.85092 4.03542
v 2.84484 2.66000 4.06465
v 2.99409 2.66000 4.18909
f 6820 6821 6822
f 6820 6822 6823
usemtl LemonLight
v 2.99409 2.66000 4.18909
v 2.84484 2.66000 4.06465
v 2.90289 2.46908 4.03542
v 3.00843 2.46908 4.12341
f 6824 6825 6826
f 6824 6826 6827
usemtl LemonLight
v 3.00843 2.46908 4.12341
v 2.90289 2.46908 4.03542
v 3.04305 2.39000 3.96486
f 6828 6829 6830
usemtl LemonLight
v 3.04305 2.93000 3.96486
v 2.90289 2.85092 3.89429
v 2.90289 2.85092 4.03542
f 6831 6832 6833
usemtl LemonLight
v 2.90289 2.85092 4.03542
v 2.90289 2.85092 3.89429
v 2.84484 2.66000 3.86506
v 2.84484 2.66000 4.06465
f 6834 6835 6836
f 6834 6836 6837
usemtl LemonLight
v 2.84484 2.66000 4.06465
v 2.84484 2.66000 3.86506
v 2.90289 2.46908 3.89429
v 2.90289 2.46908 4.03542
f 6838 6839 6840
f 6838 6840 6841
usemtl LemonLight
v 2.90289 2.46908 4.03542
v 2.90289 2.46908 3.89429
v 3.04305 2.39000 3.96486
f 6842 6843 6844
usemtl LemonLight
v 3.04305 2.93000 3.96486
v 3.00843 2.85092 3.80630
v 2.90289 2.85092 3.89429
f 6845 6846 6847
usemtl LemonLight
v 2.90289 2.85092 3.89429
v 3.00843 2.85092 3.80630
v 2.99409 2.66000 3.74062
v 2.84484 2.66000 3.86506
f 6848 6849 6850
f 6848 6850 6851
usemtl LemonLight
v 2.84484 2.66000 3.86506
v 2.99409 2.66000 3.74062
v 3.00843 2.46908 3.80630
v 2.90289 2.46908 3.89429
f 6852 6853 6854
f 6852 6854 6855
usemtl LemonLight
v 2.90289 2.46908 3.89429
v 3.00843 2.46908 3.80630
v 3.04305 2.39000 3.96486
f 6856 6857 6858
usemtl LemonLight
v 3.04305 2.93000 3.96486
v 3.14004 2.85092 3.83770
v 3.00843 2.85092 3.80630
f 6859 6860 6861
usemtl LemonLight
v 3.00843 2.85092 3.80630
v 3.14004 2.85092 3.83770
v 3.18022 2.66000 3.78504
v 2.99409 2.66000 3.74062
f 6862 6863 6864
f 6862 6864 6865
usemtl LemonLight
v 2.99409 2.66000 3.74062
v 3.18022 2.66000 3.78504
v 3.14004 2.46908 3.83770
v 3.00843 2.46908 3.80630
f 6866 6867 6868
f 6866 6868 6869
usemtl LemonLight
v 3.00843 2.46908 3.80630
v 3.14004 2.46908 3.83770
v 3.04305 2.39000 3.96486
f 6870 6871 6872
usemtl LemonLight
v 3.04305 2.93000 3.96486
v 3.19861 2.85092 3.96486
v 3.14004 2.85092 3.83770
f 6873 6874 6875
usemtl LemonLight
v 3.14004 2.85092 3.83770
v 3.19861 2.85092 3.96486
v 3.26305 2.66000 3.96486
v 3.18022 2.66000 3.78504
f 6876 6877 6878
f 6876 6878 6879
usemtl LemonLight
v 3.18022 2.66000 3.78504
v 3.26305 2.66000 3.96486
v 3.19861 2.46908 3.96486
v 3.14004 2.46908 3.83770
f 6880 6881 6882
f 6880 6882 6883
usemtl LemonLight
v 3.14004 2.46908 3.83770
v 3.19861 2.46908 3.96486
v 3.04305 2.39000 3.96486
f 6884 6885 6886
usemtl GrassLight
v 2.16275 2.20000 3.76568
v 2.30566 2.20000 3.81125
v 2.25161 2.43872 3.82940
f 6887 6888 6889
usemtl GrassLight
v 2.25161 2.43872 3.82940
v 2.30566 2.20000 3.81125
v 2.16275 2.20000 3.76568
f 6890 6891 6892
usemtl GrassLight
v 2.20015 2.20000 3.72165
v 2.26827 2.20000 3.85529
v 2.31304 2.56869 3.81860
f 6893 6894 6895
usemtl GrassLight
v 2.31304 2.56869 3.81860
v 2.26827 2.20000 3.85529
v 2.20015 2.20000 3.72165
f 6896 6897 6898
usemtl Grass
v 2.29563 2.20000 3.74543
v 2.17278 2.20000 3.83150
v 2.27323 2.48340 3.74669
f 6899 6900 6901
usemtl Grass
v 2.27323 2.48340 3.74669
v 2.17278 2.20000 3.83150
v 2.29563 2.20000 3.74543
f 6902 6903 6904
usemtl GrassLight
v 2.31057 2.20000 3.65657
v 2.44409 2.20000 3.72493
v 2.40150 2.42100 3.72616
f 6905 6906 6907
usemtl GrassLight
v 2.40150 2.42100 3.72616
v 2.44409 2.20000 3.72493
v 2.31057 2.20000 3.65657
f 6908 6909 6910
usemtl GrassLight
v 2.39740 2.20000 3.61849
v 2.35726 2.20000 3.76302
v 2.43551 2.45158 3.67863
f 6911 6912 6913
usemtl GrassLight
v 2.43551 2.45158 3.67863
v 2.35726 2.20000 3.76302
v 2.39740 2.20000 3.61849
f 6914 6915 6916
usemtl GrassLight
v 2.44104 2.20000 3.65118
v 2.31362 2.20000 3.73033
v 2.41082 2.46446 3.65032
f 6917 6918 6919
usemtl GrassLight
v 2.41082 2.46446 3.65032
v 2.31362 2.20000 3.73033
v 2.44104 2.20000 3.65118
f 6920 6921 6922
usemtl GrassDark
v 1.77465 2.20000 3.57540
v 1.92020 2.20000 3.61170
v 1.85980 2.41306 3.63076
f 6923 6924 6925
usemtl GrassDark
v 1.85980 2.41306 3.63076
v 1.92020 2.20000 3.61170
v 1.77465 2.20000 3.57540
f 6926 6927 6928
usemtl GrassDark
v 1.83441 2.20000 3.51969
v 1.86044 2.20000 3.66741
v 1.88562 2.36162 3.59860
f 6929 6930 6931
usemtl GrassDark
v 1.88562 2.36162 3.59860
v 1.86044 2.20000 3.66741
v 1.83441 2.20000 3.51969
f 6932 6933 6934
usemtl GrassLight
v 1.92067 2.20000 3.57743
v 1.77418 2.20000 3.60967
v 1.85927 2.42954 3.55320
f 6935 6936 6937
usemtl GrassLight
v 1.85927 2.42954 3.55320
v 1.77418 2.20000 3.60967
v 1.92067 2.20000 3.57743
f 6938 6939 6940
usemtl GrassDark
v 1.90205 2.20000 3.94768
v 2.04696 2.20000 3.98644
v 1.98934 2.43915 4.00864
f 6941 6942 6943
usemtl GrassDark
v 1.98934 2.43915 4.00864
v 2.04696 2.20000 3.98644
v 1.90205 2.20000 3.94768
f 6944 6945 6946
usemtl GrassDark
v 1.94876 2.20000 3.89661
v 2.00025 2.20000 4.03750
v 2.01226 2.36747 3.97740
f 6947 6948 6949
usemtl GrassDark
v 2.01226 2.36747 3.97740
v 2.00025 2.20000 4.03750
v 1.94876 2.20000 3.89661
f 6950 6951 6952
usemtl Grass
v 2.03658 2.20000 3.92496
v 1.91243 2.20000 4.00915
v 2.00343 2.41472 3.93507
f 6953 6954 6955
usemtl Grass
v 2.00343 2.41472 3.93507
v 1.91243 2.20000 4.00915
v 2.03658 2.20000 3.92496
f 6956 6957 6958
usemtl GrassLight
v 1.88226 2.20000 3.87838
v 2.00928 2.20000 3.95817
v 1.97196 2.40513 3.94954
f 6959 6960 6961
usemtl GrassLight
v 1.97196 2.40513 3.94954
v 2.00928 2.20000 3.95817
v 1.88226 2.20000 3.87838
f 6962 6963 6964
usemtl GrassLight
v 1.91850 2.20000 3.84841
v 1.97304 2.20000 3.98814
v 1.99074 2.40116 3.93144
f 6965 6966 6967
usemtl GrassLight
v 1.99074 2.40116 3.93144
v 1.97304 2.20000 3.98814
v 1.91850 2.20000 3.84841
f 6968 6969 6970
usemtl GrassLight
v 1.98414 2.20000 3.85383
v 1.90740 2.20000 3.98272
v 1.98944 2.41175 3.89877
f 6971 6972 6973
usemtl GrassLight
v 1.98944 2.41175 3.89877
v 1.90740 2.20000 3.98272
v 1.98414 2.20000 3.85383
f 6974 6975 6976
usemtl GrassLight
v 2.12498 2.20000 4.04153
v 2.26284 2.20000 4.10064
v 2.22009 2.47682 4.11688
f 6977 6978 6979
usemtl GrassLight
v 2.22009 2.47682 4.11688
v 2.26284 2.20000 4.10064
v 2.12498 2.20000 4.04153
f 6980 6981 6982
usemtl GrassLight
v 2.17179 2.20000 3.99942
v 2.21603 2.20000 4.14275
v 2.24019 2.40183 4.08180
f 6983 6984 6985
usemtl GrassLight
v 2.24019 2.40183 4.08180
v 2.21603 2.20000 4.14275
v 2.17179 2.20000 3.99942
f 6986 6987 6988
usemtl GrassLight
v 2.26712 2.20000 4.05480
v 2.12070 2.20000 4.08737
v 2.21217 2.55034 4.00953
f 6989 6990 6991
usemtl GrassLight
v 2.21217 2.55034 4.00953
v 2.12070 2.20000 4.08737
v 2.26712 2.20000 4.05480
f 6992 6993 6994
usemtl GrassLight
v 2.24783 2.20000 3.72057
v 2.39193 2.20000 3.76223
v 2.33601 2.44204 3.78325
f 6995 6996 6997
usemtl GrassLight
v 2.33601 2.44204 3.78325
v 2.39193 2.20000 3.76223
v 2.24783 2.20000 3.72057
f 6998 6999 7000
usemtl Grass
v 2.29974 2.20000 3.66915
v 2.34001 2.20000 3.81365
v 2.40618 2.57330 3.75944
f 7001 7002 7003
usemtl Grass
v 2.40618 2.57330 3.75944
v 2.34001 2.20000 3.81365
v 2.29974 2.20000 3.66915
f 7004 7005 7006
usemtl GrassLight
v 2.36066 2.20000 3.67846
v 2.27909 2.20000 3.80434
v 2.35532 2.37600 3.72417
f 7007 7008 7009
usemtl GrassLight
v 2.35532 2.37600 3.72417
v 2.27909 2.20000 3.80434
v 2.36066 2.20000 3.67846
f 7010 7011 7012
usemtl Grass
v 2.18769 2.20000 3.65452
v 2.29726 2.20000 3.75696
v 2.27538 2.40078 3.73214
f 7013 7014 7015
usemtl Grass
v 2.27538 2.40078 3.73214
v 2.29726 2.20000 3.75696
v 2.18769 2.20000 3.65452
f 7016 7017 7018
usemtl GrassLight
v 2.26146 2.20000 3.63318
v 2.22349 2.20000 3.77830
v 2.32030 2.53521 3.69047
f 7019 7020 7021
usemtl GrassLight
v 2.32030 2.53521 3.69047
v 2.22349 2.20000 3.77830
v 2.26146 2.20000 3.63318
f 7022 7023 7024
usemtl GrassLight
v 2.30260 2.20000 3.66091
v 2.18234 2.20000 3.75057
v 2.29148 2.54165 3.65644
f 7025 7026 7027
usemtl GrassLight
v 2.29148 2.54165 3.65644
v 2.18234 2.20000 3.75057
v 2.30260 2.20000 3.66091
f 7028 7029 7030
usemtl LemonLight
v -4.00000 0.63000 -2.30000
v -3.79720 0.54213 -2.08638
v -3.67473 0.54213 -2.30000
f 7031 7032 7033
usemtl LemonLight
v -3.67473 0.54213 -2.30000
v -3.79720 0.54213 -2.08638
v -3.71319 0.33000 -1.99790
v -3.54000 0.33000 -2.30000
f 7034 7035 7036
f 7034 7036 7037
usemtl LemonLight
v -3.54000 0.33000 -2.30000
v -3.71319 0.33000 -1.99790
v -3.79720 0.11787 -2.08638
v -3.67473 0.11787 -2.30000
f 7038 7039 7040
f 7038 7040 7041
usemtl LemonLight
v -3.67473 0.11787 -2.30000
v -3.79720 0.11787 -2.08638
v -4.00000 0.03000 -2.30000
f 7042 7043 7044
usemtl LemonLight
v -4.00000 0.63000 -2.30000
v -4.07238 0.54213 -2.03362
v -3.79720 0.54213 -2.08638
f 7045 7046 7047
usemtl LemonLight
v -3.79720 0.54213 -2.08638
v -4.07238 0.54213 -2.03362
v -4.10236 0.33000 -1.92329
v -3.71319 0.33000 -1.99790
f 7048 7049 7050
f 7048 7050 7051
usemtl LemonLight
v -3.71319 0.33000 -1.99790
v -4.10236 0.33000 -1.92329
v -4.07238 0.11787 -2.03362
v -3.79720 0.11787 -2.08638
f 7052 7053 7054
f 7052 7054 7055
usemtl LemonLight
v -3.79720 0.11787 -2.08638
v -4.07238 0.11787 -2.03362
v -4.00000 0.03000 -2.30000
f 7056 7057 7058
usemtl LemonLight
v -4.00000 0.63000 -2.30000
v -4.29306 0.54213 -2.18145
v -4.07238 0.54213 -2.03362
f 7059 7060 7061
usemtl LemonLight
v -4.07238 0.54213 -2.03362
v -4.29306 0.54213 -2.18145
v -4.41445 0.33000 -2.13235
v -4.10236 0.33000 -1.92329
f 7062 7063 7064
f 7062 7064 7065
usemtl LemonLight
v -4.10236 0.33000 -1.92329
v -4.41445 0.33000 -2.13235
v -4.29306 0.11787 -2.18145
v -4.07238 0.11787 -2.03362
f 7066 7067 7068
f 7066 7068 7069
usemtl LemonLight
v -4.07238 0.11787 -2.03362
v -4.29306 0.11787 -2.18145
v -4.00000 0.03000 -2.30000
f 7070 7071 7072
usemtl LemonLight
v -4.00000 0.63000 -2.30000
v -4.29306 0.54213 -2.41855
v -4.29306 0.54213 -2.18145
f 7073 7074 7075
usemtl LemonLight
v -4.29306 0.54213 -2.18145
v -4.29306 0.54213 -2.41855
v -4.41445 0.33000 -2.46765
v -4.41445 0.33000 -2.13235
f 7076 7077 7078
f 7076 7078 7079
usemtl LemonLight
v -4.41445 0.33000 -2.13235
v -4.41445 0.33000 -2.46765
v -4.29306 0.11787 -2.41855
v -4.29306 0.11787 -2.18145
f 7080 7081 7082
f 7080 7082 7083
usemtl LemonLight
v -4.29306 0.11787 -2.18145
v -4.29306 0.11787 -2.41855
v -4.00000 0.03000 -2.30000
f 7084 7085 7086
usemtl LemonLight
v -4.00000 0.63000 -2.30000
v -4.07238 0.54213 -2.56638
v -4.29306 0.54213 -2.41855
f 7087 7088 7089
usemtl LemonLight
v -4.29306 0.54213 -2.41855
v -4.07238 0.54213 -2.56638
v -4.10236 0.33000 -2.67671
v -4.41445 0.33000 -2.46765
f 7090 7091 7092
f 7090 7092 7093
usemtl LemonLight
v -4.41445 0.33000 -2.46765
v -4.10236 0.33000 -2.67671
v -4.07238 0.11787 -2.56638
v -4.29306 0.11787 -2.41855
f 7094 7095 7096
f 7094 7096 7097
usemtl LemonLight
v -4.29306 0.11787 -2.41855
v -4.07238 0.11787 -2.56638
v -4.00000 0.03000 -2.30000
f 7098 7099 7100
usemtl LemonLight
v -4.00000 0.63000 -2.30000
v -3.79720 0.54213 -2.51362
v -4.07238 0.54213 -2.56638
f 7101 7102 7103
usemtl LemonLight
v -4.07238 0.54213 -2.56638
v -3.79720 0.54213 -2.51362
v -3.71319 0.33000 -2.60210
v -4.10236 0.33000 -2.67671
f 7104 7105 7106
f 7104 7106 7107
usemtl LemonLight
v -4.10236 0.33000 -2.67671
v -3.71319 0.33000 -2.60210
v -3.79720 0.11787 -2.51362
v -4.07238 0.11787 -2.56638
f 7108 7109 7110
f 7108 7110 7111
usemtl LemonLight
v -4.07238 0.11787 -2.56638
v -3.79720 0.11787 -2.51362
v -4.00000 0.03000 -2.30000
f 7112 7113 7114
usemtl LemonLight
v -4.00000 0.63000 -2.30000
v -3.67473 0.54213 -2.30000
v -3.79720 0.54213 -2.51362
f 7115 7116 7117
usemtl LemonLight
v -3.79720 0.54213 -2.51362
v -3.67473 0.54213 -2.30000
v -3.54000 0.33000 -2.30000
v -3.71319 0.33000 -2.60210
f 7118 7119 7120
f 7118 7120 7121
usemtl LemonLight
v -3.71319 0.33000 -2.60210
v -3.54000 0.33000 -2.30000
v -3.67473 0.11787 -2.30000
v -3.79720 0.11787 -2.51362
f 7122 7123 7124
f 7122 7124 7125
usemtl LemonLight
v -3.79720 0.11787 -2.51362
v -3.67473 0.11787 -2.30000
v -4.00000 0.03000 -2.30000
f 7126 7127 7128
usemtl Lemon
v -3.30000 0.63000 -3.50000
v -3.15010 0.54213 -3.34211
v -3.05958 0.54213 -3.50000
f 7129 7130 7131
usemtl Lemon
v -3.05958 0.54213 -3.50000
v -3.15010 0.54213 -3.34211
v -3.08801 0.33000 -3.27671
v -2.96000 0.33000 -3.50000
f 7132 7133 7134
f 7132 7134 7135
usemtl Lemon
v -2.96000 0.33000 -3.50000
v -3.08801 0.33000 -3.27671
v -3.15010 0.11787 -3.34211
v -3.05958 0.11787 -3.50000
f 7136 7137 7138
f 7136 7138 7139
usemtl Lemon
v -3.05958 0.11787 -3.50000
v -3.15010 0.11787 -3.34211
v -3.30000 0.03000 -3.50000
f 7140 7141 7142
usemtl Lemon
v -3.30000 0.63000 -3.50000
v -3.35350 0.54213 -3.30311
v -3.15010 0.54213 -3.34211
f 7143 7144 7145
usemtl Lemon
v -3.15010 0.54213 -3.34211
v -3.35350 0.54213 -3.30311
v -3.37566 0.33000 -3.22156
v -3.08801 0.33000 -3.27671
f 7146 7147 7148
f 7146 7148 7149
usemtl Lemon
v -3.08801 0.33000 -3.27671
v -3.37566 0.33000 -3.22156
v -3.35350 0.11787 -3.30311
v -3.15010 0.11787 -3.34211
f 7150 7151 7152
f 7150 7152 7153
usemtl Lemon
v -3.15010 0.11787 -3.34211
v -3.35350 0.11787 -3.30311
v -3.30000 0.03000 -3.50000
f 7154 7155 7156
usemtl Lemon
v -3.30000 0.63000 -3.50000
v -3.51661 0.54213 -3.41238
v -3.35350 0.54213 -3.30311
f 7157 7158 7159
usemtl Lemon
v -3.35350 0.54213 -3.30311
v -3.51661 0.54213 -3.41238
v -3.60633 0.33000 -3.37608
v -3.37566 0.33000 -3.22156
f 7160 7161 7162
f 7160 7162 7163
usemtl Lemon
v -3.37566 0.33000 -3.22156
v -3.60633 0.33000 -3.37608
v -3.51661 0.11787 -3.41238
v -3.35350 0.11787 -3.30311
f 7164 7165 7166
f 7164 7166 7167
usemtl Lemon
v -3.35350 0.11787 -3.30311
v -3.51661 0.11787 -3.41238
v -3.30000 0.03000 -3.50000
f 7168 7169 7170
usemtl Lemon
v -3.30000 0.63000 -3.50000
v -3.51661 0.54213 -3.58762
v -3.51661 0.54213 -3.41238
f 7171 7172 7173
usemtl Lemon
v -3.51661 0.54213 -3.41238
v -3.51661 0.54213 -3.58762
v -3.60633 0.33000 -3.62392
v -3.60633 0.33000 -3.37608
f 7174 7175 7176
f 7174 7176 7177
usemtl Lemon
v -3.60633 0.33000 -3.37608
v -3.60633 0.33000 -3.62392
v -3.51661 0.11787 -3.58762
v -3.51661 0.11787 -3.41238
f 7178 7179 7180
f 7178 7180 7181
usemtl Lemon
v -3.51661 0.11787 -3.41238
v -3.51661 0.11787 -3.58762
v -3.30000 0.03000 -3.50000
f 7182 7183 7184
usemtl Lemon
v -3.30000 0.63000 -3.50000
v -3.35350 0.54213 -3.69689
v -3.51661 0.54213 -3.58762
f 7185 7186 7187
usemtl Lemon
v -3.51661 0.54213 -3.58762
v -3.35350 0.54213 -3.69689
v -3.37566 0.33000 -3.77844
v -3.60633 0.33000 -3.62392
f 7188 7189 7190
f 7188 7190 7191
usemtl Lemon
v -3.60633 0.33000 -3.62392
v -3.37566 0.33000 -3.77844
v -3.35350 0.11787 -3.69689
v -3.51661 0.11787 -3.58762
f 7192 7193 7194
f 7192 7194 7195
usemtl Lemon
v -3.51661 0.11787 -3.58762
v -3.35350 0.11787 -3.69689
v -3.30000 0.03000 -3.50000
f 7196 7197 7198
usemtl Lemon
v -3.30000 0.63000 -3.50000
v -3.15010 0.54213 -3.65789
v -3.35350 0.54213 -3.69689
f 7199 7200 7201
usemtl Lemon
v -3.35350 0.54213 -3.69689
v -3.15010 0.54213 -3.65789
v -3.08801 0.33000 -3.72329
v -3.37566 0.33000 -3.77844
f 7202 7203 7204
f 7202 7204 7205
usemtl Lemon
v -3.37566 0.33000 -3.77844
v -3.08801 0.33000 -3.72329
v -3.15010 0.11787 -3.65789
v -3.35350 0.11787 -3.69689
f 7206 7207 7208
f 7206 7208 7209
usemtl Lemon
v -3.35350 0.11787 -3.69689
v -3.15010 0.11787 -3.65789
v -3.30000 0.03000 -3.50000
f 7210 7211 7212
usemtl Lemon
v -3.30000 0.63000 -3.50000
v -3.05958 0.54213 -3.50000
v -3.15010 0.54213 -3.65789
f 7213 7214 7215
usemtl Lemon
v -3.15010 0.54213 -3.65789
v -3.05958 0.54213 -3.50000
v -2.96000 0.33000 -3.50000
v -3.08801 0.33000 -3.72329
f 7216 7217 7218
f 7216 7218 7219
usemtl Lemon
v -3.08801 0.33000 -3.72329
v -2.96000 0.33000 -3.50000
v -3.05958 0.11787 -3.50000
v -3.15010 0.11787 -3.65789
f 7220 7221 7222
f 7220 7222 7223
usemtl Lemon
v -3.15010 0.11787 -3.65789
v -3.05958 0.11787 -3.50000
v -3.30000 0.03000 -3.50000
f 7224 7225 7226
usemtl LemonLight
v -1.80000 0.63000 -3.80000
v -1.66774 0.54213 -3.66068
v -1.58787 0.54213 -3.80000
f 7227 7228 7229
usemtl LemonLight
v -1.58787 0.54213 -3.80000
v -1.66774 0.54213 -3.66068
v -1.61295 0.33000 -3.60298
v -1.50000 0.33000 -3.80000
f 7230 7231 7232
f 7230 7232 7233
usemtl LemonLight
v -1.50000 0.33000 -3.80000
v -1.61295 0.33000 -3.60298
v -1.66774 0.11787 -3.66068
v -1.58787 0.11787 -3.80000
f 7234 7235 7236
f 7234 7236 7237
usemtl LemonLight
v -1.58787 0.11787 -3.80000
v -1.66774 0.11787 -3.66068
v -1.80000 0.03000 -3.80000
f 7238 7239 7240
usemtl LemonLight
v -1.80000 0.63000 -3.80000
v -1.84720 0.54213 -3.62628
v -1.66774 0.54213 -3.66068
f 7241 7242 7243
usemtl LemonLight
v -1.66774 0.54213 -3.66068
v -1.84720 0.54213 -3.62628
v -1.86676 0.33000 -3.55432
v -1.61295 0.33000 -3.60298
f 7244 7245 7246
f 7244 7246 7247
usemtl LemonLight
v -1.61295 0.33000 -3.60298
v -1.86676 0.33000 -3.55432
v -1.84720 0.11787 -3.62628
v -1.66774 0.11787 -3.66068
f 7248 7249 7250
f 7248 7250 7251
usemtl LemonLight
v -1.66774 0.11787 -3.66068
v -1.84720 0.11787 -3.62628
v -1.80000 0.03000 -3.80000
f 7252 7253 7254
usemtl LemonLight
v -1.80000 0.63000 -3.80000
v -1.99112 0.54213 -3.72269
v -1.84720 0.54213 -3.62628
f 7255 7256 7257
usemtl LemonLight
v -1.84720 0.54213 -3.62628
v -1.99112 0.54213 -3.72269
v -2.07029 0.33000 -3.69066
v -1.86676 0.33000 -3.55432
f 7258 7259 7260
f 7258 7260 7261
usemtl LemonLight
v -1.86676 0.33000 -3.55432
v -2.07029 0.33000 -3.69066
v -1.99112 0.11787 -3.72269
v -1.84720 0.11787 -3.62628
f 7262 7263 7264
f 7262 7264 7265
usemtl LemonLight
v -1.84720 0.11787 -3.62628
v -1.99112 0.11787 -3.72269
v -1.80000 0.03000 -3.80000
f 7266 7267 7268
usemtl LemonLight
v -1.80000 0.63000 -3.80000
v -1.99112 0.54213 -3.87731
v -1.99112 0.54213 -3.72269
f 7269 7270 7271
usemtl LemonLight
v -1.99112 0.54213 -3.72269
v -1.99112 0.54213 -3.87731
v -2.07029 0.33000 -3.90934
v -2.07029 0.33000 -3.69066
f 7272 7273 7274
f 7272 7274 7275
usemtl LemonLight
v -2.07029 0.33000 -3.69066
v -2.07029 0.33000 -3.90934
v -1.99112 0.11787 -3.87731
v -1.99112 0.11787 -3.72269
f 7276 7277 7278
f 7276 7278 7279
usemtl LemonLight
v -1.99112 0.11787 -3.72269
v -1.99112 0.11787 -3.87731
v -1.80000 0.03000 -3.80000
f 7280 7281 7282
usemtl LemonLight
v -1.80000 0.63000 -3.80000
v -1.84720 0.54213 -3.97372
v -1.99112 0.54213 -3.87731
f 7283 7284 7285
usemtl LemonLight
v -1.99112 0.54213 -3.87731
v -1.84720 0.54213 -3.97372
v -1.86676 0.33000 -4.04568
v -2.07029 0.33000 -3.90934
f 7286 7287 7288
f 7286 7288 7289
usemtl LemonLight
v -2.07029 0.33000 -3.90934
v -1.86676 0.33000 -4.04568
v -1.84720 0.11787 -3.97372
v -1.99112 0.11787 -3.87731
f 7290 7291 7292
f 7290 7292 7293
usemtl LemonLight
v -1.99112 0.11787 -3.87731
v -1.84720 0.11787 -3.97372
v -1.80000 0.03000 -3.80000
f 7294 7295 7296
usemtl LemonLight
v -1.80000 0.63000 -3.80000
v -1.66774 0.54213 -3.93932
v -1.84720 0.54213 -3.97372
f 7297 7298 7299
usemtl LemonLight
v -1.84720 0.54213 -3.97372
v -1.66774 0.54213 -3.93932
v -1.61295 0.33000 -3.99702
v -1.86676 0.33000 -4.04568
f 7300 7301 7302
f 7300 7302 7303
usemtl LemonLight
v -1.86676 0.33000 -4.04568
v -1.61295 0.33000 -3.99702
v -1.66774 0.11787 -3.93932
v -1.84720 0.11787 -3.97372
f 7304 7305 7306
f 7304 7306 7307
usemtl LemonLight
v -1.84720 0.11787 -3.97372
v -1.66774 0.11787 -3.93932
v -1.80000 0.03000 -3.80000
f 7308 7309 7310
usemtl LemonLight
v -1.80000 0.63000 -3.80000
v -1.58787 0.54213 -3.80000
v -1.66774 0.54213 -3.93932
f 7311 7312 7313
usemtl LemonLight
v -1.66774 0.54213 -3.93932
v -1.58787 0.54213 -3.80000
v -1.50000 0.33000 -3.80000
v -1.61295 0.33000 -3.99702
f 7314 7315 7316
f 7314 7316 7317
usemtl LemonLight
v -1.61295 0.33000 -3.99702
v -1.50000 0.33000 -3.80000
v -1.58787 0.11787 -3.80000
v -1.66774 0.11787 -3.93932
f 7318 7319 7320
f 7318 7320 7321
usemtl LemonLight
v -1.66774 0.11787 -3.93932
v -1.58787 0.11787 -3.80000
v -1.80000 0.03000 -3.80000
f 7322 7323 7324
usemtl Lemon
v -0.15000 0.63000 -3.40000
v 0.01753 0.54213 -3.22353
v 0.11870 0.54213 -3.40000
f 7325 7326 7327
usemtl Lemon
v 0.11870 0.54213 -3.40000
v 0.01753 0.54213 -3.22353
v 0.08693 0.33000 -3.15044
v 0.23000 0.33000 -3.40000
f 7328 7329 7330
f 7328 7330 7331
usemtl Lemon
v 0.23000 0.33000 -3.40000
v 0.08693 0.33000 -3.15044
v 0.01753 0.11787 -3.22353
v 0.11870 0.11787 -3.40000
f 7332 7333 7334
f 7332 7334 7335
usemtl Lemon
v 0.11870 0.11787 -3.40000
v 0.01753 0.11787 -3.22353
v -0.15000 0.03000 -3.40000
f 7336 7337 7338
usemtl Lemon
v -0.15000 0.63000 -3.40000
v -0.20979 0.54213 -3.17995
v 0.01753 0.54213 -3.22353
f 7339 7340 7341
usemtl Lemon
v 0.01753 0.54213 -3.22353
v -0.20979 0.54213 -3.17995
v -0.23456 0.33000 -3.08880
v 0.08693 0.33000 -3.15044
f 7342 7343 7344
f 7342 7344 7345
usemtl Lemon
v 0.08693 0.33000 -3.15044
v -0.23456 0.33000 -3.08880
v -0.20979 0.11787 -3.17995
v 0.01753 0.11787 -3.22353
f 7346 7347 7348
f 7346 7348 7349
usemtl Lemon
v 0.01753 0.11787 -3.22353
v -0.20979 0.11787 -3.17995
v -0.15000 0.03000 -3.40000
f 7350 7351 7352
usemtl Lemon
v -0.15000 0.63000 -3.40000
v -0.39209 0.54213 -3.30207
v -0.20979 0.54213 -3.17995
f 7353 7354 7355
usemtl Lemon
v -0.20979 0.54213 -3.17995
v -0.39209 0.54213 -3.30207
v -0.49237 0.33000 -3.26150
v -0.23456 0.33000 -3.08880
f 7356 7357 7358
f 7356 7358 7359
usemtl Lemon
v -0.23456 0.33000 -3.08880
v -0.49237 0.33000 -3.26150
v -0.39209 0.11787 -3.30207
v -0.20979 0.11787 -3.17995
f 7360 7361 7362
f 7360 7362 7363
usemtl Lemon
v -0.20979 0.11787 -3.17995
v -0.39209 0.11787 -3.30207
v -0.15000 0.03000 -3.40000
f 7364 7365 7366
usemtl Lemon
v -0.15000 0.63000 -3.40000
v -0.39209 0.54213 -3.49793
v -0.39209 0.54213 -3.30207
f 7367 7368 7369
usemtl Lemon
v -0.39209 0.54213 -3.30207
v -0.39209 0.54213 -3.49793
v -0.49237 0.33000 -3.53850
v -0.49237 0.33000 -3.26150
f 7370 7371 7372
f 7370 7372 7373
usemtl Lemon
v -0.49237 0.33000 -3.26150
v -0.49237 0.33000 -3.53850
v -0.39209 0.11787 -3.49793
v -0.39209 0.11787 -3.30207
f 7374 7375 7376
f 7374 7376 7377
usemtl Lemon
v -0.39209 0.11787 -3.30207
v -0.39209 0.11787 -3.49793
v -0.15000 0.03000 -3.40000
f 7378 7379 7380
usemtl Lemon
v -0.15000 0.63000 -3.40000
v -0.20979 0.54213 -3.62005
v -0.39209 0.54213 -3.49793
f 7381 7382 7383
usemtl Lemon
v -0.39209 0.54213 -3.49793
v -0.20979 0.54213 -3.62005
v -0.23456 0.33000 -3.71120
v -0.49237 0.33000 -3.53850
f 7384 7385 7386
f 7384 7386 7387
usemtl Lemon
v -0.49237 0.33000 -3.53850
v -0.23456 0.33000 -3.71120
v -0.20979 0.11787 -3.62005
v -0.39209 0.11787 -3.49793
f 7388 7389 7390
f 7388 7390 7391
usemtl Lemon
v -0.39209 0.11787 -3.49793
v -0.20979 0.11787 -3.62005
v -0.15000 0.03000 -3.40000
f 7392 7393 7394
usemtl Lemon
v -0.15000 0.63000 -3.40000
v 0.01753 0.54213 -3.57647
v -0.20979 0.54213 -3.62005
f 7395 7396 7397
usemtl Lemon
v -0.20979 0.54213 -3.62005
v 0.01753 0.54213 -3.57647
v 0.08693 0.33000 -3.64956
v -0.23456 0.33000 -3.71120
f 7398 7399 7400
f 7398 7400 7401
usemtl Lemon
v -0.23456 0.33000 -3.71120
v 0.08693 0.33000 -3.64956
v 0.01753 0.11787 -3.57647
v -0.20979 0.11787 -3.62005
f 7402 7403 7404
f 7402 7404 7405
usemtl Lemon
v -0.20979 0.11787 -3.62005
v 0.01753 0.11787 -3.57647
v -0.15000 0.03000 -3.40000
f 7406 7407 7408
usemtl Lemon
v -0.15000 0.63000 -3.40000
v 0.11870 0.54213 -3.40000
v 0.01753 0.54213 -3.57647
f 7409 7410 7411
usemtl Lemon
v 0.01753 0.54213 -3.57647
v 0.11870 0.54213 -3.40000
v 0.23000 0.33000 -3.40000
v 0.08693 0.33000 -3.64956
f 7412 7413 7414
f 7412 7414 7415
usemtl Lemon
v 0.08693 0.33000 -3.64956
v 0.23000 0.33000 -3.40000
v 0.11870 0.11787 -3.40000
v 0.01753 0.11787 -3.57647
f 7416 7417 7418
f 7416 7418 7419
usemtl Lemon
v 0.01753 0.11787 -3.57647
v 0.11870 0.11787 -3.40000
v -0.15000 0.03000 -3.40000
f 7420 7421 7422
usemtl LemonLight
v 1.55000 0.63000 -3.80000
v 1.73517 0.54213 -3.60496
v 1.84698 0.54213 -3.80000
f 7423 7424 7425
usemtl LemonLight
v 1.84698 0.54213 -3.80000
v 1.73517 0.54213 -3.60496
v 1.81187 0.33000 -3.52417
v 1.97000 0.33000 -3.80000
f 7426 7427 7428
f 7426 7428 7429
usemtl LemonLight
v 1.97000 0.33000 -3.80000
v 1.81187 0.33000 -3.52417
v 1.73517 0.11787 -3.60496
v 1.84698 0.11787 -3.80000
f 7430 7431 7432
f 7430 7432 7433
usemtl LemonLight
v 1.84698 0.11787 -3.80000
v 1.73517 0.11787 -3.60496
v 1.55000 0.03000 -3.80000
f 7434 7435 7436
usemtl LemonLight
v 1.55000 0.63000 -3.80000
v 1.48391 0.54213 -3.55679
v 1.73517 0.54213 -3.60496
f 7437 7438 7439
usemtl LemonLight
v 1.73517 0.54213 -3.60496
v 1.48391 0.54213 -3.55679
v 1.45654 0.33000 -3.45605
v 1.81187 0.33000 -3.52417
f 7440 7441 7442
f 7440 7442 7443
usemtl LemonLight
v 1.81187 0.33000 -3.52417
v 1.45654 0.33000 -3.45605
v 1.48391 0.11787 -3.55679
v 1.73517 0.11787 -3.60496
f 7444 7445 7446
f 7444 7446 7447
usemtl LemonLight
v 1.73517 0.11787 -3.60496
v 1.48391 0.11787 -3.55679
v 1.55000 0.03000 -3.80000
f 7448 7449 7450
usemtl LemonLight
v 1.55000 0.63000 -3.80000
v 1.28243 0.54213 -3.69176
v 1.48391 0.54213 -3.55679
f 7451 7452 7453
usemtl LemonLight
v 1.48391 0.54213 -3.55679
v 1.28243 0.54213 -3.69176
v 1.17159 0.33000 -3.64693
v 1.45654 0.33000 -3.45605
f 7454 7455 7456
f 7454 7456 7457
usemtl LemonLight
v 1.45654 0.33000 -3.45605
v 1.17159 0.33000 -3.64693
v 1.28243 0.11787 -3.69176
v 1.48391 0.11787 -3.55679
f 7458 7459 7460
f 7458 7460 7461
usemtl LemonLight
v 1.48391 0.11787 -3.55679
v 1.28243 0.11787 -3.69176
v 1.55000 0.03000 -3.80000
f 7462 7463 7464
usemtl LemonLight
v 1.55000 0.63000 -3.80000
v 1.28243 0.54213 -3.90824
v 1.28243 0.54213 -3.69176
f 7465 7466 7467
usemtl LemonLight
v 1.28243 0.54213 -3.69176
v 1.28243 0.54213 -3.90824
v 1.17159 0.33000 -3.95307
v 1.17159 0.33000 -3.64693
f 7468 7469 7470
f 7468 7470 7471
usemtl LemonLight
v 1.17159 0.33000 -3.64693
v 1.17159 0.33000 -3.95307
v 1.28243 0.11787 -3.90824
v 1.28243 0.11787 -3.69176
f 7472 7473 7474
f 7472 7474 7475
usemtl LemonLight
v 1.28243 0.11787 -3.69176
v 1.28243 0.11787 -3.90824
v 1.55000 0.03000 -3.80000
f 7476 7477 7478
usemtl LemonLight
v 1.55000 0.63000 -3.80000
v 1.48391 0.54213 -4.04321
v 1.28243 0.54213 -3.90824
f 7479 7480 7481
usemtl LemonLight
v 1.28243 0.54213 -3.90824
v 1.48391 0.54213 -4.04321
v 1.45654 0.33000 -4.14395
v 1.17159 0.33000 -3.95307
f 7482 7483 7484
f 7482 7484 7485
usemtl LemonLight
v 1.17159 0.33000 -3.95307
v 1.45654 0.33000 -4.14395
v 1.48391 0.11787 -4.04321
v 1.28243 0.11787 -3.90824
f 7486 7487 7488
f 7486 7488 7489
usemtl LemonLight
v 1.28243 0.11787 -3.90824
v 1.48391 0.11787 -4.04321
v 1.55000 0.03000 -3.80000
f 7490 7491 7492
usemtl LemonLight
v 1.55000 0.63000 -3.80000
v 1.73517 0.54213 -3.99504
v 1.48391 0.54213 -4.04321
f 7493 7494 7495
usemtl LemonLight
v 1.48391 0.54213 -4.04321
v 1.73517 0.54213 -3.99504
v 1.81187 0.33000 -4.07583
v 1.45654 0.33000 -4.14395
f 7496 7497 7498
f 7496 7498 7499
usemtl LemonLight
v 1.45654 0.33000 -4.14395
v 1.81187 0.33000 -4.07583
v 1.73517 0.11787 -3.99504
v 1.48391 0.11787 -4.04321
f 7500 7501 7502
f 7500 7502 7503
usemtl LemonLight
v 1.48391 0.11787 -4.04321
v 1.73517 0.11787 -3.99504
v 1.55000 0.03000 -3.80000
f 7504 7505 7506
usemtl LemonLight
v 1.55000 0.63000 -3.80000
v 1.84698 0.54213 -3.80000
v 1.73517 0.54213 -3.99504
f 7507 7508 7509
usemtl LemonLight
v 1.73517 0.54213 -3.99504
v 1.84698 0.54213 -3.80000
v 1.97000 0.33000 -3.80000
v 1.81187 0.33000 -4.07583
f 7510 7511 7512
f 7510 7512 7513
usemtl LemonLight
v 1.81187 0.33000 -4.07583
v 1.97000 0.33000 -3.80000
v 1.84698 0.11787 -3.80000
v 1.73517 0.11787 -3.99504
f 7514 7515 7516
f 7514 7516 7517
usemtl LemonLight
v 1.73517 0.11787 -3.99504
v 1.84698 0.11787 -3.80000
v 1.55000 0.03000 -3.80000
f 7518 7519 7520
usemtl Lemon
v 3.10000 0.63000 -2.70000
v 3.24990 0.54213 -2.54211
v 3.34042 0.54213 -2.70000
f 7521 7522 7523
usemtl Lemon
v 3.34042 0.54213 -2.70000
v 3.24990 0.54213 -2.54211
v 3.31199 0.33000 -2.47671
v 3.44000 0.33000 -2.70000
f 7524 7525 7526
f 7524 7526 7527
usemtl Lemon
v 3.44000 0.33000 -2.70000
v 3.31199 0.33000 -2.47671
v 3.24990 0.11787 -2.54211
v 3.34042 0.11787 -2.70000
f 7528 7529 7530
f 7528 7530 7531
usemtl Lemon
v 3.34042 0.11787 -2.70000
v 3.24990 0.11787 -2.54211
v 3.10000 0.03000 -2.70000
f 7532 7533 7534
usemtl Lemon
v 3.10000 0.63000 -2.70000
v 3.04650 0.54213 -2.50311
v 3.24990 0.54213 -2.54211
f 7535 7536 7537
usemtl Lemon
v 3.24990 0.54213 -2.54211
v 3.04650 0.54213 -2.50311
v 3.02434 0.33000 -2.42156
v 3.31199 0.33000 -2.47671
f 7538 7539 7540
f 7538 7540 7541
usemtl Lemon
v 3.31199 0.33000 -2.47671
v 3.02434 0.33000 -2.42156
v 3.04650 0.11787 -2.50311
v 3.24990 0.11787 -2.54211
f 7542 7543 7544
f 7542 7544 7545
usemtl Lemon
v 3.24990 0.11787 -2.54211
v 3.04650 0.11787 -2.50311
v 3.10000 0.03000 -2.70000
f 7546 7547 7548
usemtl Lemon
v 3.10000 0.63000 -2.70000
v 2.88339 0.54213 -2.61238
v 3.04650 0.54213 -2.50311
f 7549 7550 7551
usemtl Lemon
v 3.04650 0.54213 -2.50311
v 2.88339 0.54213 -2.61238
v 2.79367 0.33000 -2.57608
v 3.02434 0.33000 -2.42156
f 7552 7553 7554
f 7552 7554 7555
usemtl Lemon
v 3.02434 0.33000 -2.42156
v 2.79367 0.33000 -2.57608
v 2.88339 0.11787 -2.61238
v 3.04650 0.11787 -2.50311
f 7556 7557 7558
f 7556 7558 7559
usemtl Lemon
v 3.04650 0.11787 -2.50311
v 2.88339 0.11787 -2.61238
v 3.10000 0.03000 -2.70000
f 7560 7561 7562
usemtl Lemon
v 3.10000 0.63000 -2.70000
v 2.88339 0.54213 -2.78762
v 2.88339 0.54213 -2.61238
f 7563 7564 7565
usemtl Lemon
v 2.88339 0.54213 -2.61238
v 2.88339 0.54213 -2.78762
v 2.79367 0.33000 -2.82392
v 2.79367 0.33000 -2.57608
f 7566 7567 7568
f 7566 7568 7569
usemtl Lemon
v 2.79367 0.33000 -2.57608
v 2.79367 0.33000 -2.82392
v 2.88339 0.11787 -2.78762
v 2.88339 0.11787 -2.61238
f 7570 7571 7572
f 7570 7572 7573
usemtl Lemon
v 2.88339 0.11787 -2.61238
v 2.88339 0.11787 -2.78762
v 3.10000 0.03000 -2.70000
f 7574 7575 7576
usemtl Lemon
v 3.10000 0.63000 -2.70000
v 3.04650 0.54213 -2.89689
v 2.88339 0.54213 -2.78762
f 7577 7578 7579
usemtl Lemon
v 2.88339 0.54213 -2.78762
v 3.04650 0.54213 -2.89689
v 3.02434 0.33000 -2.97844
v 2.79367 0.33000 -2.82392
f 7580 7581 7582
f 7580 7582 7583
usemtl Lemon
v 2.79367 0.33000 -2.82392
v 3.02434 0.33000 -2.97844
v 3.04650 0.11787 -2.89689
v 2.88339 0.11787 -2.78762
f 7584 7585 7586
f 7584 7586 7587
usemtl Lemon
v 2.88339 0.11787 -2.78762
v 3.04650 0.11787 -2.89689
v 3.10000 0.03000 -2.70000
f 7588 7589 7590
usemtl Lemon
v 3.10000 0.63000 -2.70000
v 3.24990 0.54213 -2.85789
v 3.04650 0.54213 -2.89689
f 7591 7592 7593
usemtl Lemon
v 3.04650 0.54213 -2.89689
v 3.24990 0.54213 -2.85789
v 3.31199 0.33000 -2.92329
v 3.02434 0.33000 -2.97844
f 7594 7595 7596
f 7594 7596 7597
usemtl Lemon
v 3.02434 0.33000 -2.97844
v 3.31199 0.33000 -2.92329
v 3.24990 0.11787 -2.85789
v 3.04650 0.11787 -2.89689
f 7598 7599 7600
f 7598 7600 7601
usemtl Lemon
v 3.04650 0.11787 -2.89689
v 3.24990 0.11787 -2.85789
v 3.10000 0.03000 -2.70000
f 7602 7603 7604
usemtl Lemon
v 3.10000 0.63000 -2.70000
v 3.34042 0.54213 -2.70000
v 3.24990 0.54213 -2.85789
f 7605 7606 7607
usemtl Lemon
v 3.24990 0.54213 -2.85789
v 3.34042 0.54213 -2.70000
v 3.44000 0.33000 -2.70000
v 3.31199 0.33000 -2.92329
f 7608 7609 7610
f 7608 7610 7611
usemtl Lemon
v 3.31199 0.33000 -2.92329
v 3.44000 0.33000 -2.70000
v 3.34042 0.11787 -2.70000
v 3.24990 0.11787 -2.85789
f 7612 7613 7614
f 7612 7614 7615
usemtl Lemon
v 3.24990 0.11787 -2.85789
v 3.34042 0.11787 -2.70000
v 3.10000 0.03000 -2.70000
f 7616 7617 7618
usemtl LemonLight
v 4.10000 0.63000 -1.20000
v 4.28958 0.54213 -1.00031
v 4.40406 0.54213 -1.20000
f 7619 7620 7621
usemtl LemonLight
v 4.40406 0.54213 -1.20000
v 4.28958 0.54213 -1.00031
v 4.36810 0.33000 -0.91760
v 4.53000 0.33000 -1.20000
f 7622 7623 7624
f 7622 7624 7625
usemtl LemonLight
v 4.53000 0.33000 -1.20000
v 4.36810 0.33000 -0.91760
v 4.28958 0.11787 -1.00031
v 4.40406 0.11787 -1.20000
f 7626 7627 7628
f 7626 7628 7629
usemtl LemonLight
v 4.40406 0.11787 -1.20000
v 4.28958 0.11787 -1.00031
v 4.10000 0.03000 -1.20000
f 7630 7631 7632
usemtl LemonLight
v 4.10000 0.63000 -1.20000
v 4.03234 0.54213 -0.95100
v 4.28958 0.54213 -1.00031
f 7633 7634 7635
usemtl LemonLight
v 4.28958 0.54213 -1.00031
v 4.03234 0.54213 -0.95100
v 4.00432 0.33000 -0.84786
v 4.36810 0.33000 -0.91760
f 7636 7637 7638
f 7636 7638 7639
usemtl LemonLight
v 4.36810 0.33000 -0.91760
v 4.00432 0.33000 -0.84786
v 4.03234 0.11787 -0.95100
v 4.28958 0.11787 -1.00031
f 7640 7641 7642
f 7640 7642 7643
usemtl LemonLight
v 4.28958 0.11787 -1.00031
v 4.03234 0.11787 -0.95100
v 4.10000 0.03000 -1.20000
f 7644 7645 7646
usemtl LemonLight
v 4.10000 0.63000 -1.20000
v 3.82606 0.54213 -1.08918
v 4.03234 0.54213 -0.95100
f 7647 7648 7649
usemtl LemonLight
v 4.03234 0.54213 -0.95100
v 3.82606 0.54213 -1.08918
v 3.71258 0.33000 -1.04328
v 4.00432 0.33000 -0.84786
f 7650 7651 7652
f 7650 7652 7653
usemtl LemonLight
v 4.00432 0.33000 -0.84786
v 3.71258 0.33000 -1.04328
v 3.82606 0.11787 -1.08918
v 4.03234 0.11787 -0.95100
f 7654 7655 7656
f 7654 7656 7657
usemtl LemonLight
v 4.03234 0.11787 -0.95100
v 3.82606 0.11787 -1.08918
v 4.10000 0.03000 -1.20000
f 7658 7659 7660
usemtl LemonLight
v 4.10000 0.63000 -1.20000
v 3.82606 0.54213 -1.31082
v 3.82606 0.54213 -1.08918
f 7661 7662 7663
usemtl LemonLight
v 3.82606 0.54213 -1.08918
v 3.82606 0.54213 -1.31082
v 3.71258 0.33000 -1.35672
v 3.71258 0.33000 -1.04328
f 7664 7665 7666
f 7664 7666 7667
usemtl LemonLight
v 3.71258 0.33000 -1.04328
v 3.71258 0.33000 -1.35672
v 3.82606 0.11787 -1.31082
v 3.82606 0.11787 -1.08918
f 7668 7669 7670
f 7668 7670 7671
usemtl LemonLight
v 3.82606 0.11787 -1.08918
v 3.82606 0.11787 -1.31082
v 4.10000 0.03000 -1.20000
f 7672 7673 7674
usemtl LemonLight
v 4.10000 0.63000 -1.20000
v 4.03234 0.54213 -1.44900
v 3.82606 0.54213 -1.31082
f 7675 7676 7677
usemtl LemonLight
v 3.82606 0.54213 -1.31082
v 4.03234 0.54213 -1.44900
v 4.00432 0.33000 -1.55214
v 3.71258 0.33000 -1.35672
f 7678 7679 7680
f 7678 7680 7681
usemtl LemonLight
v 3.71258 0.33000 -1.35672
v 4.00432 0.33000 -1.55214
v 4.03234 0.11787 -1.44900
v 3.82606 0.11787 -1.31082
f 7682 7683 7684
f 7682 7684 7685
usemtl LemonLight
v 3.82606 0.11787 -1.31082
v 4.03234 0.11787 -1.44900
v 4.10000 0.03000 -1.20000
f 7686 7687 7688
usemtl LemonLight
v 4.10000 0.63000 -1.20000
v 4.28958 0.54213 -1.39969
v 4.03234 0.54213 -1.44900
f 7689 7690 7691
usemtl LemonLight
v 4.03234 0.54213 -1.44900
v 4.28958 0.54213 -1.39969
v 4.36810 0.33000 -1.48240
v 4.00432 0.33000 -1.55214
f 7692 7693 7694
f 7692 7694 7695
usemtl LemonLight
v 4.00432 0.33000 -1.55214
v 4.36810 0.33000 -1.48240
v 4.28958 0.11787 -1.39969
v 4.03234 0.11787 -1.44900
f 7696 7697 7698
f 7696 7698 7699
usemtl LemonLight
v 4.03234 0.11787 -1.44900
v 4.28958 0.11787 -1.39969
v 4.10000 0.03000 -1.20000
f 7700 7701 7702
usemtl LemonLight
v 4.10000 0.63000 -1.20000
v 4.40406 0.54213 -1.20000
v 4.28958 0.54213 -1.39969
f 7703 7704 7705
usemtl LemonLight
v 4.28958 0.54213 -1.39969
v 4.40406 0.54213 -1.20000
v 4.53000 0.33000 -1.20000
v 4.36810 0.33000 -1.48240
f 7706 7707 7708
f 7706 7708 7709
usemtl LemonLight
v 4.36810 0.33000 -1.48240
v 4.53000 0.33000 -1.20000
v 4.40406 0.11787 -1.20000
v 4.28958 0.11787 -1.39969
f 7710 7711 7712
f 7710 7712 7713
usemtl LemonLight
v 4.28958 0.11787 -1.39969
v 4.40406 0.11787 -1.20000
v 4.10000 0.03000 -1.20000
f 7714 7715 7716
usemtl Lemon
v 4.60000 0.63000 1.20000
v 4.74549 0.54213 1.35325
v 4.83335 0.54213 1.20000
f 7717 7718 7719
usemtl Lemon
v 4.83335 0.54213 1.20000
v 4.74549 0.54213 1.35325
v 4.80575 0.33000 1.41672
v 4.93000 0.33000 1.20000
f 7720 7721 7722
f 7720 7722 7723
usemtl Lemon
v 4.93000 0.33000 1.20000
v 4.80575 0.33000 1.41672
v 4.74549 0.11787 1.35325
v 4.83335 0.11787 1.20000
f 7724 7725 7726
f 7724 7726 7727
usemtl Lemon
v 4.83335 0.11787 1.20000
v 4.74549 0.11787 1.35325
v 4.60000 0.03000 1.20000
f 7728 7729 7730
usemtl Lemon
v 4.60000 0.63000 1.20000
v 4.54808 0.54213 1.39110
v 4.74549 0.54213 1.35325
f 7731 7732 7733
usemtl Lemon
v 4.74549 0.54213 1.35325
v 4.54808 0.54213 1.39110
v 4.52657 0.33000 1.47025
v 4.80575 0.33000 1.41672
f 7734 7735 7736
f 7734 7736 7737
usemtl Lemon
v 4.80575 0.33000 1.41672
v 4.52657 0.33000 1.47025
v 4.54808 0.11787 1.39110
v 4.74549 0.11787 1.35325
f 7738 7739 7740
f 7738 7740 7741
usemtl Lemon
v 4.74549 0.11787 1.35325
v 4.54808 0.11787 1.39110
v 4.60000 0.03000 1.20000
f 7742 7743 7744
usemtl Lemon
v 4.60000 0.63000 1.20000
v 4.38976 0.54213 1.28505
v 4.54808 0.54213 1.39110
f 7745 7746 7747
usemtl Lemon
v 4.54808 0.54213 1.39110
v 4.38976 0.54213 1.28505
v 4.30268 0.33000 1.32027
v 4.52657 0.33000 1.47025
f 7748 7749 7750
f 7748 7750 7751
usemtl Lemon
v 4.52657 0.33000 1.47025
v 4.30268 0.33000 1.32027
v 4.38976 0.11787 1.28505
v 4.54808 0.11787 1.39110
f 7752 7753 7754
f 7752 7754 7755
usemtl Lemon
v 4.54808 0.11787 1.39110
v 4.38976 0.11787 1.28505
v 4.60000 0.03000 1.20000
f 7756 7757 7758
usemtl Lemon
v 4.60000 0.63000 1.20000
v 4.38976 0.54213 1.11495
v 4.38976 0.54213 1.28505
f 7759 7760 7761
usemtl Lemon
v 4.38976 0.54213 1.28505
v 4.38976 0.54213 1.11495
v 4.30268 0.33000 1.07973
v 4.30268 0.33000 1.32027
f 7762 7763 7764
f 7762 7764 7765
usemtl Lemon
v 4.30268 0.33000 1.32027
v 4.30268 0.33000 1.07973
v 4.38976 0.11787 1.11495
v 4.38976 0.11787 1.28505
f 7766 7767 7768
f 7766 7768 7769
usemtl Lemon
v 4.38976 0.11787 1.28505
v 4.38976 0.11787 1.11495
v 4.60000 0.03000 1.20000
f 7770 7771 7772
usemtl Lemon
v 4.60000 0.63000 1.20000
v 4.54808 0.54213 1.00890
v 4.38976 0.54213 1.11495
f 7773 7774 7775
usemtl Lemon
v 4.38976 0.54213 1.11495
v 4.54808 0.54213 1.00890
v 4.52657 0.33000 0.92975
v 4.30268 0.33000 1.07973
f 7776 7777 7778
f 7776 7778 7779
usemtl Lemon
v 4.30268 0.33000 1.07973
v 4.52657 0.33000 0.92975
v 4.54808 0.11787 1.00890
v 4.38976 0.11787 1.11495
f 7780 7781 7782
f 7780 7782 7783
usemtl Lemon
v 4.38976 0.11787 1.11495
v 4.54808 0.11787 1.00890
v 4.60000 0.03000 1.20000
f 7784 7785 7786
usemtl Lemon
v 4.60000 0.63000 1.20000
v 4.74549 0.54213 1.04675
v 4.54808 0.54213 1.00890
f 7787 7788 7789
usemtl Lemon
v 4.54808 0.54213 1.00890
v 4.74549 0.54213 1.04675
v 4.80575 0.33000 0.98328
v 4.52657 0.33000 0.92975
f 7790 7791 7792
f 7790 7792 7793
usemtl Lemon
v 4.52657 0.33000 0.92975
v 4.80575 0.33000 0.98328
v 4.74549 0.11787 1.04675
v 4.54808 0.11787 1.00890
f 7794 7795 7796
f 7794 7796 7797
usemtl Lemon
v 4.54808 0.11787 1.00890
v 4.74549 0.11787 1.04675
v 4.60000 0.03000 1.20000
f 7798 7799 7800
usemtl Lemon
v 4.60000 0.63000 1.20000
v 4.83335 0.54213 1.20000
v 4.74549 0.54213 1.04675
f 7801 7802 7803
usemtl Lemon
v 4.74549 0.54213 1.04675
v 4.83335 0.54213 1.20000
v 4.93000 0.33000 1.20000
v 4.80575 0.33000 0.98328
f 7804 7805 7806
f 7804 7806 7807
usemtl Lemon
v 4.80575 0.33000 0.98328
v 4.93000 0.33000 1.20000
v 4.83335 0.11787 1.20000
v 4.74549 0.11787 1.04675
f 7808 7809 7810
f 7808 7810 7811
usemtl Lemon
v 4.74549 0.11787 1.04675
v 4.83335 0.11787 1.20000
v 4.60000 0.03000 1.20000
f 7812 7813 7814
usemtl LemonLight
v -4.60000 0.63000 0.00000
v -4.48096 0.54213 0.12538
v -4.40908 0.54213 0.00000
f 7815 7816 7817
usemtl LemonLight
v -4.40908 0.54213 0.00000
v -4.48096 0.54213 0.12538
v -4.43166 0.33000 0.17732
v -4.33000 0.33000 0.00000
f 7818 7819 7820
f 7818 7820 7821
usemtl LemonLight
v -4.33000 0.33000 0.00000
v -4.43166 0.33000 0.17732
v -4.48096 0.11787 0.12538
v -4.40908 0.11787 0.00000
f 7822 7823 7824
f 7822 7824 7825
usemtl LemonLight
v -4.40908 0.11787 0.00000
v -4.48096 0.11787 0.12538
v -4.60000 0.03000 0.00000
f 7826 7827 7828
usemtl LemonLight
v -4.60000 0.63000 0.00000
v -4.64248 0.54213 0.15635
v -4.48096 0.54213 0.12538
f 7829 7830 7831
usemtl LemonLight
v -4.48096 0.54213 0.12538
v -4.64248 0.54213 0.15635
v -4.66008 0.33000 0.22111
v -4.43166 0.33000 0.17732
f 7832 7833 7834
f 7832 7834 7835
usemtl LemonLight
v -4.43166 0.33000 0.17732
v -4.66008 0.33000 0.22111
v -4.64248 0.11787 0.15635
v -4.48096 0.11787 0.12538
f 7836 7837 7838
f 7836 7838 7839
usemtl LemonLight
v -4.48096 0.11787 0.12538
v -4.64248 0.11787 0.15635
v -4.60000 0.03000 0.00000
f 7840 7841 7842
usemtl LemonLight
v -4.60000 0.63000 0.00000
v -4.77201 0.54213 0.06958
v -4.64248 0.54213 0.15635
f 7843 7844 7845
usemtl LemonLight
v -4.64248 0.54213 0.15635
v -4.77201 0.54213 0.06958
v -4.84326 0.33000 0.09840
v -4.66008 0.33000 0.22111
f 7846 7847 7848
f 7846 7848 7849
usemtl LemonLight
v -4.66008 0.33000 0.22111
v -4.84326 0.33000 0.09840
v -4.77201 0.11787 0.06958
v -4.64248 0.11787 0.15635
f 7850 7851 7852
f 7850 7852 7853
usemtl LemonLight
v -4.64248 0.11787 0.15635
v -4.77201 0.11787 0.06958
v -4.60000 0.03000 0.00000
f 7854 7855 7856
usemtl LemonLight
v -4.60000 0.63000 0.00000
v -4.77201 0.54213 -0.06958
v -4.77201 0.54213 0.06958
f 7857 7858 7859
usemtl LemonLight
v -4.77201 0.54213 0.06958
v -4.77201 0.54213 -0.06958
v -4.84326 0.33000 -0.09840
v -4.84326 0.33000 0.09840
f 7860 7861 7862
f 7860 7862 7863
usemtl LemonLight
v -4.84326 0.33000 0.09840
v -4.84326 0.33000 -0.09840
v -4.77201 0.11787 -0.06958
v -4.77201 0.11787 0.06958
f 7864 7865 7866
f 7864 7866 7867
usemtl LemonLight
v -4.77201 0.11787 0.06958
v -4.77201 0.11787 -0.06958
v -4.60000 0.03000 0.00000
f 7868 7869 7870
usemtl LemonLight
v -4.60000 0.63000 0.00000
v -4.64248 0.54213 -0.15635
v -4.77201 0.54213 -0.06958
f 7871 7872 7873
usemtl LemonLight
v -4.77201 0.54213 -0.06958
v -4.64248 0.54213 -0.15635
v -4.66008 0.33000 -0.22111
v -4.84326 0.33000 -0.09840
f 7874 7875 7876
f 7874 7876 7877
usemtl LemonLight
v -4.84326 0.33000 -0.09840
v -4.66008 0.33000 -0.22111
v -4.64248 0.11787 -0.15635
v -4.77201 0.11787 -0.06958
f 7878 7879 7880
f 7878 7880 7881
usemtl LemonLight
v -4.77201 0.11787 -0.06958
v -4.64248 0.11787 -0.15635
v -4.60000 0.03000 0.00000
f 7882 7883 7884
usemtl LemonLight
v -4.60000 0.63000 0.00000
v -4.48096 0.54213 -0.12538
v -4.64248 0.54213 -0.15635
f 7885 7886 7887
usemtl LemonLight
v -4.64248 0.54213 -0.15635
v -4.48096 0.54213 -0.12538
v -4.43166 0.33000 -0.17732
v -4.66008 0.33000 -0.22111
f 7888 7889 7890
f 7888 7890 7891
usemtl LemonLight
v -4.66008 0.33000 -0.22111
v -4.43166 0.33000 -0.17732
v -4.48096 0.11787 -0.12538
v -4.64248 0.11787 -0.15635
f 7892 7893 7894
f 7892 7894 7895
usemtl LemonLight
v -4.64248 0.11787 -0.15635
v -4.48096 0.11787 -0.12538
v -4.60000 0.03000 0.00000
f 7896 7897 7898
usemtl LemonLight
v -4.60000 0.63000 0.00000
v -4.40908 0.54213 0.00000
v -4.48096 0.54213 -0.12538
f 7899 7900 7901
usemtl LemonLight
v -4.48096 0.54213 -0.12538
v -4.40908 0.54213 0.00000
v -4.33000 0.33000 0.00000
v -4.43166 0.33000 -0.17732
f 7902 7903 7904
f 7902 7904 7905
usemtl LemonLight
v -4.43166 0.33000 -0.17732
v -4.33000 0.33000 0.00000
v -4.40908 0.11787 0.00000
v -4.48096 0.11787 -0.12538
f 7906 7907 7908
f 7906 7908 7909
usemtl LemonLight
v -4.48096 0.11787 -0.12538
v -4.40908 0.11787 0.00000
v -4.60000 0.03000 0.00000
f 7910 7911 7912
